post_id,title,permalink,edit_url,status,dead_images,live_images,suppressed_captions,bucket,sample_dead_url
67156,"Metallica WorldWired Tour with Avenged Sevenfold and Gojira",http://vancouverweekly-local.local/metallica-worldwired-tour-with-avenged-sevenfold-and-gojira58100-2/,http://vancouverweekly-local.local/wp-admin/post.php?post=67156&action=edit,publish,255,0,0,jig_noscript,https://web.archive.org/web/20170824200950im_/https://scontent.xx.fbcdn.net/v/t31.0-8/21013926_1286562204786389_1739881357882950138_o.jpg?oh=13bf323f72a53d682aeabbf3b40543a5&amp;oe=5A124D29
67792,"Photos: Punk in Drublic | PNE Amphitheatre | Vancouver",http://vancouverweekly-local.local/photos-punk-in-drublic-pne-amphitheatre-vancouver-66528-2/,http://vancouverweekly-local.local/wp-admin/post.php?post=67792&action=edit,publish,133,0,0,jig_noscript,https://web.archive.org/web/20190825001316im_/http://vancouverweekly-local.local/wp-content/uploads/2019/07/RLJ_7137-1024x684.jpg
67837,"Photos: Sunfest 2019 | Laketown Ranch",http://vancouverweekly-local.local/photos-sunfest-2019-laketown-ranch-67154-2/,http://vancouverweekly-local.local/wp-admin/post.php?post=67837&action=edit,publish,125,0,0,jig_noscript,https://web.archive.org/web/20190825005045im_/http://vancouverweekly-local.local/wp-content/uploads/2019/08/Washboard-Union-at-Sunfest-Aug.-2-2019-by-Tom-Paillé-2155-1024x683.jpg
67475,"Photo highlights of Rifflandia Music Festival 2017 in Victoria",http://vancouverweekly-local.local/photo-highlights-of-rifflandia-music-festival-2017-in-victoria58436-2/,http://vancouverweekly-local.local/wp-admin/post.php?post=67475&action=edit,publish,110,0,0,jig_noscript,https://web.archive.org/web/20171003145201im_/https://scontent.xx.fbcdn.net/v/t31.0-8/p960x960/21768773_1317482128361063_3916004923470892557_o.jpg?oh=e75742c1eec0b4a9a396c162dc83b86e&amp;oe=5A40E5C9
68924,"Weird Al | ‘Strings Attached Tour’ | Queen Elizabeth Theatre",http://vancouverweekly-local.local/weird-al-strings-attached-tour-queen-elizabeth-theatre-weird-al-strings-attached-tour-queen-elizabeth-theatre-photos-weird-al-strings-attached-tour-queen-elizabeth-theatre/,http://vancouverweekly-local.local/wp-admin/post.php?post=68924&action=edit,publish,103,0,0,jig_noscript,https://web.archive.org/web/20190921233919im_/http://vancouverweekly-local.local/wp-content/uploads/2019/08/RLJ_5140-1024x314.jpg
67891,"Photos: Truck Stop Concert Series 2019 | Red Truck Brewery",http://vancouverweekly-local.local/photos-truck-stop-concert-series-2019-red-truck-brewery-66773-2/,http://vancouverweekly-local.local/wp-admin/post.php?post=67891&action=edit,publish,101,0,0,jig_noscript,https://web.archive.org/web/20190825000926im_/http://vancouverweekly-local.local/wp-content/uploads/2019/07/RLJ_0262-1024x672.jpg
67570,"Photos: Dog Day Of Summer 2019 | Nat Bailey Stadium",http://vancouverweekly-local.local/photos-dog-day-of-summer-2019-nat-bailey-stadium-65989-2/,http://vancouverweekly-local.local/wp-admin/post.php?post=67570&action=edit,publish,95,0,0,jig_noscript,https://web.archive.org/web/20190722134831im_/http://vancouverweekly-local.local/wp-content/uploads/2019/06/RLJ_2489-1-1024x684.jpg
66382,"HELL YEAH & Nonpoint | A Celebration Of The Life Of Vinnie Paul at Imperial",http://vancouverweekly-local.local/hell-yeah-nonpoint-a-celebration-of-the-life-of-vinnie-paul-at-imperial-69436-2/,http://vancouverweekly-local.local/wp-admin/post.php?post=66382&action=edit,publish,85,0,0,jig_noscript,https://web.archive.org/web/20191214003358im_/http://vancouverweekly-local.local/wp-content/uploads/2019/12/RLJ_2475.jpg
67919,"Photos: YES with guest Todd Rundgren at The Queen Elizabeth Theatre in Vancouver",http://vancouverweekly-local.local/photos-yes-with-guest-todd-rundgren-at-the-queen-elizabeth-theatre-in-vancouver58236-2/,http://vancouverweekly-local.local/wp-admin/post.php?post=67919&action=edit,publish,85,0,0,jig_noscript,https://web.archive.org/web/20170916235221im_/https://scontent.xx.fbcdn.net/v/t31.0-8/21743554_1305503382892271_8531673579483164877_o.jpg?oh=bf35b7decbc1e92bd5cc4d008286a740&amp;oe=5A417B9E
67505,"Photos: Back Street Boys : DNA World Tour 2019 | Rogers Arena",http://vancouverweekly-local.local/photos-back-street-boys-dna-world-tour-2019-rogers-arena-66862-2/,http://vancouverweekly-local.local/wp-admin/post.php?post=67505&action=edit,publish,85,0,0,jig_noscript,https://web.archive.org/web/20190807101749im_/http://vancouverweekly-local.local/wp-content/uploads/2019/07/RLJ_1817_1-1024x684.jpg
67892,"Photos: Truck Stop Concert Series at Red Truck Brewery with Lee Fields & guests",http://vancouverweekly-local.local/photos-truck-stop-concert-series-at-red-truck-brewery-with-lee-fields-guests58091-2/,http://vancouverweekly-local.local/wp-admin/post.php?post=67892&action=edit,publish,81,0,0,jig_noscript,https://web.archive.org/web/20170824201019im_/https://scontent.xx.fbcdn.net/v/t31.0-8/20901498_1286545088121434_4846270384989671655_o.jpg?oh=1e8aebf367b1049b983b890249f81916&amp;oe=5A297E91
67589,"Photos: Gogol Bordello @ The Commodore Ballroom",http://vancouverweekly-local.local/photos-gogol-bordello-the-commodore-ballroom-60096-2/,http://vancouverweekly-local.local/wp-admin/post.php?post=67589&action=edit,publish,78,0,0,jig_noscript,https://web.archive.org/web/20180226084311im_/https://scontent.xx.fbcdn.net/v/t1.0-9/27973252_1448798378562770_6407892056479837449_n.jpg?oh=65c0b39becf57e287d8ee58b956bf9e7&amp;oe=5B4D4CB6
67786,"Photos: Pink “Beutiful Truama” Tour 2019 | Rogers Arena",http://vancouverweekly-local.local/photos-pink-beutiful-truama-tour-2019-rogers-arena-64161-2/,http://vancouverweekly-local.local/wp-admin/post.php?post=67786&action=edit,publish,78,0,0,jig_noscript,https://web.archive.org/web/20191018172141im_/http://vancouverweekly-local.local/wp-content/uploads/2019/04/RLJ_8090-1024x684.jpg
67848,"Photos: The Chainsmokers | World War Joy Tour 2019 | Rogers Arena",http://vancouverweekly-local.local/photos-the-chainsmokers-world-war-joy-tour-2019-rogers-arena-69340-2/,http://vancouverweekly-local.local/wp-admin/post.php?post=67848&action=edit,publish,77,0,0,jig_noscript,https://web.archive.org/web/20191214005028im_/http://vancouverweekly-local.local/wp-content/uploads/2019/12/RLJ_0016.jpg
67711,"Photos of July Talk at Malkin Bowl in Stanley Park",http://vancouverweekly-local.local/photos-of-july-talk-at-malkin-bowl-in-stanley-park58397-2/,http://vancouverweekly-local.local/wp-admin/post.php?post=67711&action=edit,publish,74,0,0,jig_noscript,https://web.archive.org/web/20170924205025im_/https://scontent.xx.fbcdn.net/v/t31.0-8/21640955_1312926028816673_9135007869037430948_o.jpg?oh=156eea647933ac5b7d8297bef1a5e5a8&amp;oe=5A444ED9
67534,"Photos: Carrie Underwood with Runaway June and Maddie & Tae | Rogers Arena",http://vancouverweekly-local.local/photos-carrie-underwood-with-runaway-june-and-maddie-tae-rogers-arena-65305-2/,http://vancouverweekly-local.local/wp-admin/post.php?post=67534&action=edit,publish,71,0,0,jig_noscript,https://web.archive.org/web/20190826065655im_/http://vancouverweekly-local.local/wp-content/uploads/2019/05/RLJ_6252-1-1024x683.jpg
68912,"WE Day Vancouver | Rogers Arena",http://vancouverweekly-local.local/we-day-vancouver-rogers-arena-68796-2/,http://vancouverweekly-local.local/wp-admin/post.php?post=68912&action=edit,publish,68,0,0,jig_noscript,https://web.archive.org/web/20191207090809im_/http://vancouverweekly-local.local/wp-content/uploads/2019/11/RLJ_4693.jpg
67800,"Photos: Richmond Wold Festival 2019 | Minoru Park",http://vancouverweekly-local.local/photos-richmond-wold-festival-2019-minoru-park-67492-2/,http://vancouverweekly-local.local/wp-admin/post.php?post=67800&action=edit,publish,68,0,0,jig_noscript,https://web.archive.org/web/20190904213453im_/http://vancouverweekly-local.local/wp-content/uploads/2019/09/Bedouin_Soundclash_01-1024x684.jpg
67843,"Photos: The Beaches “The Professional Tour 2020” at The Commodore",http://vancouverweekly-local.local/photos-the-beaches-the-professional-tour-2020-at-the-commodore-70022-2/,http://vancouverweekly-local.local/wp-admin/post.php?post=67843&action=edit,publish,66,0,0,jig_noscript,https://web.archive.org/web/20200815190905im_/http://vancouverweekly-local.local/wp-content/uploads/2020/02/RLJ_3506.jpg
67652,"Photos: Metric with July Talk | Art Of Doubt Tour 2019",http://vancouverweekly-local.local/photos-metric-with-july-talk-art-of-doubt-tour-2019-64582-2/,http://vancouverweekly-local.local/wp-admin/post.php?post=67652&action=edit,publish,66,0,0,jig_noscript,https://web.archive.org/web/20190718002450im_/http://vancouverweekly-local.local/wp-content/uploads/2019/04/RLJ_5684-1024x690.jpg
67840,"Photos: Testament with special guests Sepultura at The Commodore",http://vancouverweekly-local.local/photos-testament-with-special-guests-sepultura-at-the-commodore57603-2/,http://vancouverweekly-local.local/wp-admin/post.php?post=67840&action=edit,publish,65,0,0,jig_noscript,https://web.archive.org/web/20170618004749im_/https://scontent.xx.fbcdn.net/v/t31.0-8/18527314_1202151396560804_8838488339219204735_o.jpg?oh=caa459d76a8ab6a46383593a557e9a67&amp;oe=59DA772D
67799,"Photos: Revolver Presents: Avatar Country World Tour 2019",http://vancouverweekly-local.local/photos-revolver-presents-avatar-country-world-tour-2019-65696-2/,http://vancouverweekly-local.local/wp-admin/post.php?post=67799&action=edit,publish,62,0,0,jig_noscript,https://web.archive.org/web/20190821033035im_/http://vancouverweekly-local.local/wp-content/uploads/2019/06/RLJ_9857-1024x614.jpg
67487,"Photos: ALEXISONFIRE with The Distillers | Pacific Coliseum",http://vancouverweekly-local.local/photos-alexisonfire-with-the-distillers-pacific-coliseum-69808-2/,http://vancouverweekly-local.local/wp-admin/post.php?post=67487&action=edit,publish,61,0,0,jig_noscript,https://web.archive.org/web/20200814083432im_/http://vancouverweekly-local.local/wp-content/uploads/2020/01/RLJ_8346.jpg
67633,"Photos: King Diamond | Queen Elizabeth Theatre",http://vancouverweekly-local.local/photos-king-diamond-queen-elizabeth-theatre-69132-2/,http://vancouverweekly-local.local/wp-admin/post.php?post=67633&action=edit,publish,59,0,0,jig_noscript,https://web.archive.org/web/20191207085115im_/http://vancouverweekly-local.local/wp-content/uploads/2019/12/RLJ_7752-760x1024.jpg
67913,"Photos: Within Temptation & In Flames | Vogue",http://vancouverweekly-local.local/photos-within-temptation-in-flames-vogue-63601-2/,http://vancouverweekly-local.local/wp-admin/post.php?post=67913&action=edit,publish,55,0,0,jig_noscript,https://web.archive.org/web/20190719074659im_/http://vancouverweekly-local.local/wp-content/uploads/2019/03/RLJ_5020.jpg
65893,"CHON & Between The Buried and Me | Commodore",http://vancouverweekly-local.local/chon-between-the-buried-and-me-commodore-69040-2/,http://vancouverweekly-local.local/wp-admin/post.php?post=65893&action=edit,publish,54,0,0,jig_noscript,https://web.archive.org/web/20191207104003im_/http://vancouverweekly-local.local/wp-content/uploads/2019/11/RLJ_1629.jpg
65491,"A Wild Weekend in the Bass Coast Desert",http://vancouverweekly-local.local/a-wild-weekend-in-the-bass-coast-desert-66867-2/,http://vancouverweekly-local.local/wp-admin/post.php?post=65491&action=edit,publish,53,0,51,image_free,https://web.archive.org/web/20190807103332im_/http://vancouverweekly-local.local/wp-content/uploads/2019/07/B11A9681-2.jpg
67845,"Photos: The Black Keys | 2019 Globe World Tour | Rogers Arena",http://vancouverweekly-local.local/photos-the-black-keys-2019-globe-world-tour-rogers-arena-69044-2/,http://vancouverweekly-local.local/wp-admin/post.php?post=67845&action=edit,publish,51,0,0,jig_noscript,https://web.archive.org/web/20191207085252im_/http://vancouverweekly-local.local/wp-content/uploads/2019/11/RLJ_6850-1024x684.jpg
67760,"Photos of The Vancouver Folk Festival opening night",http://vancouverweekly-local.local/photos-of-the-vancouver-folk-festival-opening-night-57851-2/,http://vancouverweekly-local.local/wp-admin/post.php?post=67760&action=edit,publish,49,0,0,jig_noscript,https://web.archive.org/web/20170719062522im_/https://scontent.xx.fbcdn.net/v/t31.0-8/19787349_1252795148163095_352410671678046639_o.jpg?oh=1bd8ff1dd3d1415db339eb5ea76819f9&amp;oe=5A0EDB94
67536,"Photos: Cher | Here We Go Again Tour | Rogers Arena",http://vancouverweekly-local.local/photos-cher-here-we-go-again-tour-rogers-arena-65467-2/,http://vancouverweekly-local.local/wp-admin/post.php?post=67536&action=edit,publish,49,0,0,jig_noscript,https://web.archive.org/web/20190824075635im_/http://vancouverweekly-local.local/wp-content/uploads/2019/06/RLJ_7369-1024x593.jpg
67544,"Photos: Collective Soul @ The Commodore Ballroom",http://vancouverweekly-local.local/photos-collective-soul-the-commodore-ballroom61069-2/,http://vancouverweekly-local.local/wp-admin/post.php?post=67544&action=edit,publish,48,0,0,jig_noscript,https://web.archive.org/web/20180709093027im_/https://scontent.xx.fbcdn.net/v/t1.0-9/36379758_1578065578969382_7013042335730630656_o.jpg?_nc_cat=0&amp;oh=9dd6578811302c793580cf2ac2124899&amp;oe=5BDFAFD8
67830,"Photos: Snoop Dogg & Friends Tour 2019 | Rogers Arena",http://vancouverweekly-local.local/photos-snoop-dogg-friends-tour-2019-rogers-arena-63244-2/,http://vancouverweekly-local.local/wp-admin/post.php?post=67830&action=edit,publish,48,0,0,jig_noscript,https://web.archive.org/web/20190826103927im_/http://vancouverweekly-local.local/wp-content/uploads/2019/02/RLJ_2401.jpg
68672,"Tom Morello | THE ATLAS UNDERGROUND LIVE | Commodore",http://vancouverweekly-local.local/tom-morello-the-atlas-underground-live-commodore-68451-2/,http://vancouverweekly-local.local/wp-admin/post.php?post=68672&action=edit,publish,46,0,0,jig_noscript,https://web.archive.org/web/20191207085231im_/http://vancouverweekly-local.local/wp-content/uploads/2019/11/RLJ_7314-1024x602.jpg
67817,"Photos: ShoCore with The Rubes | Rickshaw Theatre",http://vancouverweekly-local.local/photos-shocore-with-the-rubes-rickshaw-theatre-69717-2/,http://vancouverweekly-local.local/wp-admin/post.php?post=67817&action=edit,publish,46,0,0,jig_noscript,https://web.archive.org/web/20200806162804im_/http://vancouverweekly-local.local/wp-content/uploads/2020/01/RLJ_5682-1.jpg
67524,"Photos: Brad Paisley | Abbotsford Centre",http://vancouverweekly-local.local/photos-brad-paisley-abbotsford-centre-70391-2/,http://vancouverweekly-local.local/wp-admin/post.php?post=67524&action=edit,publish,46,0,0,jig_noscript,https://web.archive.org/web/20200422162457im_/http://vancouverweekly-local.local/wp-content/uploads/2020/03/Brad-Paisley-at-the-AEC-Mar-7-2020-by-Tom-Paillé-1-1024x683.jpg
67567,"Photos: Devastation on the Nation Tour and Belphegor",http://vancouverweekly-local.local/photos-devastation-on-the-nation-tour-and-belphegor-65115-2/,http://vancouverweekly-local.local/wp-admin/post.php?post=67567&action=edit,publish,45,0,0,jig_noscript,https://web.archive.org/web/20190826080537im_/http://vancouverweekly-local.local/wp-content/uploads/2019/05/IMG_5275-1024x683.jpg
67895,"Photos: Twenty One Pilots: Bandito Tour | Rogers Arena",http://vancouverweekly-local.local/photos-twenty-one-pilots-bandito-tour-rogers-arena-64919-2/,http://vancouverweekly-local.local/wp-admin/post.php?post=67895&action=edit,publish,45,0,0,jig_noscript,https://web.archive.org/web/20190723183742im_/http://vancouverweekly-local.local/wp-content/uploads/2019/05/RLJ_0416-684x1024.jpg
67520,"Photos: Black Label Society | Vogue Theatre",http://vancouverweekly-local.local/photos-black-label-society-vogue-theatre-70315-2/,http://vancouverweekly-local.local/wp-admin/post.php?post=67520&action=edit,publish,43,0,0,jig_noscript,https://web.archive.org/web/20200928030827im_/http://vancouverweekly-local.local/wp-content/uploads/2020/03/RLJ_5478-Copy-e1583508507402.jpg
67793,"Photos: Queen with Adam Lambert:  The Rhapsody Tour | Rogers Arena",http://vancouverweekly-local.local/photos-queen-with-adam-lambert-the-rhapsody-tour-rogers-arena-66297-2/,http://vancouverweekly-local.local/wp-admin/post.php?post=67793&action=edit,publish,43,0,0,jig_noscript,https://web.archive.org/web/20190713233106im_/http://vancouverweekly-local.local/wp-content/uploads/2019/07/RLJ_5977-1024x644.jpg
67480,"Photos: A Bowie Celebration: The David Bowie Alumni Tour",http://vancouverweekly-local.local/photos-a-bowie-celebration-the-david-bowie-alumni-tour-63154-2/,http://vancouverweekly-local.local/wp-admin/post.php?post=67480&action=edit,publish,42,0,0,jig_noscript,https://web.archive.org/web/20190723172930im_/http://vancouverweekly-local.local/wp-content/uploads/2019/02/RLJ_8803_1-2.jpg
67543,"Photos: Colin James | Orpheum",http://vancouverweekly-local.local/photos-colin-james-orpheum-63792-2/,http://vancouverweekly-local.local/wp-admin/post.php?post=67543&action=edit,publish,42,0,0,jig_noscript,https://web.archive.org/web/20190327173805im_/http://vancouverweekly-local.local/wp-content/uploads/2019/03/RLJ_6197-1-1024x684.jpg
67600,"Photos: Ice Age | Black Lips | Surfbort @ The Rickshaw Theatre",http://vancouverweekly-local.local/photos-ice-age-black-lips-surfbort-the-rickshaw-theatre-62175-2/,http://vancouverweekly-local.local/wp-admin/post.php?post=67600&action=edit,publish,42,0,0,jig_noscript,https://web.archive.org/web/20181123030031im_/https://scontent.xx.fbcdn.net/v/t1.0-9/45713006_1760491807393424_2785083470215380992_o.jpg?_nc_cat=109&amp;_nc_ht=scontent.xx&amp;oh=07f0b7147b5b09b0eb165f9a43ddf770&amp;oe=5C6F0487
67619,"Photos: JINJER | The Rickshaw Theatre",http://vancouverweekly-local.local/photos-jinjer-the-rickshaw-theatre-68276-2/,http://vancouverweekly-local.local/wp-admin/post.php?post=67619&action=edit,publish,42,0,0,jig_noscript,https://web.archive.org/web/20191113051209im_/http://vancouverweekly-local.local/wp-content/uploads/2019/11/RLJ_6605-e1572912492208.jpg
67804,"Photos: Rob Zombie + Marilyn Manson | ‘Twins of Evil Tour’ | Rogers Arena",http://vancouverweekly-local.local/photos-rob-zombie-marilyn-manson-twins-of-evil-tour-rogers-arena-photos-rob-zombie-marilyn-manson-twins-of-evil-tour-rogers-arena/,http://vancouverweekly-local.local/wp-admin/post.php?post=67804&action=edit,publish,42,0,0,jig_noscript,https://web.archive.org/web/20190807101839im_/http://vancouverweekly-local.local/wp-content/uploads/2019/08/1N3A8000-683x1024.jpg
67778,"Photos: Our Lady Peace & Mathew Good @ The Abbotsford Centre",http://vancouverweekly-local.local/photos-our-lady-peace-mathew-good-the-abbotsford-centre60417-2/,http://vancouverweekly-local.local/wp-admin/post.php?post=67778&action=edit,publish,41,0,0,jig_noscript,https://web.archive.org/web/20180409121836im_/https://scontent.xx.fbcdn.net/v/t31.0-8/29871865_1489006064542001_5954515758635207372_o.jpg?_nc_cat=0&amp;oh=e7e415f535e21bfa2dee5146fdf5c2f1&amp;oe=5B276210
66854,"Photos: King Princess | Queen Elizabeth Theatre",http://vancouverweekly-local.local/justified_image_grid-preset3-row_height400-height_deviatiojustified_image_grid-preset3-row_height400-height_deviation400-quality100-limit0-rml_id136-photos-king-princess-queen-elizabeth-the/,http://vancouverweekly-local.local/wp-admin/post.php?post=66854&action=edit,publish,40,0,0,jig_noscript,https://web.archive.org/web/20200814113622im_/http://vancouverweekly-local.local/wp-content/uploads/2020/01/RLJ_5556-WEB.jpg
67539,"Photos: City and Colour | Pacific Coliseum",http://vancouverweekly-local.local/photos-city-in-colour-pacific-coliseum-68541-2/,http://vancouverweekly-local.local/wp-admin/post.php?post=67539&action=edit,publish,40,0,0,jig_noscript,https://web.archive.org/web/20191207095001im_/http://vancouverweekly-local.local/wp-content/uploads/2019/11/RLJ_0849.jpg
67658,"Photos: Moist “Silver” 25th Anniversary Tour | Commodore",http://vancouverweekly-local.local/photos-moist-silver-25th-anniversary-tour-commodore-67360-2/,http://vancouverweekly-local.local/wp-admin/post.php?post=67658&action=edit,publish,40,0,0,jig_noscript,https://web.archive.org/web/20190904220536im_/http://vancouverweekly-local.local/wp-content/uploads/2019/08/RLJ_7615-WEB-1024x684.jpg
67810,"Photos: Said The Whale with The Beaches | Malkin Bowl",http://vancouverweekly-local.local/photos-said-the-whale-with-the-beaches-malkin-bowl-67580-2/,http://vancouverweekly-local.local/wp-admin/post.php?post=67810&action=edit,publish,40,0,0,jig_noscript,https://web.archive.org/web/20191022140313im_/http://vancouverweekly-local.local/wp-content/uploads/2019/09/RLJ_2483.jpg
67876,"Photos: The Tea Party | Commodore Ballroom",http://vancouverweekly-local.local/photos-the-tea-party-commodore-ballroom-64857-2/,http://vancouverweekly-local.local/wp-admin/post.php?post=67876&action=edit,publish,40,0,0,jig_noscript,https://web.archive.org/web/20190723181439im_/http://vancouverweekly-local.local/wp-content/uploads/2019/05/RLJ_9961-1-684x1024.jpg
67783,"Photos: Paul McCartney ‘Freshen Up Tour’ |  B.C. Place",http://vancouverweekly-local.local/photos-paul-mccartney-freshen-up-tour-b-c-place-66239-2/,http://vancouverweekly-local.local/wp-admin/post.php?post=67783&action=edit,publish,39,0,0,jig_noscript,https://web.archive.org/web/20190722144107im_/http://vancouverweekly-local.local/wp-content/uploads/2019/07/RLJ_5271-1024x706.jpg
67808,"Photos: RY X with Charlie Cunningham | Rio Theatre",http://vancouverweekly-local.local/photos-ry-x-with-charlie-cunningham-rio-theatre-64037-2/,http://vancouverweekly-local.local/wp-admin/post.php?post=67808&action=edit,publish,39,0,0,jig_noscript,https://web.archive.org/web/20190407232142im_/http://vancouverweekly-local.local/wp-content/uploads/2019/04/RLJ_7236.jpg
67518,"Photos: Bishop Briggs | Commodore Ballroom",http://vancouverweekly-local.local/photos-bishop-briggs-commodore-ballroom-68367-2/,http://vancouverweekly-local.local/wp-admin/post.php?post=67518&action=edit,publish,39,0,0,jig_noscript,https://web.archive.org/web/20191113045925im_/http://vancouverweekly-local.local/wp-content/uploads/2019/11/DSC_6650-684x1024.jpg
67571,"Photos: Doug and The Slugs | 41st Anniversary Show | Commodore",http://vancouverweekly-local.local/photos-doug-and-the-slugs-41st-anniversary-show-commodore-70251-2/,http://vancouverweekly-local.local/wp-admin/post.php?post=67571&action=edit,publish,39,0,0,jig_noscript,https://web.archive.org/web/20200928031227im_/http://vancouverweekly-local.local/wp-content/uploads/2020/03/Doug-and-the-Slugs-1630.jpg
67555,"Photos: Daniel Wesley | Commodore Ballroom",http://vancouverweekly-local.local/photos-daniel-wesley-commodore-ballroom-66053-2/,http://vancouverweekly-local.local/wp-admin/post.php?post=67555&action=edit,publish,38,0,0,jig_noscript,https://web.archive.org/web/20190722140403im_/http://vancouverweekly-local.local/wp-content/uploads/2019/06/RLJ_3745.jpg
67636,"Photos: L7 | Scatter the Rats Tour | Commodore",http://vancouverweekly-local.local/photos-l7-scatter-the-rats-tour-commodore-65839-2/,http://vancouverweekly-local.local/wp-admin/post.php?post=67636&action=edit,publish,38,0,0,jig_noscript,https://web.archive.org/web/20190722020255im_/http://vancouverweekly-local.local/wp-content/uploads/2019/06/1N3A6154-1-cover-1024x683.jpg
67665,"Photos: Nick Mason’s Saucerful Of Secrets | Queen Elizabeth Theatre",http://vancouverweekly-local.local/photos-nick-masons-saucerful-of-secrets-queen-elizabeth-theatre-63449-2/,http://vancouverweekly-local.local/wp-admin/post.php?post=67665&action=edit,publish,38,0,0,jig_noscript,https://web.archive.org/web/20190721210600im_/http://vancouverweekly-local.local/wp-content/uploads/2019/03/DSC_2986-2-1024x683.jpg
67811,"Photos: Santana : Divination Tour 2018 @ Abbotsford Centre",http://vancouverweekly-local.local/photos-santana-divination-tour-2018-abbotsford-centre-60288-2/,http://vancouverweekly-local.local/wp-admin/post.php?post=67811&action=edit,publish,38,0,0,jig_noscript,https://web.archive.org/web/20180317095049im_/https://scontent.xx.fbcdn.net/v/t1.0-9/29102136_1468050453304229_7975829546563796992_o.jpg?oh=f9a9c5807568dbc996b35166c972dd5d&amp;oe=5B46B864
67517,"Photos: Billie Eilish | ‘When We All Fall Asleep’ Tour | PNE Amphitheatre",http://vancouverweekly-local.local/photos-billie-eilish-when-we-all-fall-asleep-tour-pne-amphitheatre-65533-2/,http://vancouverweekly-local.local/wp-admin/post.php?post=67517&action=edit,publish,38,0,0,jig_noscript,https://web.archive.org/web/20190916065852im_/http://vancouverweekly-local.local/wp-content/uploads/2019/06/RLJ_7785-1024x611.jpg
67860,"Photos: The Interrupters | Commodore Ballroom",http://vancouverweekly-local.local/photos-the-interrupters-commodore-ballroom/,http://vancouverweekly-local.local/wp-admin/post.php?post=67860&action=edit,publish,38,0,0,jig_noscript,https://web.archive.org/web/20190424231113im_/http://vancouverweekly-local.local/wp-content/uploads/2019/04/RLJ_0076-1024x684.jpg
67627,"Photos: Judas Priest | Firepower Tour 2019 | Abbotsford Centre",http://vancouverweekly-local.local/photos-judas-priest-firepower-tour-2019-abbotsford-centre-65885-2/,http://vancouverweekly-local.local/wp-admin/post.php?post=67627&action=edit,publish,38,0,0,jig_noscript,https://web.archive.org/web/20190722144331im_/http://vancouverweekly-local.local/wp-content/uploads/2019/06/DSC_2653-2-1024x684.jpg
66856,"Justin Timberlake is easy lovin’ on Valentine’s Day",http://vancouverweekly-local.local/justin-timberlake-is-easy-lovin-on-valentines-day-63047-2/,http://vancouverweekly-local.local/wp-admin/post.php?post=66856&action=edit,publish,38,0,1,jig_noscript,https://web.archive.org/web/20190718012741im_/http://vancouverweekly-local.local/wp-content/uploads/2019/02/RLJ_8727-1-1.jpg
67565,"Photos: Demons & Wizards | Commodore Ballroom",http://vancouverweekly-local.local/photos-demons-wizards-commodore-ballroom-67315-2/,http://vancouverweekly-local.local/wp-admin/post.php?post=67565&action=edit,publish,38,0,0,jig_noscript,https://web.archive.org/web/20190921233122im_/http://vancouverweekly-local.local/wp-content/uploads/2019/08/Demons-and-Wizards-9242-1024x684.jpg
67609,"Photos:  Jack Johnson / Festival Lawn at Deer Lake Park",http://vancouverweekly-local.local/photos-jack-johnson-festival-lawn-at-deer-lake-park57929-2/,http://vancouverweekly-local.local/wp-admin/post.php?post=67609&action=edit,publish,36,0,0,jig_noscript,https://web.archive.org/web/20170730034938im_/https://scontent.xx.fbcdn.net/v/t31.0-8/20247580_1261727777269832_7311595446497227908_o.jpg?oh=89c30bcf82ae42f88602014e29360e91&amp;oe=5A312797
67560,"Photos: Death Cab For Cutie | Malkin Bowl",http://vancouverweekly-local.local/photos-death-cab-for-cutie-malkin-bowl-67576-2/,http://vancouverweekly-local.local/wp-admin/post.php?post=67560&action=edit,publish,36,0,0,jig_noscript,https://web.archive.org/web/20190921235718im_/http://vancouverweekly-local.local/wp-content/uploads/2019/09/RLJ_1094-1024x684.jpg
67788,"Photos: Platinum Blonde | The Commodore Ballroom",http://vancouverweekly-local.local/photos-platinum-blonde-the-commodore-ballroom-70170-2/,http://vancouverweekly-local.local/wp-admin/post.php?post=67788&action=edit,publish,36,0,0,jig_noscript,https://web.archive.org/web/20200928023557im_/http://vancouverweekly-local.local/wp-content/uploads/2020/02/RLJ_4021.jpg
67795,"Photos: Queens Of The Stone Age / Villains World Tour @ The Pacific Coliseum",http://vancouverweekly-local.local/photos-queens-of-the-stone-age-villains-world-tour-the-pacific-coliseum59808-2/,http://vancouverweekly-local.local/wp-admin/post.php?post=67795&action=edit,publish,35,0,0,jig_noscript,https://web.archive.org/web/20180202150408im_/https://scontent.xx.fbcdn.net/v/t31.0-8/27023913_1426638314112110_1209146613294571061_o.jpg?oh=b0360d4819406c3875a0ec0300ac9934&amp;oe=5B20DF7A
67494,"Photos: An Evening with MICHAEL BUBLÉ | Rogers Arena",http://vancouverweekly-local.local/photos-an-evening-with-michael-buble-rogers-arena-photos-michael-buble-rogers-arena/,http://vancouverweekly-local.local/wp-admin/post.php?post=67494&action=edit,publish,35,0,0,jig_noscript,https://web.archive.org/web/20190822100514im_/http://vancouverweekly-local.local/wp-content/uploads/2019/04/RLJ_3247-1024x683.jpg
67510,"Photos: Beast Coast: Joey Bada$$ + Flatbush Zombies | PNE Forum",http://vancouverweekly-local.local/photos-beast-coast-joey-bada-flatbush-zombies-pne-forum-66777-2/,http://vancouverweekly-local.local/wp-admin/post.php?post=67510&action=edit,publish,35,0,0,jig_noscript,https://web.archive.org/web/20190807084701im_/http://vancouverweekly-local.local/wp-content/uploads/2019/07/DSC_3263-1024x684.jpg
67559,"Photos: Death Angel with Exmortus and Hellfire | Rickshaw",http://vancouverweekly-local.local/photos-death-angel-with-exmortus-and-hellfire-rickshaw-68838-2/,http://vancouverweekly-local.local/wp-admin/post.php?post=67559&action=edit,publish,35,0,0,jig_noscript,https://web.archive.org/web/20191207085610im_/http://vancouverweekly-local.local/wp-content/uploads/2019/11/IMG_7338-1024x704.jpg
67486,"Photos: Alessia Cara | “Pains of Growing” Tour",http://vancouverweekly-local.local/photos-alessia-cara-pains-of-growing-tour-photos-alessia-cara-pains-of-growing-tour/,http://vancouverweekly-local.local/wp-admin/post.php?post=67486&action=edit,publish,34,0,0,jig_noscript,https://web.archive.org/web/20190826074530im_/http://vancouverweekly-local.local/wp-content/uploads/2019/05/RLJ_6460-1024x616.jpg
67912,"Photos: Weezer & Pixies | Rogers Arena",http://vancouverweekly-local.local/photos-weezer-pixies-rogers-arena-64235-2/,http://vancouverweekly-local.local/wp-admin/post.php?post=67912&action=edit,publish,34,0,0,jig_noscript,https://web.archive.org/web/20191208232038im_/http://vancouverweekly-local.local/wp-content/uploads/2019/04/RLJ_8784-1024x683.jpg
67485,"Photos: Alan Doyle | Queen Elizabeth Theatre",http://vancouverweekly-local.local/photos-alan-doyle-queen-elizabeth-theatre-70428-2/,http://vancouverweekly-local.local/wp-admin/post.php?post=67485&action=edit,publish,34,0,0,jig_noscript,https://web.archive.org/web/20200422175923im_/http://vancouverweekly-local.local/wp-content/uploads/2020/03/Alan-Doyle-at-the-Queen-Elizabeth-Theatre-Mar.-8-2020-by-Tom-Paillé-1-683x1024.jpg
67796,"Photos: Rascal Flatts “Forever Summer Playlist Tour” | Abbotsford Centre",http://vancouverweekly-local.local/photos-rascal-flatts-forever-summer-playlist-tour-abbotsford-centre-68327-2/,http://vancouverweekly-local.local/wp-admin/post.php?post=67796&action=edit,publish,34,0,0,jig_noscript,https://web.archive.org/web/20191113044734im_/http://vancouverweekly-local.local/wp-content/uploads/2019/11/Rascall-Flatts-5184-1024x684.jpg
67905,"Photos: Vancouver Folk Music Festival – Day 3",http://vancouverweekly-local.local/photos-vancouver-folk-music-festival-day-3-61231-2/,http://vancouverweekly-local.local/wp-admin/post.php?post=67905&action=edit,publish,32,0,0,jig_noscript,https://web.archive.org/web/20180725141402im_/https://scontent.xx.fbcdn.net/v/t1.0-9/37258197_1604364829672790_374754498079358976_o.jpg?_nc_cat=0&amp;oh=48a98d636be7476bf9b6232b348a8670&amp;oe=5C12062F
67484,"Photos: Actors | Biltmore Cabaret",http://vancouverweekly-local.local/photos-actors-biltmore-cabaret-63496-2/,http://vancouverweekly-local.local/wp-admin/post.php?post=67484&action=edit,publish,31,0,0,jig_noscript,https://web.archive.org/web/20190916063427im_/http://vancouverweekly-local.local/wp-content/uploads/2019/03/DSC_8262-684x1024.jpg
67508,"Photos: BATTLEWORLD ’88 Wrestling | Rickshaw Theatre",http://vancouverweekly-local.local/photos-battleworld-88-wrestling-rickshaw-theatre-69925-2/,http://vancouverweekly-local.local/wp-admin/post.php?post=67508&action=edit,publish,31,0,0,jig_noscript,https://web.archive.org/web/20200807015906im_/http://vancouverweekly-local.local/wp-content/uploads/2020/02/MG_6350-1024x731.jpg
67577,"Photos: Elton John ‘Farewell Yellow Brick Road Tour’ | Rogers Arena",http://vancouverweekly-local.local/photos-elton-john-farewell-yellow-brick-road-tour-rogers-arena-67736-2/,http://vancouverweekly-local.local/wp-admin/post.php?post=67577&action=edit,publish,30,0,0,jig_noscript,https://web.archive.org/web/20191022134110im_/http://vancouverweekly-local.local/wp-content/uploads/2019/09/RLJ_4785-1024x684.jpg
67898,"Photos: U2 The Joshua Tree Tour 2017 @ B.C. Place Stadium",http://vancouverweekly-local.local/photos-u2-the-joshua-tree-tour-2017-b-c-place-stadium-57592-2/,http://vancouverweekly-local.local/wp-admin/post.php?post=67898&action=edit,publish,30,0,0,jig_noscript,https://web.archive.org/web/20170609135518im_/https://scontent.xx.fbcdn.net/v/t31.0-8/18451786_1198900810219196_833989508106060759_o.jpg?oh=560b1271d595947097988701ac8ce405&amp;oe=59E558B8
67585,"Photos: Gary Clark Jr. | Malkin Bowl",http://vancouverweekly-local.local/photos-gary-clark-jr-malkin-bowl-67659-2/,http://vancouverweekly-local.local/wp-admin/post.php?post=67585&action=edit,publish,30,0,0,jig_noscript,https://web.archive.org/web/20190924032553im_/http://vancouverweekly-local.local/wp-content/uploads/2019/09/RLJ_4084-1-web-797x1024.jpg
66207,"Father John Misty preaches to a full congregation in the park",http://vancouverweekly-local.local/father-john-misty-preaches-to-a-full-congregation-in-the-park-57641-2/,http://vancouverweekly-local.local/wp-admin/post.php?post=66207&action=edit,publish,29,0,3,mixed,https://web.archive.org/web/20170609135845im_/http://vancouverweekly-local.local/wp-content/uploads/2017/05/DSC_0277.jpg
67573,"Photos: Dropkick Murphys | Flogging Molly @ The P.N.E. Forum",http://vancouverweekly-local.local/photos-dropkick-murphys-flogging-molly-the-p-n-e-forum-61868-2/,http://vancouverweekly-local.local/wp-admin/post.php?post=67573&action=edit,publish,29,0,0,jig_noscript,https://web.archive.org/web/20180927174750im_/https://scontent.xx.fbcdn.net/v/t1.0-9/42426801_1700420180067254_3555102824998109184_o.jpg?_nc_cat=107&amp;oh=b0a22bb67ace0bb9ec004ed6bd4ba498&amp;oe=5C57BFDD
67631,"Photos: Kiefer Sutherland | Commodore Ballroom",http://vancouverweekly-local.local/photos-kiefer-sutherland-commodore-ballroom-66336-2/,http://vancouverweekly-local.local/wp-admin/post.php?post=67631&action=edit,publish,29,0,0,jig_noscript,https://web.archive.org/web/20190713231523im_/http://vancouverweekly-local.local/wp-content/uploads/2019/07/1N3A6785-1024x683.jpg
67881,"Photos: The Who : Moving On Tour | Rogers Arena",http://vancouverweekly-local.local/photos-the-who-moving-on-tour-rogers-arena-67975-2/,http://vancouverweekly-local.local/wp-admin/post.php?post=67881&action=edit,publish,29,0,0,jig_noscript,https://web.archive.org/web/20191113040157im_/http://vancouverweekly-local.local/wp-content/uploads/2019/10/1N3A3307-1024x683.jpg
67553,"Photos: Dallas Smith and Dean Brody | Abbotsford Centre",http://vancouverweekly-local.local/photos-dallas-smith-and-dean-brody-abbotsford-centre-68273-2/,http://vancouverweekly-local.local/wp-admin/post.php?post=67553&action=edit,publish,29,0,0,jig_noscript,https://web.archive.org/web/20191113040218im_/http://vancouverweekly-local.local/wp-content/uploads/2019/11/Dallas-Smith-and-Dean-Brody-at-the-AEC-on-Oct.-26-2019-by-Tom-Paillé-6087-1024x683.jpg
67838,"Photos: Tebey | Commodore Ballroom",http://vancouverweekly-local.local/photos-tebey-commodore-ballroom-69615-2/,http://vancouverweekly-local.local/wp-admin/post.php?post=67838&action=edit,publish,29,0,0,jig_noscript,https://web.archive.org/web/20200814115855im_/http://vancouverweekly-local.local/wp-content/uploads/2020/01/Tebey-at-the-Commodore-Jan-16-2020-by-Tom-Paillé-17-1024x683.jpg
67516,"Photos: Big Wreck ‘In Loving Memory of’ 20th Anniversary Tour",http://vancouverweekly-local.local/photos-big-wreck-in-loving-memory-of-20th-anniversary-tour60210-2/,http://vancouverweekly-local.local/wp-admin/post.php?post=67516&action=edit,publish,28,0,0,jig_noscript,https://web.archive.org/web/20180314100418im_/https://scontent.xx.fbcdn.net/v/t31.0-8/28616557_1458974344211840_8211755930556761735_o.jpg?oh=1d6b85cca9bacde4e89c4837b59c4189&amp;oe=5B4A4E84
67632,"Photos: Kill Tony | Commodore Ballroom",http://vancouverweekly-local.local/photos-kill-tony-commodore-ballroom-65054-2/,http://vancouverweekly-local.local/wp-admin/post.php?post=67632&action=edit,publish,28,0,0,jig_noscript,https://web.archive.org/web/20190826075005im_/http://vancouverweekly-local.local/wp-content/uploads/2019/05/DSC_1896-1024x579.jpg
67914,"Photos: WWE Friday Night SmackDown | Rogers Arena",http://vancouverweekly-local.local/photos-wwe-friday-night-smackdown-rogers-arena-70133-2/,http://vancouverweekly-local.local/wp-admin/post.php?post=67914&action=edit,publish,28,0,0,jig_noscript,https://web.archive.org/web/20200520162644im_/http://vancouverweekly-local.local/wp-content/uploads/2020/02/0IMG_8880.jpg
67499,"Photos: Arkells @ Pacific Colisuem | Feb.2 / 2019",http://vancouverweekly-local.local/photos-arkells-pacific-colisuem-feb-2-2019-62850-2/,http://vancouverweekly-local.local/wp-admin/post.php?post=67499&action=edit,publish,27,0,0,jig_noscript,https://web.archive.org/web/20190208165834im_/https://scontent.xx.fbcdn.net/v/t1.0-9/51408326_1878474095595194_1939887387295350784_o.jpg?_nc_cat=104&amp;_nc_ht=scontent.xx&amp;oh=257cae9c4b10ffceb2e8ae69c383977f&amp;oe=5CFF93EA
67657,"Photos: Miranda Lambert / Highway Vagabond Tour at Rogers Arena",http://vancouverweekly-local.local/photos-miranda-lambert-highway-vagabond-tour-at-rogers-arena58528-2/,http://vancouverweekly-local.local/wp-admin/post.php?post=67657&action=edit,publish,27,0,0,jig_noscript,https://web.archive.org/web/20171006141811im_/https://scontent.xx.fbcdn.net/v/t31.0-8/22135371_1322638457845430_7934403150344307934_o.jpg?oh=6a75f35135aa4e9f6bac0dde36e3b42a&amp;oe=5A866E78
68327,"Slick new Tom Lee Music opens",http://vancouverweekly-local.local/slick-new-tom-lee-music-opens-57664-2/,http://vancouverweekly-local.local/wp-admin/post.php?post=68327&action=edit,publish,27,0,1,jig_noscript,https://web.archive.org/web/20170624102650im_/http://vancouverweekly-local.local/wp-content/uploads/2017/06/DSC_0460.jpg
68735,"Two Car Train | Single Release at The Roxy",http://vancouverweekly-local.local/two-car-train-single-release-at-the-roxy-70491-2/,http://vancouverweekly-local.local/wp-admin/post.php?post=68735&action=edit,publish,27,0,0,jig_noscript,https://web.archive.org/web/20200422153226im_/http://vancouverweekly-local.local/wp-content/uploads/2020/03/artursfeists_photography_two_car_train_yvr_march_14-2020-26.jpg
67859,"Photos: The Interrupters | Commodore Ballroom",http://vancouverweekly-local.local/photos-the-interrupters-commodore-ballroom-67892-2/,http://vancouverweekly-local.local/wp-admin/post.php?post=67859&action=edit,publish,27,0,0,jig_noscript,https://web.archive.org/web/20191113045242im_/http://vancouverweekly-local.local/wp-content/uploads/2019/10/DSC_5856-1024x684.jpg
67884,"Photos: Theory of a Deadman | Commodore Ballroom",http://vancouverweekly-local.local/photos-theory-of-a-deadman-commodore-ballroom-69865-2/,http://vancouverweekly-local.local/wp-admin/post.php?post=67884&action=edit,publish,27,0,0,jig_noscript,https://web.archive.org/web/20200814071545im_/http://vancouverweekly-local.local/wp-content/uploads/2020/02/DSC_9449-1024x684.jpg
67584,"Photos from the Netflix Golden Globe Awards After Party",http://vancouverweekly-local.local/photos-from-the-netflix-golden-globe-awards-after-party-59572-2/,http://vancouverweekly-local.local/wp-admin/post.php?post=67584&action=edit,publish,26,0,0,jig_noscript,https://web.archive.org/web/20180115132758im_/https://scontent.xx.fbcdn.net/v/t31.0-8/p960x960/26233379_1409537969155478_9065106471024958071_o.jpg?oh=80a8b7c1ee8e238c69d271c89c95319f&amp;oe=5AF6ACFA
67642,"Photos: Little Big Town | Abbotsford Centre",http://vancouverweekly-local.local/photos-little-big-town-abbotsford-centre-63345-2/,http://vancouverweekly-local.local/wp-admin/post.php?post=67642&action=edit,publish,26,0,0,jig_noscript,https://web.archive.org/web/20190723174219im_/http://vancouverweekly-local.local/wp-content/uploads/2019/03/Little-Big-Town-at-AEC-on-Mar.2-2019-by-Tom-Paillé-0847.jpg
67677,"Photos of Big Wreck at The Commodore Ballroom",http://vancouverweekly-local.local/photos-of-big-wreck-at-the-commodore-ballroom-55984-2/,http://vancouverweekly-local.local/wp-admin/post.php?post=67677&action=edit,publish,26,0,0,jig_noscript,https://web.archive.org/web/20160802085456im_/https://scontent.xx.fbcdn.net/t31.0-8/13692815_935290039913609_7603372909651530739_o.jpg
67767,"Photos of Vancouver Folk Music Festival – Day One",http://vancouverweekly-local.local/photos-of-vancouver-folk-music-festival-day-one-55907-2/,http://vancouverweekly-local.local/wp-admin/post.php?post=67767&action=edit,publish,26,0,0,jig_noscript,https://web.archive.org/web/20160802085305im_/https://scontent.xx.fbcdn.net/t31.0-8/p960x960/13680254_929732690469344_368685042141415593_o.jpg
67777,"Photos: Orchestral Manoeuvres in the Dark @ The Commodore Ballroom",http://vancouverweekly-local.local/photos-orchestral-manoeuvres-in-the-dark-the-commodore-ballroom60379-2/,http://vancouverweekly-local.local/wp-admin/post.php?post=67777&action=edit,publish,26,0,0,jig_noscript,https://web.archive.org/web/20180330024307im_/https://scontent.xx.fbcdn.net/v/t31.0-8/29064223_1480938692015405_5074218073523935503_o.jpg?_nc_cat=0&amp;oh=631d701b69878d94cafda8c6e7c30df0&amp;oe=5B303858
67495,"Photos: Antibalas | The Rickshaw Theatre",http://vancouverweekly-local.local/photos-antibalas-the-rickshaw-theatre-70199-2/,http://vancouverweekly-local.local/wp-admin/post.php?post=67495&action=edit,publish,26,0,0,jig_noscript,https://web.archive.org/web/20200920040307im_/http://vancouverweekly-local.local/wp-content/uploads/2020/02/DSC_1219-1024x684.jpg
67561,"Photos: Death From Above | ‘Heads Up! Is Now’ Tour | Commodore Ballroom",http://vancouverweekly-local.local/photos-death-from-above-heads-up-is-now-tour-commodore-ballroom-65399-2/,http://vancouverweekly-local.local/wp-admin/post.php?post=67561&action=edit,publish,26,0,0,jig_noscript,https://web.archive.org/web/20190826082154im_/http://vancouverweekly-local.local/wp-content/uploads/2019/05/DSC_1470-1024x684.jpg
65417,"33 Stunning Photos of The Harpoonist and the Axe Murderer and Leeroy Stagger at The Commodore",http://vancouverweekly-local.local/33-stunning-photos-of-the-harpoonist-and-the-axe-murderer-at-the-commodore-57525-2/,http://vancouverweekly-local.local/wp-admin/post.php?post=65417&action=edit,publish,26,0,0,jig_noscript,https://web.archive.org/web/20170523213249im_/https://scontent.xx.fbcdn.net/v/t31.0-8/p960x960/18077400_1183826528393291_3136362989498732767_o.jpg?oh=bb45b3e72ab6aee1160b711e948a53fe&amp;oe=59BDB053
67831,"Photos: SonReal | Commodore Ballroom",http://vancouverweekly-local.local/photos-sonreal-commodore-ballroom-66368-2/,http://vancouverweekly-local.local/wp-admin/post.php?post=67831&action=edit,publish,26,0,0,jig_noscript,https://web.archive.org/web/20190713225951im_/http://vancouverweekly-local.local/wp-content/uploads/2019/07/VanWeekly_Sonreal_Jul11_2019_commodore_11-683x1024.jpg
65418,"36?, Derrival, the Tourist Company at The Biltmore Cabaret",http://vancouverweekly-local.local/36-derrival-tourist-company-biltmore-cabaret/,http://vancouverweekly-local.local/wp-admin/post.php?post=65418&action=edit,publish,25,0,0,jig_noscript,https://web.archive.org/web/20150309232033im_/https://fbcdn-sphotos-b-a.akamaihd.net/hphotos-ak-xfp1/t31.0-8/11027950_684095731699709_903244431786739669_o.jpg
66869,"Keloha Music + Arts Festival, July 11-13, 2014",http://vancouverweekly-local.local/keloha-music-arts-festival-july-11-13-2014/,http://vancouverweekly-local.local/wp-admin/post.php?post=66869&action=edit,publish,25,0,0,jig_noscript,https://web.archive.org/web/20140816163807im_/http://vancouverweekly-local.local/wp-content/plugins/justified-image-grid/timthumb.php?src=https://fbcdn-sphotos-g-a.akamaihd.net/hphotos-ak-xaf1/t1.0-9/p480x480/10500248_572955066147110_7102876835294272960_n.jpg&amp;h=230&amp;q=90&amp;f=.jpg
67014,"Levitation Vancouver – Day 2 (Malkin Bowl)",http://vancouverweekly-local.local/levitation-vancouver-day-2-malkin-bowl/,http://vancouverweekly-local.local/wp-admin/post.php?post=67014&action=edit,publish,25,0,0,jig_noscript,https://web.archive.org/web/20151022234525im_/https://scontent.xx.fbcdn.net/hphotos-xtf1/t31.0-8/11402536_732453586863923_8308103918847222203_o.jpg
67016,"Levitation Vancouver – Day 3 (Malkin Bowl)",http://vancouverweekly-local.local/levitation-vancouver-day-3-malkin-bowl/,http://vancouverweekly-local.local/wp-admin/post.php?post=67016&action=edit,publish,25,0,0,jig_noscript,https://web.archive.org/web/20151030215314im_/https://scontent.xx.fbcdn.net/hphotos-xfa1/t31.0-8/10269176_732458253530123_3945516072122184027_o.jpg
67476,"Photo highlights of Squamish Valley Music Festival 2015",http://vancouverweekly-local.local/photo-highlights-of-squamish-valley-music-festival-2015/,http://vancouverweekly-local.local/wp-admin/post.php?post=67476&action=edit,publish,25,0,0,jig_noscript,https://web.archive.org/web/20151012065054im_/https://scontent.xx.fbcdn.net/hphotos-xtp1/t31.0-8/11834949_762365733872708_5747916339569298320_o.jpg
68127,"Rifflandia Music Festival",http://vancouverweekly-local.local/rifflandia-music-festival/,http://vancouverweekly-local.local/wp-admin/post.php?post=68127&action=edit,publish,25,0,0,jig_noscript,https://web.archive.org/web/20140927002245im_/https://scontent-b.xx.fbcdn.net/hphotos-xap1/t31.0-8/p960x960/10448593_604402086335741_2175464723638151045_o.jpg
68652,"Tift Merritt, GLS, Wintersleep, Andrew Bird at VFMF – Day 1",http://vancouverweekly-local.local/tift-merritt-gls-wintersleep-andrew-bird-vfmf-day-1/,http://vancouverweekly-local.local/wp-admin/post.php?post=68652&action=edit,publish,25,0,0,jig_noscript,https://web.archive.org/web/20140729080315im_/http://vancouverweekly-local.local/wp-content/plugins/justified-image-grid/timthumb.php?src=https://fbcdn-sphotos-h-a.akamaihd.net/hphotos-ak-xfp1/t31.0-8/p480x480/10333796_574717549304195_5005582401437625011_o.jpg&amp;h=230&amp;q=90&amp;f=.jpg
68800,"Vancouver Folk Fest Day 2 – Wagons, Jay Malinowski and the Deadcoast, Foy Vance, Karine Polwart, Alejandro Escoveda and The Sensitive Boys, Born Ruffians, Noura Mint Seymali…",http://vancouverweekly-local.local/vancouver-folk-fest-day-2-wagons-jay-malinowski-and-the-deadcoast-foy-vance-karine-polwart-alejandro-escoveda-and-the-sensitive-boys-born-ruffians-noura-mint-seymali/,http://vancouverweekly-local.local/wp-admin/post.php?post=68800&action=edit,publish,25,0,0,jig_noscript,https://web.archive.org/web/20140729081843im_/http://vancouverweekly-local.local/wp-content/plugins/justified-image-grid/timthumb.php?src=https://scontent-a.xx.fbcdn.net/hphotos-xpa1/t31.0-8/q71/s720x720/10514324_575218949254055_7856699586354994508_o.jpg&amp;h=230&amp;q=90&amp;f=.jpg
68808,"Vancouver Folk Music Festival – Day 1",http://vancouverweekly-local.local/vancouver-folk-music-festival-day-1/,http://vancouverweekly-local.local/wp-admin/post.php?post=68808&action=edit,publish,25,0,0,jig_noscript,https://web.archive.org/web/20140729051253im_/http://vancouverweekly-local.local/wp-content/plugins/justified-image-grid/timthumb.php?src=https://scontent-b.xx.fbcdn.net/hphotos-xpf1/t31.0-8/p480x480/10450293_574708855971731_3356664791394130300_o.jpg&amp;h=230&amp;q=90&amp;f=.jpg
68899,"War Baby, Dead Soft, and Colin Cowan at Rickshaw Theatre",http://vancouverweekly-local.local/war-baby-dead-soft-colin-cowan-rickshaw-theatre/,http://vancouverweekly-local.local/wp-admin/post.php?post=68899&action=edit,publish,25,0,0,jig_noscript,https://web.archive.org/web/20150214085938im_/https://scontent.xx.fbcdn.net/hphotos-xpa1/t31.0-8/10830584_666468733462409_5343608774335091201_o.jpg
67629,"Photos: K. Flay | Commodore Ballroom",http://vancouverweekly-local.local/photos-k-flay-commodore-ballroom-67607-2/,http://vancouverweekly-local.local/wp-admin/post.php?post=67629&action=edit,publish,25,0,0,jig_noscript,https://web.archive.org/web/20190923224017im_/http://vancouverweekly-local.local/wp-content/uploads/2019/09/IMG_4414-1024x683.jpg
67581,"Photos: Foals | Orpheum Theatre",http://vancouverweekly-local.local/photos-foals-orpheum-theatre-63678-2/,http://vancouverweekly-local.local/wp-admin/post.php?post=67581&action=edit,publish,25,0,0,jig_noscript,https://web.archive.org/web/20190820101556im_/http://vancouverweekly-local.local/wp-content/uploads/2019/03/DSC_8922-1024x684.jpg
67886,"Photos: Thievery Corporation | Commodore Ballroom",http://vancouverweekly-local.local/photos-thievery-corporation-commodore-ballroom-69136-2/,http://vancouverweekly-local.local/wp-admin/post.php?post=67886&action=edit,publish,25,0,0,jig_noscript,https://web.archive.org/web/20191207085807im_/http://vancouverweekly-local.local/wp-content/uploads/2019/12/DSC_7657-1024x684.jpg
67826,"Photos: Slash featuring Myles Kennedy and The Conspirators | Queen Elizabeth Theatre",http://vancouverweekly-local.local/photos-slash-featuring-myles-kennedy-and-the-conspirators-queen-elizabeth-theatre-66623-2/,http://vancouverweekly-local.local/wp-admin/post.php?post=67826&action=edit,publish,25,0,0,jig_noscript,https://web.archive.org/web/20190825001049im_/http://vancouverweekly-local.local/wp-content/uploads/2019/07/1N3A7552-683x1024.jpg
66281,"The Gay Nineties, JPNSGRLS",http://vancouverweekly-local.local/gay-nineties-jpnsgrls/,http://vancouverweekly-local.local/wp-admin/post.php?post=66281&action=edit,publish,24,0,0,jig_noscript,https://web.archive.org/web/20150311100131im_/https://scontent.xx.fbcdn.net/hphotos-xfp1/t31.0-8/11004593_684956524946963_8925602226223605997_o.jpg
67568,"Photos: Dido | World Tour 2019 | Orpheum Theatre",http://vancouverweekly-local.local/photos-dido-world-tour-2019-orpheum-theatre-66177-2/,http://vancouverweekly-local.local/wp-admin/post.php?post=67568&action=edit,publish,24,0,0,jig_noscript,https://web.archive.org/web/20190705171923im_/http://vancouverweekly-local.local/wp-content/uploads/2019/06/RLJ_4876-1024x683.jpg
67661,"Photos: Mother Mother @ Orpheum | Feb.7 / 2019",http://vancouverweekly-local.local/photos-mother-mother-orpheum-feb-7-2019-62895-2/,http://vancouverweekly-local.local/wp-admin/post.php?post=67661&action=edit,publish,24,0,0,jig_noscript,https://web.archive.org/web/20190213153628im_/https://scontent.xx.fbcdn.net/v/t1.0-9/51548051_1886256784816925_2279102182051545088_o.jpg?_nc_cat=110&amp;_nc_ht=scontent.xx&amp;oh=4b9ed8942831f00e1e2bc4b2d2451736&amp;oe=5CF513FC
67877,"Photos: The Trews @ The Commodore Ballroom",http://vancouverweekly-local.local/photos-the-trews-the-commodore-ballroom-62784-2/,http://vancouverweekly-local.local/wp-admin/post.php?post=67877&action=edit,publish,24,0,0,jig_noscript,https://web.archive.org/web/20190202014936im_/https://scontent.xx.fbcdn.net/v/t1.0-9/51228108_1868771036565500_1906515311016804352_n.jpg?_nc_cat=106&amp;_nc_ht=scontent.xx&amp;oh=2d7934d31feedc2d174f0e88f1dd2563&amp;oe=5CEC7E36
67538,"Photos: Chromeo | Malkin Bowl",http://vancouverweekly-local.local/photos-chromeo-malkin-bowl-65694-2/,http://vancouverweekly-local.local/wp-admin/post.php?post=67538&action=edit,publish,24,0,0,jig_noscript,https://web.archive.org/web/20190820093944im_/http://vancouverweekly-local.local/wp-content/uploads/2019/06/chromeo_6742-1024x683.jpg
67645,"Photos: Luke Combs : Beer Never Broke My Heart Tour",http://vancouverweekly-local.local/photos-luke-combs-beer-never-broke-my-heart-tour-68002-2/,http://vancouverweekly-local.local/wp-admin/post.php?post=67645&action=edit,publish,24,0,0,jig_noscript,https://web.archive.org/web/20191113053849im_/http://vancouverweekly-local.local/wp-content/uploads/2019/10/Luke-Combs-at-Rogers-Arena-Oct-19-2019-by-Tom-Paillé-4853-683x1024.jpg
67549,"Photos: Corey Hart: The Never Surrender Tour 2019 with Glass Tiger | Rogers Arena",http://vancouverweekly-local.local/photos-corey-hart-the-never-surrender-tour-2019-with-glass-tiger-rogers-arena-66100-2/,http://vancouverweekly-local.local/wp-admin/post.php?post=67549&action=edit,publish,23,0,0,jig_noscript,https://web.archive.org/web/20190705161820im_/http://vancouverweekly-local.local/wp-content/uploads/2019/06/Corey-Hart-at-Rogers-Arena-on-Jun-25-2019-by-Tom-Paillé-0348-1024x683.jpg
68369,"Stars and Hey Rosetta! at The Vogue Theatre",http://vancouverweekly-local.local/stars-and-hey-rosetta-at-the-vogue-theatre/,http://vancouverweekly-local.local/wp-admin/post.php?post=68369&action=edit,publish,23,0,0,jig_noscript,https://web.archive.org/web/20171008180139im_/https://scontent.xx.fbcdn.net/v/t31.0-8/11021388_686266198149329_6296309507057339373_o.jpg?oh=72a605a98515f3901f02693104efea27&amp;oe=5A840AC0
67488,"Photos: Alice In Chains | Queen Elizabeth Theatre",http://vancouverweekly-local.local/photos-alice-in-chains-queen-elizabeth-theatre-64504-2/,http://vancouverweekly-local.local/wp-admin/post.php?post=67488&action=edit,publish,23,0,0,jig_noscript,https://web.archive.org/web/20190424221117im_/http://vancouverweekly-local.local/wp-content/uploads/2019/04/RLJ_0888-e1555633003731.jpg
67659,"Photos: Moon Vrs. Sun | Rio Theatre",http://vancouverweekly-local.local/photos-moon-vrs-sun-rio-theatre/,http://vancouverweekly-local.local/wp-admin/post.php?post=67659&action=edit,publish,23,0,0,jig_noscript,https://web.archive.org/web/20190822091924im_/http://vancouverweekly-local.local/wp-content/uploads/2019/04/RLJ_9971-1-1024x426.jpg
67526,"Photos: Brittany Howard | Commodore Ballroom",http://vancouverweekly-local.local/photos-brittany-howard-commodore-ballroom-68869-2/,http://vancouverweekly-local.local/wp-admin/post.php?post=67526&action=edit,publish,23,0,0,jig_noscript,https://web.archive.org/web/20191206130546im_/http://vancouverweekly-local.local/wp-content/uploads/2019/11/DSC_7397-1024x684.jpg
67547,"Photos: Common | Let Love Tour | Commodore Ballroom",http://vancouverweekly-local.local/photos-common-let-love-tour-commodore-ballroom-66563-2/,http://vancouverweekly-local.local/wp-admin/post.php?post=67547&action=edit,publish,23,0,0,jig_noscript,https://web.archive.org/web/20190825003456im_/http://vancouverweekly-local.local/wp-content/uploads/2019/07/Common.22-1024x684.jpg
67814,"Photos: Shawn Mendes: The Tour | Rogers Arena",http://vancouverweekly-local.local/photos-shawn-mendes-the-tour-rogers-arena-65793-2/,http://vancouverweekly-local.local/wp-admin/post.php?post=67814&action=edit,publish,23,0,0,jig_noscript,https://web.archive.org/web/20190722134338im_/http://vancouverweekly-local.local/wp-content/uploads/2019/06/Shawn.Mendes.11.color_-1024x684.jpg
67529,"Photos: Buckman Coe with Erica Dee and Tonye | Rickshaw",http://vancouverweekly-local.local/photos-buckman-coe-with-erica-dee-and-tonye-rickshaw-63953-2/,http://vancouverweekly-local.local/wp-admin/post.php?post=67529&action=edit,publish,23,0,0,jig_noscript,https://web.archive.org/web/20190821032240im_/http://vancouverweekly-local.local/wp-content/uploads/2019/04/DSC_3762-683x1024.jpg
67847,"Photos: The Cat Empire w/ Neal Francis | Commodore Ballroom",http://vancouverweekly-local.local/photos-the-cat-empire-w-neal-francis-commodore-ballroom-63648-2/,http://vancouverweekly-local.local/wp-admin/post.php?post=67847&action=edit,publish,23,0,0,jig_noscript,https://web.archive.org/web/20190821023416im_/http://vancouverweekly-local.local/wp-content/uploads/2019/03/DSC_2986-2-1024x683.jpg
65861,"Cayucas with Miner at the Media Club, March 11, 2014",http://vancouverweekly-local.local/cayucas-miner-media-club-march-11-2014/,http://vancouverweekly-local.local/wp-admin/post.php?post=65861&action=edit,publish,22,0,0,jig_noscript,https://web.archive.org/web/20140427230346im_/http://vancouverweekly-local.local/wp-content/plugins/justified-image-grid/timthumb.php?src=https://scontent-b.xx.fbcdn.net/hphotos-frc3/t1.0-9/s720x720/1897788_515631975212753_242711419_n.jpg&amp;h=230&amp;q=90&amp;f=.jpg
67500,"Photos: August Burns Red with Silverstein | Vogue Theatre",http://vancouverweekly-local.local/photos-august-burns-red-with-silverstein-vogue-theatre-66392-2/,http://vancouverweekly-local.local/wp-admin/post.php?post=67500&action=edit,publish,22,0,0,jig_noscript,https://web.archive.org/web/20190713231514im_/http://vancouverweekly-local.local/wp-content/uploads/2019/07/1N3A6970-1024x683.jpg
67522,"Photos: Black Pistol Fire | Commodore Ballroom",http://vancouverweekly-local.local/photos-black-pistol-fire-commodore-ballroom-66148-2/,http://vancouverweekly-local.local/wp-admin/post.php?post=67522&action=edit,publish,22,0,0,jig_noscript,https://web.archive.org/web/20190705151653im_/http://vancouverweekly-local.local/wp-content/uploads/2019/06/IMG_4161-1024x576.jpg
67676,"Photos of Big Sugar at The Commodore Ballroom in Vancouver",http://vancouverweekly-local.local/photos-of-big-sugar-at-the-commodore-ballroom-in-vancouver58215-2/,http://vancouverweekly-local.local/wp-admin/post.php?post=67676&action=edit,publish,22,0,0,jig_noscript,https://web.archive.org/web/20170916141738im_/https://scontent.xx.fbcdn.net/v/t31.0-8/21457604_1304735879635688_6999063553136873762_o.jpg?oh=dab4820acde7899aa33935b0118a716e&amp;oe=5A41BAC3
68590,"The Specials – Encore 40th Anniversary Tour",http://vancouverweekly-local.local/the-specials-encore-40th-anniversary-tour-65195-2/,http://vancouverweekly-local.local/wp-admin/post.php?post=68590&action=edit,publish,22,0,0,jig_noscript,https://web.archive.org/web/20190826065026im_/http://vancouverweekly-local.local/wp-content/uploads/2019/05/DSC_1368-684x1024.jpg
67812,"Photos: Sarah Brightman | Queen Elizabeth Theatre",http://vancouverweekly-local.local/photos-sarah-brightman-queen-elizabeth-theatre-63724-2/,http://vancouverweekly-local.local/wp-admin/post.php?post=67812&action=edit,publish,22,0,0,jig_noscript,https://web.archive.org/web/20190328012709im_/http://vancouverweekly-local.local/wp-content/uploads/2019/03/DSC_8740-684x1024.jpg
66224,"Fitz & the Tantrums at the Commodore",http://vancouverweekly-local.local/fitz-tantrums-commodore/,http://vancouverweekly-local.local/wp-admin/post.php?post=66224&action=edit,publish,21,0,0,jig_noscript,https://web.archive.org/web/20140707235007im_/http://vancouverweekly-local.local/wp-content/plugins/justified-image-grid/timthumb.php?src=https://scontent-a.xx.fbcdn.net/hphotos-xfp1/t1.0-9/p480x480/10444506_564271270348823_7291842866920662825_n.jpg&amp;h=230&amp;q=90&amp;f=.jpg
67998,"Purity Ring, BRAIDS, Born Gold at The Vogue Theatre",http://vancouverweekly-local.local/purity-ring-braids-born-gold-at-the-vogue-theatre/,http://vancouverweekly-local.local/wp-admin/post.php?post=67998&action=edit,publish,21,0,0,jig_noscript,https://web.archive.org/web/20150712100053im_/https://scontent.xx.fbcdn.net/hphotos-xft1/t31.0-8/11406360_735724813203467_3548956026157843716_o.jpg
67616,"Photos: Jenny Lewis | Commodore Ballroom",http://vancouverweekly-local.local/photos-jenny-lewis-commodore-ballroom-65021-2/,http://vancouverweekly-local.local/wp-admin/post.php?post=67616&action=edit,publish,21,0,0,jig_noscript,https://web.archive.org/web/20190826080952im_/http://vancouverweekly-local.local/wp-content/uploads/2019/05/RLJ_2016-2-1024x544.jpg
67588,"Photos: Gogol Bordello | Commodore Ballroom | May 24, 2019",http://vancouverweekly-local.local/photos-gogol-bordello-commodore-ballroom-may-24-2019-65228-2/,http://vancouverweekly-local.local/wp-admin/post.php?post=67588&action=edit,publish,21,0,0,jig_noscript,https://web.archive.org/web/20190826064952im_/http://vancouverweekly-local.local/wp-content/uploads/2019/05/05-24-2019-Gogol-Bordello-at-The-Commodore-Mary-Matheson-Photography-1-1024x694.jpg
67834,"Photos: St. Paul & The Broken Bones | Commodore",http://vancouverweekly-local.local/photos-st-paul-the-broken-bones-commodore-67833-2/,http://vancouverweekly-local.local/wp-admin/post.php?post=67834&action=edit,publish,21,0,0,jig_noscript,https://web.archive.org/web/20191113040121im_/http://vancouverweekly-local.local/wp-content/uploads/2019/10/10-09-2019-St-Paul-And-The-Broken-Bones-at-The-Commodore-Mary-Matheson-Photography-19-1024x677.jpg
67628,"Photos: Jungle | Vogue | Mar. 9 / 2019",http://vancouverweekly-local.local/photos-jungle-vogue-mar-9-2019-63383-2/,http://vancouverweekly-local.local/wp-admin/post.php?post=67628&action=edit,publish,21,0,0,jig_noscript,https://web.archive.org/web/20190824072855im_/http://vancouverweekly-local.local/wp-content/uploads/2019/03/B11A7286_1.jpg
67911,"Photos: Wallows | Venue Nightclub",http://vancouverweekly-local.local/photos-wallows-venue-nightclub-64627-2/,http://vancouverweekly-local.local/wp-admin/post.php?post=67911&action=edit,publish,21,0,0,jig_noscript,https://web.archive.org/web/20190822095322im_/http://vancouverweekly-local.local/wp-content/uploads/2019/04/Wallows_April24_10.jpg
67057,"Logic at Vogue Theatre",http://vancouverweekly-local.local/logic-vogue-theatre/,http://vancouverweekly-local.local/wp-admin/post.php?post=67057&action=edit,publish,20,0,0,jig_noscript,https://web.archive.org/web/20150222054623im_/https://scontent.xx.fbcdn.net/hphotos-xap1/t31.0-8/1617271_674993842609898_8470962700181374467_o.jpg
67698,"Photos of Future at Rogers Arena in Vancouver",http://vancouverweekly-local.local/photos-of-future-at-rogers-arena-in-vancouver-57699-2/,http://vancouverweekly-local.local/wp-admin/post.php?post=67698&action=edit,publish,20,0,0,jig_noscript,https://web.archive.org/web/20170626025316im_/https://scontent.xx.fbcdn.net/v/t31.0-8/p960x960/18766663_1222585051184105_3620397734129210059_o.jpg?oh=1be21f8beb21d2182f575808fc39704a&amp;oe=59E528A8
67753,"Photos of The Fighter And The Kid LIVE! at The Commodore",http://vancouverweekly-local.local/photos-of-the-fighter-and-the-kid-live-at-the-commodore-57034-2/,http://vancouverweekly-local.local/wp-admin/post.php?post=67753&action=edit,publish,20,0,0,jig_noscript,https://web.archive.org/web/20171008133544im_/https://scontent.xx.fbcdn.net/v/t31.0-8/16177943_1090923927683552_4583768150366225708_o.jpg?oh=2bfb02f7c68dca53dbc7ab6a4382f9c1&amp;oe=5A8499BF
67846,"Photos: The Boom Booms | Commodore Ballroom",http://vancouverweekly-local.local/photos-the-boom-booms-commodore-ballroom-64728-2/,http://vancouverweekly-local.local/wp-admin/post.php?post=67846&action=edit,publish,20,0,0,jig_noscript,https://web.archive.org/web/20190824204417im_/http://vancouverweekly-local.local/wp-content/uploads/2019/05/boombooms_5193-1024x683.jpg
65561,"Andrew Jackson Jihad, Dogbreth, and Hard Girls at The Biltmore Cabaret",http://vancouverweekly-local.local/andrew-jackson-jihad-dogbreth-hard-girls-biltmore-cabaret/,http://vancouverweekly-local.local/wp-admin/post.php?post=65561&action=edit,publish,19,0,0,jig_noscript,https://web.archive.org/web/20140812021646im_/http://vancouverweekly-local.local/wp-content/plugins/justified-image-grid/timthumb.php?src=https://fbcdn-sphotos-b-a.akamaihd.net/hphotos-ak-xfp1/v/t1.0-9/p480x480/10492614_578210595621557_7844573398485093504_n.jpg?oh=8fa13073f78143c2574c07b36e014231&amp;oe=545F6232&amp;__gda__=1417701890_eb3ad6e0a4a5b8d570b2728f190d6ec0&amp;h=230&amp;q=90&amp;f=.jpg?oh=8fa13073f78143c2574c07b36e014231&amp;oe=545F6232&amp;__gda__=1417701890_eb3ad6e0a4a5b8d570b2728f190d6ec0
65751,"Bombay Bicycle Club at the Commodore Ballroom",http://vancouverweekly-local.local/bombay-bicycle-club-commodore-ballroom/,http://vancouverweekly-local.local/wp-admin/post.php?post=65751&action=edit,publish,19,0,0,jig_noscript,https://web.archive.org/web/20140507024515im_/http://vancouverweekly-local.local/wp-content/plugins/justified-image-grid/timthumb.php?src=https://scontent-a.xx.fbcdn.net/hphotos-prn1/t1.0-9/s720x720/10177323_535580126551271_6663019824814746637_n.jpg&amp;h=230&amp;q=90&amp;f=.jpg
67249,"New Forms Festival 2014 at Science World",http://vancouverweekly-local.local/new-forms-festival-2014-science-world/,http://vancouverweekly-local.local/wp-admin/post.php?post=67249&action=edit,publish,19,0,0,jig_noscript,https://web.archive.org/web/20150703055644im_/https://scontent.xx.fbcdn.net/hphotos-xfa1/t31.0-8/10007311_607543052688311_1115583238308633023_o.jpg
67782,"Photos: Passion Pit @ The Commodore Ballroom in Vancouver",http://vancouverweekly-local.local/photos-passion-pit-the-commodore-ballroom-in-vancouver59826-2/,http://vancouverweekly-local.local/wp-admin/post.php?post=67782&action=edit,publish,19,0,0,jig_noscript,https://web.archive.org/web/20180202151206im_/https://scontent.xx.fbcdn.net/v/t31.0-8/27368417_1426812137428061_2470058213236405898_o.jpg?oh=906e1205772cc220b1595196a0fe6f84&amp;oe=5AEA216D
67532,"Photos: Carly Rae Jepsen at Commodore Ballroom",http://vancouverweekly-local.local/photos-carly-rae-jepsen-at-commodore-ballroom/,http://vancouverweekly-local.local/wp-admin/post.php?post=67532&action=edit,publish,19,0,0,jig_noscript,https://web.archive.org/web/20190904220626im_/http://vancouverweekly-local.local/wp-content/uploads/2019/08/RLJ_9603-web-1024x635.jpg
67781,"Photos: Passion Pit | Commodore Ballroom",http://vancouverweekly-local.local/photos-passion-pit-commodore-ballroom-64762-2/,http://vancouverweekly-local.local/wp-admin/post.php?post=67781&action=edit,publish,19,0,0,mixed,https://web.archive.org/web/20190721073513im_/http://vancouverweekly-local.local/wp-content/uploads/2019/05/DSC_1143-Edit-1024x684.jpg
67821,"Photos: Sinéad O’Connor | Vogue Theatre",http://vancouverweekly-local.local/photos-sinead-oconnor-vogue-theatre-69886-2/,http://vancouverweekly-local.local/wp-admin/post.php?post=67821&action=edit,publish,19,0,0,jig_noscript,https://web.archive.org/web/20200814132743im_/http://vancouverweekly-local.local/wp-content/uploads/2020/02/DSC_9611-684x1024.jpg
67535,"Photos: Charli XCX | Commodore Ballroom",http://vancouverweekly-local.local/photos-charli-xcx-commodore-ballroom-67808-2/,http://vancouverweekly-local.local/wp-admin/post.php?post=67535&action=edit,publish,19,0,0,jig_noscript,https://web.archive.org/web/20191114015437im_/http://vancouverweekly-local.local/wp-content/uploads/2019/10/Charli_XCX_07-1024x684.jpg
66961,"Kubla Khan, Chimpanzebras, + More at the Railway Club",http://vancouverweekly-local.local/kubla-khan-chimpanzebras-railway-club/,http://vancouverweekly-local.local/wp-admin/post.php?post=66961&action=edit,publish,18,0,0,jig_noscript,https://web.archive.org/web/20140416095706im_/http://vancouverweekly-local.local/wp-content/plugins/justified-image-grid/timthumb.php?src=https://fbcdn-sphotos-h-a.akamaihd.net/hphotos-ak-prn2/t1.0-9/s720x720/1511342_525668697542414_3683674345579862432_n.jpg&amp;h=230&amp;q=90&amp;f=.jpg
67084,"Mac DeMarco and Dinner at The Vogue Theatre",http://vancouverweekly-local.local/mac-demarco-and-dinner-at-the-vogue-theatre/,http://vancouverweekly-local.local/wp-admin/post.php?post=67084&action=edit,publish,18,0,0,jig_noscript,https://web.archive.org/web/20150520113342im_/https://scontent.xx.fbcdn.net/hphotos-xfa1/t31.0-8/10931177_711602468949035_8223371275414185449_o.jpg
67462,"Petunia & the Vipers with Headwater at the Imperial",http://vancouverweekly-local.local/petunia-vipers-headwater-imperial/,http://vancouverweekly-local.local/wp-admin/post.php?post=67462&action=edit,publish,18,0,0,jig_noscript,https://web.archive.org/web/20140816163816im_/http://vancouverweekly-local.local/wp-content/plugins/justified-image-grid/timthumb.php?src=https://scontent-b.xx.fbcdn.net/hphotos-xpf1/v/t1.0-9/p480x480/10306487_549139445195339_3594874114489122638_n.jpg?oh=ab909636b429b1629528c34414458b56&amp;oe=546AF4AF&amp;h=230&amp;q=90&amp;f=.jpg?oh=ab909636b429b1629528c34414458b56&amp;oe=546AF4AF
67805,"Photos: Robyn @ The Pacific Coliseum",http://vancouverweekly-local.local/photos-robyn-the-pacific-coliseum-63318-2/,http://vancouverweekly-local.local/wp-admin/post.php?post=67805&action=edit,publish,18,0,0,jig_noscript,https://web.archive.org/web/20190826095616im_/http://vancouverweekly-local.local/wp-content/uploads/2019/03/DSC_7509-Edit-684x1024.jpg
68597,"The Ultimate Guide to the Best Parks Vancouver has to Offer",http://vancouverweekly-local.local/the-ultimate-guide-to-the-best-parks-vancouver-has-to-offer-55794-2/,http://vancouverweekly-local.local/wp-admin/post.php?post=68597&action=edit,publish,18,0,15,image_free,https://web.archive.org/web/20160701235510im_/http://vancouverweekly-local.local/wp-content/uploads/2016/06/Kitsilano-Beach-Park-www.gordonnelsoninc.com_.jpg
67576,"Photos: Elle King | Shake The Spirit Tour | Commodore Ballroom",http://vancouverweekly-local.local/photos-elle-king-shake-the-spirit-tour-commodore-ballroom-65137-2/,http://vancouverweekly-local.local/wp-admin/post.php?post=67576&action=edit,publish,18,0,0,jig_noscript,https://web.archive.org/web/20190826074705im_/http://vancouverweekly-local.local/wp-content/uploads/2019/05/IMG_2180-1024x683.jpg
67835,"Photos: Steven Page with Port Cities | Commodore Ballroom",http://vancouverweekly-local.local/photos-steven-page-with-port-cities-commodore-ballroom-65491-2/,http://vancouverweekly-local.local/wp-admin/post.php?post=67835&action=edit,publish,18,0,0,jig_noscript,https://web.archive.org/web/20190826080106im_/http://vancouverweekly-local.local/wp-content/uploads/2019/06/Steven-Page-at-the-Commodore-Ballroom-on-May-31-2019-by-Tom-Paillé-4096-1024x683.jpg
65518,"The Airborne Toxic Event at The Commodore Ballroom",http://vancouverweekly-local.local/airborne-toxic-event-commodore-ballroom/,http://vancouverweekly-local.local/wp-admin/post.php?post=65518&action=edit,publish,17,0,0,jig_noscript,https://web.archive.org/web/20141113182712im_/https://scontent-b.xx.fbcdn.net/hphotos-xpf1/t31.0-8/p960x960/10258902_622943317814951_581045677909851169_o.jpg
66366,"Haram and Qalandar at Fox Theatre",http://vancouverweekly-local.local/haram-qalandar-fox-theatre/,http://vancouverweekly-local.local/wp-admin/post.php?post=66366&action=edit,publish,17,0,0,jig_noscript,https://web.archive.org/web/20140812021437im_/http://vancouverweekly-local.local/wp-content/plugins/justified-image-grid/timthumb.php?src=https://fbcdn-sphotos-f-a.akamaihd.net/hphotos-ak-xpf1/t1.0-9/s720x720/10406511_578238088952141_6847495605618011802_n.jpg&amp;h=230&amp;q=90&amp;f=.jpg
66844,"Julio Montero Brings The Joy of Salsa to Vancouver",http://vancouverweekly-local.local/julio-montero-brings-the-joy-of-salsa-to-vancouver-60726-2/,http://vancouverweekly-local.local/wp-admin/post.php?post=66844&action=edit,publish,17,0,16,image_free,https://web.archive.org/web/20180804195217im_/http://vancouverweekly-local.local/wp-content/uploads/2018/05/RLJ0736.jpg
67604,"Photos: In The Whale @ D.O.A. First Annual Fight Back Festival",http://vancouverweekly-local.local/photos-in-the-whale-d-o-a-first-annual-fight-back-festival/,http://vancouverweekly-local.local/wp-admin/post.php?post=67604&action=edit,publish,17,0,0,jig_noscript,https://web.archive.org/web/20180711083214im_/https://scontent.xx.fbcdn.net/v/t1.0-9/36736103_1589977464444860_5238936275129466880_n.jpg?_nc_cat=0&amp;oh=cd82419df645fa39806a2e2543818ba3&amp;oe=5BDD2BB8
67997,"Punch Brothers and Gabriel Kahane at The Vogue Theatre",http://vancouverweekly-local.local/punch-brothers-and-gabriel-kahane-at-the-vogue-theatre/,http://vancouverweekly-local.local/wp-admin/post.php?post=67997&action=edit,publish,17,0,0,jig_noscript,https://web.archive.org/web/20150406112215im_/https://fbcdn-sphotos-f-a.akamaihd.net/hphotos-ak-xpa1/t31.0-8/1047947_697479803694635_727381420175396108_o.jpg
68259,"Shakey Graves, Rayland Baxter, Esmé Patterson at Imperial Vancouver",http://vancouverweekly-local.local/shakey-graves-rayland-baxter-esme-patterson-imperial-vancouver/,http://vancouverweekly-local.local/wp-admin/post.php?post=68259&action=edit,publish,17,0,0,jig_noscript,https://web.archive.org/web/20150302084800im_/https://fbcdn-sphotos-g-a.akamaihd.net/hphotos-ak-xpa1/t31.0-8/1920983_634084206700862_6091331307145637573_o.jpg
68893,"Wacken Metal Battle Canada at Red Room Ultra Bar",http://vancouverweekly-local.local/wacken-metal-battle-canada-at-red-room-ultra-bar/,http://vancouverweekly-local.local/wp-admin/post.php?post=68893&action=edit,publish,17,0,0,jig_noscript,https://web.archive.org/web/20140816162657im_/http://vancouverweekly-local.local/wp-content/plugins/justified-image-grid/timthumb.php?src=https://fbcdn-sphotos-a-a.akamaihd.net/hphotos-ak-xfa1/t1.0-9/p480x480/10012595_516999765075974_1142191700_n.jpg&amp;h=230&amp;q=90&amp;f=.jpg
67637,"Photos: Laura Jane Grace & The Devouring Mothers | Venue",http://vancouverweekly-local.local/photos-laura-jane-grace-the-devouring-mothers-venue-63860-2/,http://vancouverweekly-local.local/wp-admin/post.php?post=67637&action=edit,publish,17,0,0,jig_noscript,https://web.archive.org/web/20190403002045im_/http://vancouverweekly-local.local/wp-content/uploads/2019/03/RLJ_6726-1024x684.jpg
67874,"Photos: The Strokes | Rogers Arena",http://vancouverweekly-local.local/photos-the-strokes-rogers-arena-70341-2/,http://vancouverweekly-local.local/wp-admin/post.php?post=67874&action=edit,publish,17,0,0,jig_noscript,https://web.archive.org/web/20200422134127im_/http://vancouverweekly-local.local/wp-content/uploads/2020/03/RLJ_6264-e1583533758650.jpg
67492,"Photos: An Evening with Bill Clinton and Hillary Rodham Clinton | Rogers Arena",http://vancouverweekly-local.local/photos-an-evening-with-bill-clinton-and-hillary-rodham-clinton-rogers-arena-64705-2/,http://vancouverweekly-local.local/wp-admin/post.php?post=67492&action=edit,publish,17,0,0,mixed,https://web.archive.org/web/20190721072842im_/http://vancouverweekly-local.local/wp-content/uploads/2019/05/DSC_0963-1024x684.jpg
67851,"Photos: The Distillers | Commodore Ballroom",http://vancouverweekly-local.local/photos-the-distillers-commodore-ballroom-67663-2/,http://vancouverweekly-local.local/wp-admin/post.php?post=67851&action=edit,publish,17,0,0,jig_noscript,https://web.archive.org/web/20190923210942im_/http://vancouverweekly-local.local/wp-content/uploads/2019/09/DSC_4826-1024x684.jpg
67864,"Photos: The Palms | The Fox Cabaret",http://vancouverweekly-local.local/photos-the-palms-the-fox-cabaret-64659-2/,http://vancouverweekly-local.local/wp-admin/post.php?post=67864&action=edit,publish,17,0,0,mixed,https://web.archive.org/web/20190721063534im_/http://vancouverweekly-local.local/wp-content/uploads/2019/05/B11A7504-1-2.jpg
66125,"Dum Dum Girls with Blouse at the Biltmore Cabaret",http://vancouverweekly-local.local/dum-dum-girls-blouse-biltmore-cabaret/,http://vancouverweekly-local.local/wp-admin/post.php?post=66125&action=edit,publish,16,0,0,jig_noscript,https://web.archive.org/web/20140424185558im_/http://vancouverweekly-local.local/wp-content/plugins/justified-image-grid/timthumb.php?src=https://fbcdn-sphotos-d-a.akamaihd.net/hphotos-ak-prn1/t1.0-9/s720x720/10258059_525664367542847_7460072970012019547_n.jpg&amp;h=230&amp;q=90&amp;f=.jpg
67095,"Me & Mae and Gastown Royals at the Roxy",http://vancouverweekly-local.local/mae-gastown-royals-roxy/,http://vancouverweekly-local.local/wp-admin/post.php?post=67095&action=edit,publish,16,0,0,jig_noscript,https://web.archive.org/web/20140701130606im_/http://vancouverweekly-local.local/wp-content/plugins/justified-image-grid/timthumb.php?src=https://fbcdn-sphotos-a-a.akamaihd.net/hphotos-ak-xpa1/t1.0-9/q77/s720x720/1907660_562418950534055_6169408410105870501_n.jpg&amp;h=230&amp;q=90&amp;f=.jpg
67184,"Ministry, the SixxiS at The Vogue Theatre",http://vancouverweekly-local.local/ministry-the-sixxis-at-the-vogue-theatre/,http://vancouverweekly-local.local/wp-admin/post.php?post=67184&action=edit,publish,16,0,0,jig_noscript,https://web.archive.org/web/20150805004405im_/https://scontent.xx.fbcdn.net/hphotos-xpa1/t31.0-8/10915016_733631270079488_25792865685547368_o.jpg
67594,"Photos: Headstones / SOLD OUT show at The Commodore Ballroom",http://vancouverweekly-local.local/photos-headstones-sold-out-show-at-the-commodore-ballroom-59061-2/,http://vancouverweekly-local.local/wp-admin/post.php?post=67594&action=edit,publish,16,0,0,jig_noscript,https://web.archive.org/web/20171115130233im_/https://scontent.xx.fbcdn.net/v/t31.0-8/23456493_1357438044365471_8365090937926612141_o.jpg?oh=48487d69e116dc3942667c646922908b&amp;oe=5AAACA87
67669,"Photos: Odesza LIVE! / A Moment Apart Tour @ P.N.E. Forum in Vancouver",http://vancouverweekly-local.local/photos-odesza-live-a-moment-apart-tour-p-n-e-forum-in-vancouver58979-2/,http://vancouverweekly-local.local/wp-admin/post.php?post=67669&action=edit,publish,16,0,0,jig_noscript,https://web.archive.org/web/20171112061205im_/https://scontent.xx.fbcdn.net/v/t1.0-9/23172798_1351797938262815_1698246698692424470_n.jpg?oh=ac1de5afa38cba7dd28bdea88fdb4d9f&amp;oe=5A9EBD31
67818,"Photos: Shovels & Rope | Commodore Ballroom",http://vancouverweekly-local.local/photos-shovels-rope-commodore-ballroom-68217-2/,http://vancouverweekly-local.local/wp-admin/post.php?post=67818&action=edit,publish,16,0,0,jig_noscript,https://web.archive.org/web/20191113052550im_/http://vancouverweekly-local.local/wp-content/uploads/2019/11/10-25-2019-Shovels-Rope-at-The-Commodore-Mary-Matheson-Photography-12-1024x768.jpg
68592,"The Struts at Venue Nightclub",http://vancouverweekly-local.local/the-struts-at-venue-nightclub/,http://vancouverweekly-local.local/wp-admin/post.php?post=68592&action=edit,publish,16,0,0,jig_noscript,https://web.archive.org/web/20151113025010im_/https://scontent.xx.fbcdn.net/hphotos-xtp1/t31.0-8/12241108_798726213569993_2847792647049154054_o.jpg
68728,"Twenty-One Pilots at the Vogue Theatre",http://vancouverweekly-local.local/twenty-one-pilots-at-the-vogue-theatre/,http://vancouverweekly-local.local/wp-admin/post.php?post=68728&action=edit,publish,16,0,0,jig_noscript,https://web.archive.org/web/20160221170758im_/https://scontent.xx.fbcdn.net/hphotos-xlf1/t31.0-8/12378120_810906759018605_4067644116487812050_o.jpg
68897,"Walk the Moon at Commodore Ballroom",http://vancouverweekly-local.local/walk-the-moon-at-commodore-ballroom/,http://vancouverweekly-local.local/wp-admin/post.php?post=68897&action=edit,publish,16,0,0,jig_noscript,https://web.archive.org/web/20150406071714im_/https://scontent.xx.fbcdn.net/hphotos-xfp1/t31.0-8/11074647_696089603833655_9177358592113277088_o.jpg
68947,"White Ash Falls & Friends at the Biltmore",http://vancouverweekly-local.local/white-ash-falls-friends-biltmore/,http://vancouverweekly-local.local/wp-admin/post.php?post=68947&action=edit,publish,16,0,0,jig_noscript,https://web.archive.org/web/20140701130403im_/http://vancouverweekly-local.local/wp-content/plugins/justified-image-grid/timthumb.php?src=https://fbcdn-sphotos-h-a.akamaihd.net/hphotos-ak-xap1/v/t1.0-9/s720x720/10457540_562424827200134_2491611120842756817_n.jpg?oh=e3409249d0faf39ffc13396e4484a2b0&amp;oe=54234DA9&amp;__gda__=1411146487_b47314289c9bfacec80cc2d73bb12a31&amp;h=230&amp;q=90&amp;f=.jpg?oh=e3409249d0faf39ffc13396e4484a2b0&amp;oe=54234DA9&amp;__gda__=1411146487_b47314289c9bfacec80cc2d73bb12a31
67509,"Photos: Bear’s Den | Commodore Ballroom",http://vancouverweekly-local.local/photos-bears-den-commodore-ballroom-photos-bears-den-commodore-ballroom/,http://vancouverweekly-local.local/wp-admin/post.php?post=67509&action=edit,publish,16,0,0,jig_noscript,https://web.archive.org/web/20190920103758im_/http://vancouverweekly-local.local/wp-content/uploads/2019/06/bears_den_6589-1024x683.jpg
67646,"Photos: Lynyrd Skynyrd | Abbotsford Centre",http://vancouverweekly-local.local/photos-lynyrd-skynyrd-abbotsford-centre-63749-2/,http://vancouverweekly-local.local/wp-admin/post.php?post=67646&action=edit,publish,16,0,0,jig_noscript,https://web.archive.org/web/20190327215542im_/http://vancouverweekly-local.local/wp-content/uploads/2019/03/Lynyrd-Skynyrd-at-AEC-on-Mar.15-2019-by-Tom-Paillé-0039-1024x683.jpg
67764,"Tool’s overdue performance in Vancouver",http://vancouverweekly-local.local/photos-of-tool-at-rogers-arena-57710-2/,http://vancouverweekly-local.local/wp-admin/post.php?post=67764&action=edit,publish,15,0,0,jig_noscript,https://web.archive.org/web/20170623133420im_/https://scontent.xx.fbcdn.net/v/t31.0-8/p960x960/19238191_1226857190756891_4715563175548624875_o.jpg?oh=6c9f200785c0771315903b485fd26e47&amp;oe=59DE49F1
67839,"Photos: Teenage Fanclub | The Commodore Ballroom",http://vancouverweekly-local.local/photos-teenage-fanclub-the-commodore-ballroom-63192-2/,http://vancouverweekly-local.local/wp-admin/post.php?post=67839&action=edit,publish,15,0,0,jig_noscript,https://web.archive.org/web/20190824070917im_/http://vancouverweekly-local.local/wp-content/uploads/2019/02/RLJ_0089-1-1024x684.jpg
67667,"Photos: Norah Jones | Orpheum Theatre",http://vancouverweekly-local.local/photos-norah-jones-orpheum-theatre-66951-2/,http://vancouverweekly-local.local/wp-admin/post.php?post=67667&action=edit,publish,15,0,0,mixed,https://web.archive.org/web/20190807103356im_/http://vancouverweekly-local.local/wp-content/uploads/2019/07/RLJ_2441-1-3-1024x625.jpg
67662,"Photos: Mt. Joy w/ Wilderado | Imperial",http://vancouverweekly-local.local/photos-mt-joy-w-wilderado-imperial-63828-2/,http://vancouverweekly-local.local/wp-admin/post.php?post=67662&action=edit,publish,15,0,0,jig_noscript,https://web.archive.org/web/20190328054356im_/http://vancouverweekly-local.local/wp-content/uploads/2019/03/DSC_3495-1024x683.jpg
67660,"Photos: Morgan Evans at VENUE",http://vancouverweekly-local.local/photos-morgan-evans-at-venue-68387-2/,http://vancouverweekly-local.local/wp-admin/post.php?post=67660&action=edit,publish,15,0,0,jig_noscript,https://web.archive.org/web/20191113051448im_/http://vancouverweekly-local.local/wp-content/uploads/2019/11/390C70F7-AD2C-431B-A1CA-9C596904AF24-683x1024.jpg
67894,"Photos: Truckfighters | Rickshaw",http://vancouverweekly-local.local/photos-truckfighters-rickshaw-67378-2/,http://vancouverweekly-local.local/wp-admin/post.php?post=67894&action=edit,publish,15,0,0,jig_noscript,https://web.archive.org/web/20190904220542im_/http://vancouverweekly-local.local/wp-content/uploads/2019/08/B11A0069-683x1024.jpg
65677,"Belle and Sebastian and Perfume Genius at The Vogue Theatre",http://vancouverweekly-local.local/belle-and-sebastian-and-perfume-genius-at-the-vogue-theatre/,http://vancouverweekly-local.local/wp-admin/post.php?post=65677&action=edit,publish,14,0,0,jig_noscript,https://web.archive.org/web/20150418075804im_/https://scontent.xx.fbcdn.net/hphotos-xpf1/t31.0-8/11087482_703733373069278_2383026146473212127_o.jpg
67061,"Looking for signs of life in VIFF’s BC short films selection",http://vancouverweekly-local.local/looking-for-signs-of-life-in-viffs-bc-short-films-selection-56583-2/,http://vancouverweekly-local.local/wp-admin/post.php?post=67061&action=edit,publish,14,0,0,image_free,https://web.archive.org/web/20161112122944im_/http://vancouverweekly-local.local/wp-content/uploads/2016/10/The-Cameraman.jpg
67259,"Next Music from Tokyo Vol. 6 at the Biltmore Cabaret",http://vancouverweekly-local.local/next-music-tokyo-vol-6-biltmore-cabaret/,http://vancouverweekly-local.local/wp-admin/post.php?post=67259&action=edit,publish,14,0,0,jig_noscript,https://web.archive.org/web/20140613062419im_/http://vancouverweekly-local.local/wp-content/plugins/justified-image-grid/timthumb.php?src=https://fbcdn-sphotos-g-a.akamaihd.net/hphotos-ak-xfp1/t1.0-9/s720x720/10371966_546805838762033_8093800809693500302_n.jpg&amp;h=230&amp;q=90&amp;f=.jpg
68314,"Skinny Puppy at the Commodore Ballroom",http://vancouverweekly-local.local/skinny-puppy-commodore-ballroom/,http://vancouverweekly-local.local/wp-admin/post.php?post=68314&action=edit,publish,14,0,0,jig_noscript,https://web.archive.org/web/20141227201643im_/https://scontent-b.xx.fbcdn.net/hphotos-xap1/t31.0-8/10869865_647798068662809_5573066309080322550_o.jpg
67888,"Photos: Thomas Rhett: Life Changes Tour 2019 | Rogers Arena",http://vancouverweekly-local.local/photos-thomas-rhett-life-changes-tour-2019-rogers-arena-64964-2/,http://vancouverweekly-local.local/wp-admin/post.php?post=67888&action=edit,publish,14,0,0,mixed,https://web.archive.org/web/20190724010059im_/http://vancouverweekly-local.local/wp-content/uploads/2019/05/98E8F9FB-4073-4056-B692-88C281C456CE-1024x683.jpg
67478,"Photos: A Boogie Wit da Hoodie “Outbreak Tour” 2019 | Commodore Ballroom",http://vancouverweekly-local.local/photos-a-boogie-wit-da-hoodie-outbreak-tour-2019-commodore-ballroom-64264-2/,http://vancouverweekly-local.local/wp-admin/post.php?post=67478&action=edit,publish,14,0,0,jig_noscript,https://web.archive.org/web/20190822095721im_/http://vancouverweekly-local.local/wp-content/uploads/2019/04/BWDH_April_8th_18.jpg
65735,"Black Veil Brides at The Vogue Theatre",http://vancouverweekly-local.local/black-veil-brides-vogue-theatre/,http://vancouverweekly-local.local/wp-admin/post.php?post=65735&action=edit,publish,13,0,0,jig_noscript,https://web.archive.org/web/20150309232038im_/https://scontent.xx.fbcdn.net/hphotos-xfp1/t31.0-8/10547901_684531828322766_4693737055361023321_o.jpg
65915,"Clean Bandit at The Commodore Ballroom",http://vancouverweekly-local.local/clean-bandit-at-the-commodore-ballroom/,http://vancouverweekly-local.local/wp-admin/post.php?post=65915&action=edit,publish,13,0,0,jig_noscript,https://web.archive.org/web/20151012175927im_/https://scontent.xx.fbcdn.net/hphotos-xpf1/t31.0-8/11111114_710366632405952_3401878931552037107_o.jpg
66879,"The Kills at The Commodore Ballroom",http://vancouverweekly-local.local/kills-commodore-ballroom/,http://vancouverweekly-local.local/wp-admin/post.php?post=66879&action=edit,publish,13,0,0,jig_noscript,https://web.archive.org/web/20141113184439im_/https://scontent-a.xx.fbcdn.net/hphotos-xpa1/t31.0-8/p960x960/10603858_623590407750242_7892443871199659267_o.jpg
67066,"Lord Huron and Cayucas at The Vogue Theatre",http://vancouverweekly-local.local/lord-huron-and-cayucas-at-the-vogue-theatre/,http://vancouverweekly-local.local/wp-admin/post.php?post=67066&action=edit,publish,13,0,0,jig_noscript,https://web.archive.org/web/20151210042838im_/https://scontent.xx.fbcdn.net/hphotos-xfa1/t31.0-8/11133983_708247485951200_1840045726266643641_o.jpg
67459,"Peter Murphy with Ringo Deathstarr at the Rickshaw",http://vancouverweekly-local.local/peter-murphy-ringo-deathstarr-rickshaw/,http://vancouverweekly-local.local/wp-admin/post.php?post=67459&action=edit,publish,13,0,0,jig_noscript,https://web.archive.org/web/20140707144614im_/http://vancouverweekly-local.local/wp-content/plugins/justified-image-grid/timthumb.php?src=https://scontent-a.xx.fbcdn.net/hphotos-xfa1/t1.0-9/p480x480/10368244_565026420273308_1590121230972107648_n.jpg&amp;h=230&amp;q=90&amp;f=.jpg
67463,"Petunia & the Vipers, Miss Quincy and the Showdown",http://vancouverweekly-local.local/petunia-vipers-miss-quincy-showdown/,http://vancouverweekly-local.local/wp-admin/post.php?post=67463&action=edit,publish,13,0,0,jig_noscript,https://web.archive.org/web/20150222054919im_/https://scontent.xx.fbcdn.net/hphotos-xpf1/t31.0-8/10985012_674991115943504_8704713185082404866_o.jpg
67785,"Photos: Peter Murphy | 40 years of Bauhaus @ The Vogue Theatre",http://vancouverweekly-local.local/photos-peter-murphy-40-years-of-bauhaus-the-vogue-theatre-62741-2/,http://vancouverweekly-local.local/wp-admin/post.php?post=67785&action=edit,publish,13,0,0,jig_noscript,https://web.archive.org/web/20190202014649im_/https://scontent.xx.fbcdn.net/v/t1.0-9/50645555_1860007787441825_4004458431107825664_o.jpg?_nc_cat=100&amp;_nc_ht=scontent.xx&amp;oh=4640a027c318f1ee0e7f55537efafb5d&amp;oe=5CB2EEC0
68347,"SonReal at the Imperial",http://vancouverweekly-local.local/sonreal-imperial/,http://vancouverweekly-local.local/wp-admin/post.php?post=68347&action=edit,publish,13,0,0,jig_noscript,https://web.archive.org/web/20140706073046im_/http://vancouverweekly-local.local/wp-content/plugins/justified-image-grid/timthumb.php?src=https://scontent-a.xx.fbcdn.net/hphotos-xpa1/t1.0-9/p480x480/10440931_562412797201337_8138707800431394598_n.jpg&amp;h=230&amp;q=90&amp;f=.jpg
68604,"The Vancouver hiking enthusiast’s guide to the most beautiful trails",http://vancouverweekly-local.local/the-vancouver-hiking-enthusiasts-guide-to-the-most-beautiful-trails-54579-2/,http://vancouverweekly-local.local/wp-admin/post.php?post=68604&action=edit,publish,13,0,10,image_free,https://web.archive.org/web/20160412221525im_/http://vancouverweekly-local.local/wp-content/uploads/2016/04/Stanley-Park-Trail-www.letsgobiking.net_2013_02_66-vancouver-port-tour-lion-seabus-big.jpg
67865,"Photos: The Philosopher Kings | Imperial",http://vancouverweekly-local.local/photos-the-philosopher-kings-imperial-64775-2/,http://vancouverweekly-local.local/wp-admin/post.php?post=67865&action=edit,publish,13,0,0,mixed,https://web.archive.org/web/20190723172700im_/http://vancouverweekly-local.local/wp-content/uploads/2019/05/philosopher_kings_5366-1-2-1024x611.jpg
65391,"11 Hidden Furniture Store Gems In Vancouver",http://vancouverweekly-local.local/11-hidden-furniture-store-gems-in-vancouver-56323-2/,http://vancouverweekly-local.local/wp-admin/post.php?post=65391&action=edit,publish,12,0,0,image_free,https://web.archive.org/web/20161112123100im_/http://vancouverweekly-local.local/wp-content/uploads/2016/09/LQ-furniture-photo.jpg
65788,"Bry Webb and the Providers at the Biltmore",http://vancouverweekly-local.local/bry-webb-providers-biltmore/,http://vancouverweekly-local.local/wp-admin/post.php?post=65788&action=edit,publish,12,0,0,jig_noscript,https://web.archive.org/web/20140706001009im_/http://vancouverweekly-local.local/wp-content/plugins/justified-image-grid/timthumb.php?src=https://fbcdn-sphotos-f-a.akamaihd.net/hphotos-ak-xpa1/t1.0-9/p480x480/10390522_560443330731617_4951092570169314345_n.jpg&amp;h=230&amp;q=90&amp;f=.jpg
66340,"Greg Drummond at Port Moody Inlet Theatre",http://vancouverweekly-local.local/greg-drummond-port-moody-inlet-theatre/,http://vancouverweekly-local.local/wp-admin/post.php?post=66340&action=edit,publish,12,0,0,jig_noscript,https://web.archive.org/web/20140715230408im_/http://vancouverweekly-local.local/wp-content/plugins/justified-image-grid/timthumb.php?src=https://scontent-a.xx.fbcdn.net/hphotos-xpf1/t1.0-9/q71/s720x720/10308220_539651089477508_1291571773262716997_n.jpg&amp;h=230&amp;q=90&amp;f=.jpg
68039,"Quasi & Blues Control at The Biltmore Cabaret, November 21, 2013",http://vancouverweekly-local.local/quasi-blues-control-biltmore-cabaret-november-21-2013/,http://vancouverweekly-local.local/wp-admin/post.php?post=68039&action=edit,publish,12,0,0,jig_noscript,https://web.archive.org/web/20180410054537im_/https://scontent.xx.fbcdn.net/v/t31.0-8/1402225_466723226770295_537649138_o.jpg?_nc_cat=0&amp;oh=700ee3d5c8c9833c1b3f34f151d63950&amp;oe=5B678D11
68328,"Slipknot at Rogers Arena",http://vancouverweekly-local.local/slipknot-at-rogers-arena/,http://vancouverweekly-local.local/wp-admin/post.php?post=68328&action=edit,publish,12,0,0,jig_noscript,https://web.archive.org/web/20151012164151im_/https://scontent.xx.fbcdn.net/hphotos-xpf1/l/t31.0-8/11893840_767915423317739_2160974408853618741_o.jpg
65871,"Chantal Kraviazuk @ The Massey Theatre in New Westminster",http://vancouverweekly-local.local/chantal-kraviazuk-the-massey-theatre-in-new-westminster-70986-2/,http://vancouverweekly-local.local/wp-admin/post.php?post=65871&action=edit,publish,12,0,0,jig_noscript,https://web.archive.org/web/20201110234419im_/http://vancouverweekly-local.local/wp-content/uploads/2020/10/Chantal-Kreviazuk-at-Massey-Theatre-on-Oct.-28-2020-by-Tom-Paillé-8-1024x683.jpg
67668,"Photos: Ocean Alley | Commodore Ballroom",http://vancouverweekly-local.local/photos-ocean-alley-commodore-ballroom-65464-2/,http://vancouverweekly-local.local/wp-admin/post.php?post=67668&action=edit,publish,12,0,0,jig_noscript,https://web.archive.org/web/20190921172120im_/http://vancouverweekly-local.local/wp-content/uploads/2019/06/IMG_3982-1024x743.jpg
67868,"Photos: The Rubens | Imperial",http://vancouverweekly-local.local/photos-the-rubens-imperial-64208-2/,http://vancouverweekly-local.local/wp-admin/post.php?post=67868&action=edit,publish,12,0,0,jig_noscript,https://web.archive.org/web/20191208234821im_/http://vancouverweekly-local.local/wp-content/uploads/2019/04/IMG_3229-768x1024.jpg
67558,"Photos: Dean Lewis @ Imperial",http://vancouverweekly-local.local/photos-dean-lewis-imperial-63187-2/,http://vancouverweekly-local.local/wp-admin/post.php?post=67558&action=edit,publish,12,0,0,jig_noscript,https://web.archive.org/web/20190821003428im_/http://vancouverweekly-local.local/wp-content/uploads/2019/02/DSC_7309-1024x684.jpg
67896,"Photos: Tyler Childers | Commodore Ballroom",http://vancouverweekly-local.local/photos-tyler-childers-commodore-ballroom-68028-2/,http://vancouverweekly-local.local/wp-admin/post.php?post=67896&action=edit,publish,12,0,0,jig_noscript,https://web.archive.org/web/20191113042458im_/http://vancouverweekly-local.local/wp-content/uploads/2019/10/DSC_0098-1024x683.jpg
67832,"Photos: Spiritualized | Commodore Ballroom",http://vancouverweekly-local.local/photos-spiritualized-commodore-ballroom-64032-2/,http://vancouverweekly-local.local/wp-admin/post.php?post=67832&action=edit,publish,12,0,0,jig_noscript,https://web.archive.org/web/20190408010725im_/http://vancouverweekly-local.local/wp-content/uploads/2019/04/B11A7315.jpg
66119,"Dropkick Murphys at The Commodore Ballroom",http://vancouverweekly-local.local/dropkick-murphys-commodore-ballroom/,http://vancouverweekly-local.local/wp-admin/post.php?post=66119&action=edit,publish,11,0,0,jig_noscript,https://web.archive.org/web/20141229204244im_/https://scontent-a.xx.fbcdn.net/hphotos-xpa1/l/t31.0-8/p960x960/10560363_610192065756743_4851327612110284260_o.jpg
68678,"Top 10 Adventurous Halloween Activities in Vancouver",http://vancouverweekly-local.local/top-10-adventurous-halloween-activities-in-vancouver-58800-2/,http://vancouverweekly-local.local/wp-admin/post.php?post=68678&action=edit,publish,11,0,10,image_free,https://web.archive.org/web/20171026124259im_/http://vancouverweekly-local.local/wp-content/uploads/2017/10/527444_160117107465404_212888646_n.jpg
69205,"Your Guide To The Best Summer Festivals In B.C.",http://vancouverweekly-local.local/your-guide-to-the-best-summer-festivals-in-b-c-53677-2/,http://vancouverweekly-local.local/wp-admin/post.php?post=69205&action=edit,publish,11,0,10,image_free,https://web.archive.org/web/20160318060235im_/http://vancouverweekly-local.local/wp-content/uploads/2016/03/coastal_jazz.jpg
67653,"Photos: Michael Bernard Fitzgerald & JJ Shiplett “Come As You Are” Tour",http://vancouverweekly-local.local/photos-michael-bernard-fitzgerald-jj-shiplett-come-as-you-are-tour-65712-2/,http://vancouverweekly-local.local/wp-admin/post.php?post=67653&action=edit,publish,11,0,0,jig_noscript,https://web.archive.org/web/20190820093321im_/http://vancouverweekly-local.local/wp-content/uploads/2019/06/JJ-Shiplett-and-Michael-Bernard-Fitzgerald-at-the-Wise-Hall-on-Jun-6-2019-by-Tom-Paillé-4707-1024x683.jpg
65390,"10 of B.C.’s Finest Ski Destinations to Choose from this Winter",http://vancouverweekly-local.local/10-of-b-c-s-finest-ski-destinations-to-choose-from-this-winter/,http://vancouverweekly-local.local/wp-admin/post.php?post=65390&action=edit,publish,10,0,0,image_free,https://web.archive.org/web/20151125080259im_/http://vancouverweekly-local.local/wp-content/uploads/2015/11/Big-White.jpg
66021,"Damn Fools at FanClub",http://vancouverweekly-local.local/damn-fools-fanclub/,http://vancouverweekly-local.local/wp-admin/post.php?post=66021&action=edit,publish,10,0,0,jig_noscript,https://web.archive.org/web/20140701130538im_/http://vancouverweekly-local.local/wp-content/plugins/justified-image-grid/timthumb.php?src=https://fbcdn-sphotos-d-a.akamaihd.net/hphotos-ak-xpa1/t1.0-9/q80/s720x720/10509509_562415617201055_7906147988455805741_n.jpg&amp;h=230&amp;q=90&amp;f=.jpg
66330,"Gramatik at The Vogue Theatre",http://vancouverweekly-local.local/gramatik-at-the-vogue-theatre/,http://vancouverweekly-local.local/wp-admin/post.php?post=66330&action=edit,publish,10,0,0,jig_noscript,https://web.archive.org/web/20150520114944im_/https://scontent.xx.fbcdn.net/hphotos-xpt1/t31.0-8/885694_712075838901698_2041490712865087714_o.jpg
66877,"Kiesza at The Commodore Ballroom",http://vancouverweekly-local.local/kiesza-at-the-commodore-ballroom/,http://vancouverweekly-local.local/wp-admin/post.php?post=66877&action=edit,publish,10,0,0,jig_noscript,https://web.archive.org/web/20151210102718im_/https://scontent.xx.fbcdn.net/hphotos-xaf1/t31.0-8/1909180_709412749168007_7380922188954490712_o.jpg
67503,"Photos: Ayla Nereo | Fox Cabaret",http://vancouverweekly-local.local/photos-ayla-nereo-fox-cabaret-64175-2/,http://vancouverweekly-local.local/wp-admin/post.php?post=67503&action=edit,publish,10,0,0,jig_noscript,https://web.archive.org/web/20190408002227im_/http://vancouverweekly-local.local/wp-content/uploads/2019/04/ayla_nereo_4141-1-2-1024x683.jpg
68269,"Shining Fresh Seafood in the Vibrant Neighborhood of Yaletown",http://vancouverweekly-local.local/shining-fresh-seafood-in-the-vibrant-neighborhood-of-yaletown-62641-2/,http://vancouverweekly-local.local/wp-admin/post.php?post=68269&action=edit,publish,10,0,8,image_free,https://web.archive.org/web/20190724010738im_/http://vancouverweekly-local.local/wp-content/uploads/2019/01/Blue-Water-Cafe1.jpg
68361,"St. Lucia at The Commodore Ballroom",http://vancouverweekly-local.local/st-lucia-commodore-ballroom/,http://vancouverweekly-local.local/wp-admin/post.php?post=68361&action=edit,publish,10,0,0,jig_noscript,https://web.archive.org/web/20141227172345im_/https://scontent-b.xx.fbcdn.net/hphotos-xap1/t31.0-8/p960x960/1404573_626795017429781_7006249554565702018_o.jpg
68593,"The Tallest Man on Earth at the Orpheum Theatre",http://vancouverweekly-local.local/the-tallest-man-on-earth-at-the-orpheum-theatre/,http://vancouverweekly-local.local/wp-admin/post.php?post=68593&action=edit,publish,10,0,0,jig_noscript,https://web.archive.org/web/20151011190151im_/https://scontent.xx.fbcdn.net/hphotos-xlf1/t31.0-8/11952742_767484610027487_6382890142707839755_o.jpg
68605,"The Vancouverite’s Guide To The Best Nearby Lakes",http://vancouverweekly-local.local/the-vancouverites-guide-to-the-best-nearby-lakes-55128-2/,http://vancouverweekly-local.local/wp-admin/post.php?post=68605&action=edit,publish,10,0,8,image_free,https://web.archive.org/web/20160621065339im_/http://vancouverweekly-local.local/wp-content/uploads/2016/05/Sasamat-Lake-nancytinarunswrites.wordpress.com_.jpg
68613,"The White Buffalo and Spencer Burton at The Biltmore Cabaret",http://vancouverweekly-local.local/the-white-buffalo-and-spencer-burton-at-the-biltmore-cabaret/,http://vancouverweekly-local.local/wp-admin/post.php?post=68613&action=edit,publish,10,0,0,jig_noscript,https://web.archive.org/web/20150406071423im_/https://scontent.xx.fbcdn.net/hphotos-xpf1/t31.0-8/11080551_697120523730563_3393266173252599619_o.jpg
65440,"7 Ways to Get Your Holiday Spirit on at the Vancouver Christmas Market",http://vancouverweekly-local.local/7-ways-to-get-your-holiday-spirit-on-at-the-vancouver-christmas-market-62570-2/,http://vancouverweekly-local.local/wp-admin/post.php?post=65440&action=edit,publish,10,0,7,image_free,https://web.archive.org/web/20190721221124im_/http://vancouverweekly-local.local/wp-content/uploads/2018/12/1-1.jpg
66798,"Jennifer McInnis Exits the World of Concert Photography and Leaves a Hole in her Wake",http://vancouverweekly-local.local/jennifer-mcinnis-exits-the-world-of-concert-photography-and-leaves-a-hole-in-her-wake/,http://vancouverweekly-local.local/wp-admin/post.php?post=66798&action=edit,publish,10,0,9,image_free,https://web.archive.org/web/20160212030428im_/http://vancouverweekly-local.local/wp-content/uploads/2016/02/Jenn-McInnis-image-taken-by-the-Airborne-Toxic-Event.jpg
67862,"Photos: The Lemonheads | Rickshaw Theatre",http://vancouverweekly-local.local/photos-the-lemonheads-rickshaw-theatre-64992-2/,http://vancouverweekly-local.local/wp-admin/post.php?post=67862&action=edit,publish,10,0,0,jig_noscript,https://web.archive.org/web/20190826065818im_/http://vancouverweekly-local.local/wp-content/uploads/2019/05/B11A7734-1.jpg
65900,"Christopher Owens at The Biltmore Cabaret",http://vancouverweekly-local.local/christopher-owens-biltmore-cabaret/,http://vancouverweekly-local.local/wp-admin/post.php?post=65900&action=edit,publish,9,0,0,mixed,https://web.archive.org/web/20180927174609im_/https://scontent.xx.fbcdn.net/v/t31.0-8/p960x960/1606507_614978055278144_6013248024418765865_o.jpg?_nc_cat=101&amp;oh=5d4d8b761f4f3656ca8c56098f152f4a&amp;oe=5C630B66
66827,"Jonathan Richman at the Biltmore Cabaret",http://vancouverweekly-local.local/jonathan-richman-biltmore-cabaret/,http://vancouverweekly-local.local/wp-admin/post.php?post=66827&action=edit,publish,9,0,0,jig_noscript,https://web.archive.org/web/20141229195329im_/https://fbcdn-sphotos-a-a.akamaihd.net/hphotos-ak-xpf1/v/t1.0-9/10410970_554194078023209_8041466713485358375_n.jpg?oh=3c969bdd764728ad9c87d149e708d22d&amp;oe=552CAAF1&amp;__gda__=1430778523_a0fd88a33c88c1de566cd7f2655b849d
67011,"Levitation Vancouver: a mellow weekend in Stanley Park",http://vancouverweekly-local.local/levitation-vancouver-a-mellow-weekend-in-stanley-park/,http://vancouverweekly-local.local/wp-admin/post.php?post=67011&action=edit,publish,9,0,0,image_free,https://web.archive.org/web/20151106032119im_/http://vancouverweekly-local.local/wp-content/uploads/2015/06/cover-rs.jpg
67615,"Photos: Jeff Lynne’s ELO – Electric Light Orchestra | Rogers Arena",http://vancouverweekly-local.local/photos-jeff-lynnes-elo-electric-light-orchestra-rogers-arena-66117-2/,http://vancouverweekly-local.local/wp-admin/post.php?post=67615&action=edit,publish,9,0,0,mixed,https://web.archive.org/web/20190705151745im_/http://vancouverweekly-local.local/wp-content/uploads/2019/06/ELO-at-Rogers-Arena-on-Jun-26-2019-by-Tom-Paillé-0075-1024x740.jpg
67880,"Photos: The White Buffalo | Imperial",http://vancouverweekly-local.local/photos-the-white-buffalo-imperial-63507-2/,http://vancouverweekly-local.local/wp-admin/post.php?post=67880&action=edit,publish,9,0,0,mixed,https://web.archive.org/web/20201024010731im_/http://vancouverweekly-local.local/wp-content/uploads/2019/03/RLJ_5020.jpg
67940,"Poetry, hockey, and bad TV: An overview of VIFF’s BC Spotlight",http://vancouverweekly-local.local/poetry-hockey-and-bad-tv-an-overview-of-viffs-bc-spotlight-56490-2/,http://vancouverweekly-local.local/wp-admin/post.php?post=67940&action=edit,publish,9,0,0,image_free,https://web.archive.org/web/20161112123004im_/http://vancouverweekly-local.local/wp-content/uploads/2016/10/Hello-Destroyer.jpg
68325,"Sleep at Commodore Ballroom",http://vancouverweekly-local.local/sleep-commodore-ballroom/,http://vancouverweekly-local.local/wp-admin/post.php?post=68325&action=edit,publish,9,0,0,jig_noscript,https://web.archive.org/web/20150222054648im_/https://fbcdn-sphotos-f-a.akamaihd.net/hphotos-ak-xpf1/t31.0-8/10982653_677316582377624_652390138193240316_o.jpg
68980,"Will This Be A Naughtier Taboo Than What You’re Used To?",http://vancouverweekly-local.local/will-this-be-a-naughtier-taboo-than-what-youre-used-to-56908-2/,http://vancouverweekly-local.local/wp-admin/post.php?post=68980&action=edit,publish,9,0,6,image_free,https://web.archive.org/web/20171028061317im_/http://vancouverweekly-local.local/wp-content/uploads/2016/12/Army-Of-Sass.jpg
65526,"Alessandro Cortini, Phil Western, Davachi & Smith at Fox Cabaret",http://vancouverweekly-local.local/alessandro-cortini-phil-western-davachi-smith-at-fox-cabaret/,http://vancouverweekly-local.local/wp-admin/post.php?post=65526&action=edit,publish,8,0,0,jig_noscript,https://web.archive.org/web/20150518030331im_/https://fbcdn-sphotos-d-a.akamaihd.net/hphotos-ak-xpa1/t31.0-8/10493043_711028369006445_5467967646531929193_o.jpg
65739,"Blitzen Trapper at The Biltmore Cabaret",http://vancouverweekly-local.local/blitzen-trapper-biltmore-cabaret/,http://vancouverweekly-local.local/wp-admin/post.php?post=65739&action=edit,publish,8,0,0,jig_noscript,https://web.archive.org/web/20141103180127im_/https://fbcdn-sphotos-e-a.akamaihd.net/hphotos-ak-xpa1/t31.0-8/p960x960/1617674_621660031276613_320742680318341179_o.jpg
66034,"Daniel Wesley at the Commodore Ballroom",http://vancouverweekly-local.local/daniel-wesley-at-the-commodore-ballroom/,http://vancouverweekly-local.local/wp-admin/post.php?post=66034&action=edit,publish,8,0,0,mixed,https://web.archive.org/web/20180526001037im_/https://scontent.xx.fbcdn.net/v/t31.0-8/11402712_730765913699357_1445716543190956338_o.jpg?_nc_cat=0&amp;oh=a1b6661a9c36449a30c48bee5a98b2b2&amp;oe=5B91A1EA
66459,"Hozier at The Commodore Ballroom",http://vancouverweekly-local.local/hozier-commodore-ballroom/,http://vancouverweekly-local.local/wp-admin/post.php?post=66459&action=edit,publish,8,0,0,jig_noscript,https://web.archive.org/web/20141103180132im_/https://fbcdn-sphotos-c-a.akamaihd.net/hphotos-ak-xpa1/t31.0-8/p960x960/1272188_621058214670128_8744818772673713314_o.jpg
68263,"Shawn Mendes reminds Vancouverites that they still have their youth",http://vancouverweekly-local.local/shawn-mendes-reminds-vancouverites-that-they-still-have-their-youth-65799-2/,http://vancouverweekly-local.local/wp-admin/post.php?post=68263&action=edit,publish,8,0,6,image_free,https://web.archive.org/web/20190705161812im_/http://vancouverweekly-local.local/wp-content/uploads/2019/06/Shawn.Mendes.07.color_.jpg
68836,"Vancouver Short Film Festival showcases homegrown talent",http://vancouverweekly-local.local/vancouver-short-film-festival-showcases-homegrown-talent-59793-2/,http://vancouverweekly-local.local/wp-admin/post.php?post=68836&action=edit,publish,8,0,7,image_free,https://web.archive.org/web/20180201085701im_/http://vancouverweekly-local.local/wp-content/uploads/2018/01/MV5BODU1OGNjMWMtYjhkZi00MDU5LTk0ZmEtZDRkNTYwOGNlYjY0L2ltYWdlL2ltYWdlXkEyXkFqcGdeQXVyMjQ3NTk3MTE@._V1_SY1000_SX1500_AL_.jpg
68908,"Waxahatchee at Biltmore Cabaret",http://vancouverweekly-local.local/waxahatchee-at-biltmore-cabaret/,http://vancouverweekly-local.local/wp-admin/post.php?post=68908&action=edit,publish,8,0,0,jig_noscript,https://web.archive.org/web/20150518013351im_/https://fbcdn-sphotos-h-a.akamaihd.net/hphotos-ak-xfp1/t31.0-8/11155124_715838531858762_248336442207215432_o.jpg
69206,"Your Ultimate How-to Guide to Everything Sushi",http://vancouverweekly-local.local/your-ultimate-how-to-guide-to-everything-sushi-55156-2/,http://vancouverweekly-local.local/wp-admin/post.php?post=69206&action=edit,publish,8,0,7,image_free,https://web.archive.org/web/20160601141921im_/http://vancouverweekly-local.local/wp-content/uploads/2016/05/itamae-www.stlmag.com_-1.jpg
67491,"Photos: Alice Merton | Biltmore Cabaret",http://vancouverweekly-local.local/photos-alice-merton-biltmore-cabaret-64466-2/,http://vancouverweekly-local.local/wp-admin/post.php?post=67491&action=edit,publish,8,0,0,mixed,https://web.archive.org/web/20190424212602im_/http://vancouverweekly-local.local/wp-content/uploads/2019/04/DSC_9880-1-2-1024x684.png
66453,"How to Make Friends in Vancouver",http://vancouverweekly-local.local/how-to-make-friends-in-vancouver-59283-2/,http://vancouverweekly-local.local/wp-admin/post.php?post=66453&action=edit,publish,8,0,5,image_free,https://web.archive.org/web/20171212115449im_/http://vancouverweekly-local.local/wp-content/uploads/2017/12/priscilla-du-preez-234138.jpg
66004,"Copperhead Road revisited:  Steve Earle and the Dukes back in Vancouver",http://vancouverweekly-local.local/copperhead-road-revisited-steve-earle-and-the-dukes-back-in-vancouver-61922-2/,http://vancouverweekly-local.local/wp-admin/post.php?post=66004&action=edit,publish,7,0,5,image_free,https://web.archive.org/web/20190716075652im_/http://vancouverweekly-local.local/wp-content/uploads/2018/09/1N3A2314-e1538353731241.jpg
67241,"Neil Young brings laughter, then tears, and again laughter to Vancouver",http://vancouverweekly-local.local/neil-young-brings-laughter-then-tears-and-again-laughter-to-vancouver-64945-2/,http://vancouverweekly-local.local/wp-admin/post.php?post=67241&action=edit,publish,7,0,5,image_free,https://web.archive.org/web/20190724003432im_/http://vancouverweekly-local.local/wp-content/uploads/2019/05/RLJ_0937-e1557930665231.jpg
67335,"Ornament & Crime debrief after crossing Canada for the first time",http://vancouverweekly-local.local/ornament-crime-debrief-after-crossing-canada-for-the-first-time-59388-2/,http://vancouverweekly-local.local/wp-admin/post.php?post=67335&action=edit,publish,7,0,5,image_free,https://web.archive.org/web/20171222222305im_/http://vancouverweekly-local.local/wp-content/uploads/2017/12/Unrest119-VWweb.jpg
68729,"Twenty One Pilots brings production value to Rogers Arena",http://vancouverweekly-local.local/twenty-one-pilots-bring-production-value-to-rogers-arena-64931-2/,http://vancouverweekly-local.local/wp-admin/post.php?post=68729&action=edit,publish,7,0,5,image_free,https://web.archive.org/web/20190721221937im_/http://vancouverweekly-local.local/wp-content/uploads/2019/05/RLJ_0640.jpg
68782,"Vancouver Chinatown Festival Brings Food Trucks, Cultural Performances, Kid-Friendly Activities, and more…",http://vancouverweekly-local.local/vancouver-chinatown-festival-brings-food-trucks-cultural-performances-kid-friendly-activities-and-more-67015-2/,http://vancouverweekly-local.local/wp-admin/post.php?post=68782&action=edit,publish,7,0,6,image_free,https://web.archive.org/web/20190825005717im_/http://vancouverweekly-local.local/wp-content/uploads/2019/08/Chinatown-Festival-Lion-Dance.jpg
68205,"Science of Cocktails experience brings together bartenders, chefs & chemistry to benefit children",http://vancouverweekly-local.local/science-of-cocktails-experience-bring-bartenders-chefs-chemistry-together-to-benefit-children-62908-2/,http://vancouverweekly-local.local/wp-admin/post.php?post=68205&action=edit,publish,7,0,5,image_free,https://web.archive.org/web/20190723181029im_/http://vancouverweekly-local.local/wp-content/uploads/2019/02/soc1.jpg
68496,"The Cat Empire bring their sunny musical stylings to a sunny Vancouver",http://vancouverweekly-local.local/the-cat-empire-bring-their-sunny-musical-stylings-to-a-sunny-vancouver-63653-2/,http://vancouverweekly-local.local/wp-admin/post.php?post=68496&action=edit,publish,7,0,5,image_free,https://web.archive.org/web/20190718010945im_/http://vancouverweekly-local.local/wp-content/uploads/2019/03/DSC_2842-2-e1553037455466.jpg
65480,"A Rookie’s Guide to Backyard Adventures: Winter Camping on Keats Island",http://vancouverweekly-local.local/a-rookies-guide-to-backyard-adventures-winter-camping-on-keats-island-60164-2/,http://vancouverweekly-local.local/wp-admin/post.php?post=65480&action=edit,publish,6,0,5,image_free,https://web.archive.org/web/20180303133350im_/http://vancouverweekly-local.local/wp-content/uploads/2018/03/Keats_5.jpg
65611,"Back To The Slopes With Whistler Blackcomb’s Annual Turkey Sale",http://vancouverweekly-local.local/back-to-the-slopes-with-whistler-blackcombs-annual-turkey-sale-56433-2/,http://vancouverweekly-local.local/wp-admin/post.php?post=65611&action=edit,publish,6,0,0,image_free,https://web.archive.org/web/20170204221006im_/http://vancouverweekly-local.local/wp-content/uploads/2016/09/1920x1080PMcarving0287Edit.jpg
65710,"Billie Eilish rules the PNE Amphitheatre",http://vancouverweekly-local.local/billie-eilish-rules-the-pne-amphitheatre-65535-2/,http://vancouverweekly-local.local/wp-admin/post.php?post=65710&action=edit,publish,6,0,5,image_free,https://web.archive.org/web/20190821031329im_/http://vancouverweekly-local.local/wp-content/uploads/2019/06/RLJ_7468.jpg
65931,"Collective Soul screeches into Commodore Station on the Rock and Roll Express Tour",http://vancouverweekly-local.local/collective-soul-screeches-into-commodore-station-on-the-rock-and-roll-express-tour-61035-2/,http://vancouverweekly-local.local/wp-admin/post.php?post=65931&action=edit,publish,6,0,5,image_free,https://web.archive.org/web/20180703120531im_/http://vancouverweekly-local.local/wp-content/uploads/2018/06/RLJ6332-e1530291698111.jpg
66028,"Dan Mangan Returns Home For An Unforgettable Performance",http://vancouverweekly-local.local/dan-mangan-returns-home-for-an-unforgettable-performance-62938-2/,http://vancouverweekly-local.local/wp-admin/post.php?post=66028&action=edit,publish,6,0,5,image_free,https://web.archive.org/web/20191114015602im_/http://vancouverweekly-local.local/wp-content/uploads/2019/02/DSC_1699-e1550111749141.jpg
66111,"Drake flaunts big money at visually stunning Vancouver show",http://vancouverweekly-local.local/drake-flaunts-big-money-at-visually-stunning-vancouver-show-62144-2/,http://vancouverweekly-local.local/wp-admin/post.php?post=66111&action=edit,publish,6,0,5,image_free,https://web.archive.org/web/20181108111426im_/http://vancouverweekly-local.local/wp-content/uploads/2018/11/RLJ_9593-1-3-600.jpg
66232,"Fleetwood Mac sprinkles gold dust on a Vancouver evening",http://vancouverweekly-local.local/fleetwood-mac-sprinkles-gold-dust-on-a-vancouver-evening-62295-2/,http://vancouverweekly-local.local/wp-admin/post.php?post=66232&action=edit,publish,6,0,5,image_free,https://web.archive.org/web/20181122234140im_/http://vancouverweekly-local.local/wp-content/uploads/2018/11/RLJ_2189-1.jpg
66241,"Foo Fighters: A masterclass rock n’ roll show with a touch of circus",http://vancouverweekly-local.local/foo-fighters-a-masterclass-rock-n-roll-show-with-a-touch-of-circus-61540-2/,http://vancouverweekly-local.local/wp-admin/post.php?post=66241&action=edit,publish,6,0,5,image_free,https://web.archive.org/web/20190916062558im_/http://vancouverweekly-local.local/wp-content/uploads/2018/09/RLJ7073.jpg
66314,"Gomez brings it at the Commodore Ballroom",http://vancouverweekly-local.local/gomez-brings-it-at-the-commodore-ballroom-60998-2/,http://vancouverweekly-local.local/wp-admin/post.php?post=66314&action=edit,publish,6,0,4,image_free,https://web.archive.org/web/20180703120552im_/http://vancouverweekly-local.local/wp-content/uploads/2018/06/1H6A7639.jpg
66357,"Guns N’ Roses deliver fully loaded reunion show at BC Place",http://vancouverweekly-local.local/guns-n-roses-deliver-fully-loaded-reunion-show-at-bc-place/,http://vancouverweekly-local.local/wp-admin/post.php?post=66357&action=edit,publish,6,0,5,image_free,https://web.archive.org/web/20170908010410im_/http://vancouverweekly-local.local/wp-content/uploads/2017/09/sept.1.2017.gnr-royal-blood_28.jpg
66368,"Harry Styles goes his own way at Rogers Arena",http://vancouverweekly-local.local/harry-styles-goes-his-own-way-at-rogers-arena-61107-2/,http://vancouverweekly-local.local/wp-admin/post.php?post=66368&action=edit,publish,6,0,5,image_free,https://web.archive.org/web/20180711083131im_/http://vancouverweekly-local.local/wp-content/uploads/2018/07/DSC_6119-e1530991128416.jpg
66799,"Jenny Lewis: More than ‘Just One of the Guys’",http://vancouverweekly-local.local/jenny-lewis-more-than-just-one-of-the-guys-65058-2/,http://vancouverweekly-local.local/wp-admin/post.php?post=66799&action=edit,publish,6,0,5,image_free,https://web.archive.org/web/20190824072816im_/http://vancouverweekly-local.local/wp-content/uploads/2019/05/RLJ_1943-2.jpg
66859,"Katy Perry proves her purpose in Vancouver",http://vancouverweekly-local.local/katy-perry-proves-her-purpose-in-vancouver-59977-2/,http://vancouverweekly-local.local/wp-admin/post.php?post=66859&action=edit,publish,6,0,5,image_free,https://web.archive.org/web/20180210182206im_/http://vancouverweekly-local.local/wp-content/uploads/2018/02/FEB.5_2018_KATY_PERRY_ROGERS-8-of-10-e1518019598355.jpg
67017,"Levitation Vancouver – Day 3 (Rickshaw Theatre)",http://vancouverweekly-local.local/levitation-vancouver-day-3-rickshaw-theatre/,http://vancouverweekly-local.local/wp-admin/post.php?post=67017&action=edit,publish,6,0,0,jig_noscript,https://web.archive.org/web/20151106032131im_/https://scontent.xx.fbcdn.net/hphotos-xfa1/t31.0-8/11411868_732460616863220_8606987097383494397_o.jpg
67183,"Ministry shows Vancouver audience ‘AmeriKKKant’ gets it right",http://vancouverweekly-local.local/ministry-shows-vancouver-audience-amerikkkant-gets-it-right-60411-2/,http://vancouverweekly-local.local/wp-admin/post.php?post=67183&action=edit,publish,6,0,5,image_free,https://web.archive.org/web/20180403103032im_/http://vancouverweekly-local.local/wp-content/uploads/2018/03/RLJ5566-1-e1522453227172.jpg
67214,"Motorcycle riding with a technological edge",http://vancouverweekly-local.local/motorcycle-riding-with-a-technological-edge-60059-2/,http://vancouverweekly-local.local/wp-admin/post.php?post=67214&action=edit,publish,6,0,0,image_free,https://web.archive.org/web/20190619013328im_/http://vancouverweekly-local.local/wp-content/uploads/2018/02/motorcycle-racing.jpg
67224,"Mt. Joy brings your favourite indie road-trip playlist to life",http://vancouverweekly-local.local/mt-joy-brings-your-favourite-indie-road-trip-playlist-to-life-63831-2/,http://vancouverweekly-local.local/wp-admin/post.php?post=67224&action=edit,publish,6,0,5,image_free,https://web.archive.org/web/20190327145210im_/http://vancouverweekly-local.local/wp-content/uploads/2019/03/DSC_3467.jpg
67428,"Passenger at the Orpheum Theatre",http://vancouverweekly-local.local/passenger-at-the-orpheum-theatre/,http://vancouverweekly-local.local/wp-admin/post.php?post=67428&action=edit,publish,6,0,0,jig_noscript,https://web.archive.org/web/20151011194732im_/https://scontent.xx.fbcdn.net/hphotos-xpf1/t31.0-8/11950281_775155532593728_4153053083437980177_o.jpg
67441,"Paul Simon kicks off ‘Homeward Bound’ farewell tour in VanCity",http://vancouverweekly-local.local/paul-simon-kicks-off-homeward-bound-farewell-tour-in-vancity-60654-2/,http://vancouverweekly-local.local/wp-admin/post.php?post=67441&action=edit,publish,6,0,4,image_free,https://web.archive.org/web/20190721064834im_/http://vancouverweekly-local.local/wp-content/uploads/2018/05/Tom-Paille-3.jpg
68256,"Shakey Graves delights Vancouver fans once again",http://vancouverweekly-local.local/shakey-graves-delights-vancouver-fans-once-again-62536-2/,http://vancouverweekly-local.local/wp-admin/post.php?post=68256&action=edit,publish,6,0,5,image_free,https://web.archive.org/web/20181218030422im_/http://vancouverweekly-local.local/wp-content/uploads/2018/12/DSC_9841.jpg
68307,"Sir Rod rocks Rogers",http://vancouverweekly-local.local/sir-rod-rocks-rogers-60461-2/,http://vancouverweekly-local.local/wp-admin/post.php?post=68307&action=edit,publish,6,0,5,image_free,https://web.archive.org/web/20180620142525im_/http://vancouverweekly-local.local/wp-content/uploads/2018/04/RLJ8921-1-e1523457138588.jpg
68375,"Steel Panther excites Vancouver crowd with a night of sex and spandex",http://vancouverweekly-local.local/steel-panther-excites-vancouver-crowd-with-a-night-of-sex-and-spandex-60331-2/,http://vancouverweekly-local.local/wp-admin/post.php?post=68375&action=edit,publish,6,0,5,image_free,https://web.archive.org/web/20180326142512im_/http://vancouverweekly-local.local/wp-content/uploads/2018/03/RLJ3241-1-e1521250500156.jpg
68790,"Vancouver crowd devours Laura Jane Grace set at Venue",http://vancouverweekly-local.local/vancouver-crowd-devours-laura-jane-grace-set-at-venue-63867-2/,http://vancouverweekly-local.local/wp-admin/post.php?post=68790&action=edit,publish,6,0,5,image_free,https://web.archive.org/web/20190403120807im_/http://vancouverweekly-local.local/wp-content/uploads/2019/03/RLJ_6677.jpg
68797,"Vancouver fans rally after Arkells frontman calls them out",http://vancouverweekly-local.local/vancouver-fans-rally-after-arkells-frontman-calls-them-out-62854-2/,http://vancouverweekly-local.local/wp-admin/post.php?post=68797&action=edit,publish,6,0,5,image_free,https://web.archive.org/web/20190207062002im_/http://vancouverweekly-local.local/wp-content/uploads/2019/02/51682645_1878474332261837_5589326196832731136_o.jpg
68804,"Vancouver Folk Music Festival Brings Something for Everyone",http://vancouverweekly-local.local/vancouver-folk-music-festival-brings-something-for-everyone-66187-2/,http://vancouverweekly-local.local/wp-admin/post.php?post=68804&action=edit,publish,6,0,0,image_free,https://web.archive.org/web/20190713230003im_/http://vancouverweekly-local.local/wp-content/uploads/2019/07/Van-Folk-Fest-Crowd.jpg
68917,"Weekly comedy show Jokes Please! celebrates five years of hilarity in Vancouver",http://vancouverweekly-local.local/weekly-comedy-show-jokes-please-celebrates-five-years-of-hilarity-in-vancouver-61649-2/,http://vancouverweekly-local.local/wp-admin/post.php?post=68917&action=edit,publish,6,0,5,image_free,https://web.archive.org/web/20180927132738im_/http://vancouverweekly-local.local/wp-content/uploads/2018/09/image11.jpeg
68920,"Weezer and Pixies take Vancouver across time and space",http://vancouverweekly-local.local/weezer-and-pixies-take-vancouver-across-time-and-space-64238-2/,http://vancouverweekly-local.local/wp-admin/post.php?post=68920&action=edit,publish,6,0,5,image_free,https://web.archive.org/web/20190424204024im_/http://vancouverweekly-local.local/wp-content/uploads/2019/04/RLJ_9443.jpg
65427,"5 Crazy Desserts in Vancouver You Need to Try Right Now to Satisfy Your Sweet Tooth",http://vancouverweekly-local.local/5-crazy-desserts-in-vancouver-you-need-to-try-right-now-to-satisfy-your-sweet-tooth-67858-2/,http://vancouverweekly-local.local/wp-admin/post.php?post=65427&action=edit,publish,6,0,0,image_free,https://web.archive.org/web/20200929141217im_/http://vancouverweekly-local.local/wp-content/uploads/2019/10/66487972_483259868903892_6743944953584681218_n.jpg
65904,"Chromeo funks up Stanley Park",http://vancouverweekly-local.local/chromeo-funks-up-stanley-park-65564-2/,http://vancouverweekly-local.local/wp-admin/post.php?post=65904&action=edit,publish,6,0,5,image_free,https://web.archive.org/web/20190820104541im_/http://vancouverweekly-local.local/wp-content/uploads/2019/06/chromeo_6742.jpg
66243,"Food Sustainability for the Urban Dweller",http://vancouverweekly-local.local/food-sustainability-for-the-urban-dweller-60553-2/,http://vancouverweekly-local.local/wp-admin/post.php?post=66243&action=edit,publish,6,0,4,image_free,https://web.archive.org/web/20180706044747im_/http://vancouverweekly-local.local/wp-content/uploads/2018/04/09e97516-233c-46d4-8243-410fa16c9bce-unnamed9.jpg
66427,"How A Vegan Hotspot Has Redefined Healthy Dining",http://vancouverweekly-local.local/how-a-vegan-hotspot-redefined-healthy-dining-52889-2/,http://vancouverweekly-local.local/wp-admin/post.php?post=66427&action=edit,publish,6,0,5,image_free,https://web.archive.org/web/20160213034239im_/http://vancouverweekly-local.local/wp-content/uploads/2016/02/Zendbrookchef.jpg
67959,"Power, personality, and passion: P!nk delights Vancouver fans",http://vancouverweekly-local.local/power-personality-and-passion-pnk-delights-vancouver-fans-64055-2/,http://vancouverweekly-local.local/wp-admin/post.php?post=67959&action=edit,publish,6,0,5,image_free,https://web.archive.org/web/20190408013738im_/http://vancouverweekly-local.local/wp-content/uploads/2019/04/RLJ_8122.jpg
65479,"A rookie’s guide to backyard adventures: Seymour at Sunrise",http://vancouverweekly-local.local/a-rookies-guide-to-backyard-adventures-seymour-at-sunrise-59663-2/,http://vancouverweekly-local.local/wp-admin/post.php?post=65479&action=edit,publish,5,0,4,image_free,https://web.archive.org/web/20180121155239im_/http://vancouverweekly-local.local/wp-content/uploads/2018/01/DSCF0625-copy.jpg
65507,"Advertise With Us",http://vancouverweekly-local.local/advertise/,http://vancouverweekly-local.local/wp-admin/post.php?post=65507&action=edit,publish,5,0,0,image_free,https://web.archive.org/web/20140101203657im_/http://vancouverweekly-local.local/wp-content/uploads/2013/12/FRONT-PAGE_AD_Kit.png
65585,"Arctic Monkeys were damn good on the Pacific Coliseum dance floor",http://vancouverweekly-local.local/arctic-monkeys-were-damn-good-on-the-pacific-coliseum-dance-floor-62058-2/,http://vancouverweekly-local.local/wp-admin/post.php?post=65585&action=edit,publish,5,0,4,image_free,https://web.archive.org/web/20181031195930im_/http://vancouverweekly-local.local/wp-content/uploads/2018/10/RLJ_7590-1-1.jpg
65610,"Bacio Rosso Delights: The Circus has come to Town",http://vancouverweekly-local.local/bacio-rosso-delights-the-circus-has-come-to-town-62163-2/,http://vancouverweekly-local.local/wp-admin/post.php?post=65610&action=edit,publish,5,0,0,image_free,https://web.archive.org/web/20181123030005im_/http://vancouverweekly-local.local/wp-content/uploads/2018/11/Spiegeltent-Exterior-.jpg
65669,"Beck makes Vancouver go ‘Wow’",http://vancouverweekly-local.local/beck-makes-vancouver-go-wow/,http://vancouverweekly-local.local/wp-admin/post.php?post=65669&action=edit,publish,5,0,3,image_free,https://web.archive.org/web/20190724000235im_/http://vancouverweekly-local.local/wp-content/uploads/2017/08/TOMPETTY@ROGERS.AUG_.17-RYAN-JOHNSON_400-e1503898510207.jpg
65678,"Belle and Sebastian are utterly charming in Vancouver",http://vancouverweekly-local.local/belle-and-sebastian-are-utterly-charming-in-vancouver-61037-2/,http://vancouverweekly-local.local/wp-admin/post.php?post=65678&action=edit,publish,5,0,4,image_free,https://web.archive.org/web/20180703120537im_/http://vancouverweekly-local.local/wp-content/uploads/2018/06/DSC_5929-e1530291795568.jpg
65684,"Ben Harper and Charlie Musselwhite deliver a night to remember",http://vancouverweekly-local.local/ben-harper-and-charlie-musselwhite-deliver-a-night-to-remember-61410-2/,http://vancouverweekly-local.local/wp-admin/post.php?post=65684&action=edit,publish,5,0,4,image_free,https://web.archive.org/web/20190820095849im_/http://vancouverweekly-local.local/wp-content/uploads/2018/08/RLJ5087.jpg
65704,"Big Wreck brings loving memories to the Commodore Ballroom",http://vancouverweekly-local.local/big-wreck-brings-loving-memories-to-the-commodore-ballroom-60205-2/,http://vancouverweekly-local.local/wp-admin/post.php?post=65704&action=edit,publish,5,0,4,image_free,https://web.archive.org/web/20180311152408im_/http://vancouverweekly-local.local/wp-content/uploads/2018/03/RLJ5077-e1520046900763.jpg
65728,"Black Keys frontman Dan Auerbach talks life in Nashville and using his label to unearth talent",http://vancouverweekly-local.local/black-keys-frontman-dan-auerbach-talks-life-in-nashville-and-using-his-label-to-unearth-talent-60026-2/,http://vancouverweekly-local.local/wp-admin/post.php?post=65728&action=edit,publish,5,0,4,image_free,https://web.archive.org/web/20180215211501im_/http://vancouverweekly-local.local/wp-content/uploads/2018/02/27657590_1440260219416586_2299233865746698306_n.jpg
65740,"Blitzen Trapper celebrates 10-year anniversary of their album Furr",http://vancouverweekly-local.local/blitzen-trapper-celebrates-10-year-anniversary-of-their-album-furr-61623-2/,http://vancouverweekly-local.local/wp-admin/post.php?post=65740&action=edit,publish,5,0,4,image_free,https://web.archive.org/web/20190821034213im_/http://vancouverweekly-local.local/wp-content/uploads/2018/09/DSC_4829-1-2-e1537126429621.jpg
65744,"Blues guitar virtuoso Joe Bonamassa stuns audience after three-day Vancouver stint",http://vancouverweekly-local.local/blues-guitar-virtuoso-joe-bonamassa-stuns-audience-after-three-day-vancouver-stint-62435-2/,http://vancouverweekly-local.local/wp-admin/post.php?post=65744&action=edit,publish,5,0,4,image_free,https://web.archive.org/web/20181208010846im_/http://vancouverweekly-local.local/wp-content/uploads/2018/12/RLJ_7441-1.jpg
65747,"Bob Seger delivers a night Vancouver will never forget",http://vancouverweekly-local.local/bob-seger-delivers-a-night-vancouver-will-never-forget-62891-2/,http://vancouverweekly-local.local/wp-admin/post.php?post=65747&action=edit,publish,5,0,4,image_free,https://web.archive.org/web/20190213141100im_/http://vancouverweekly-local.local/wp-content/uploads/2019/02/RLJ_7725-1-e1549738717324.jpg
65775,"Bre McDaniel sets a table for all on her debut album HOWL",http://vancouverweekly-local.local/bre-mcdaniel-sets-a-table-for-all-on-her-debut-album-howl62311-2/,http://vancouverweekly-local.local/wp-admin/post.php?post=65775&action=edit,publish,5,0,3,image_free,https://web.archive.org/web/20181122234210im_/http://vancouverweekly-local.local/wp-content/uploads/2018/11/BMPhoto1_JaredKorb1-1.jpg
65789,"Bryan Adams performs ‘Straight From The Heart’ for mom and Vancouver alike",http://vancouverweekly-local.local/bryan-adams-performs-straight-from-the-heart-for-mom-and-vancouver-alike-60873-2/,http://vancouverweekly-local.local/wp-admin/post.php?post=65789&action=edit,publish,5,0,4,image_free,https://web.archive.org/web/20180610124700im_/http://vancouverweekly-local.local/wp-content/uploads/2018/06/JUNE_6_2018_BRYAN_ADAMS@ROGERS_RYAN_JOHNSON-52-of-57-e1528367108511.jpg
65834,"Canadian punk icon Headstones proves that rock ’n’ roll is not dead",http://vancouverweekly-local.local/canadian-punk-icon-headstones-proves-that-rock-n-roll-is-not-dead-59065-2/,http://vancouverweekly-local.local/wp-admin/post.php?post=65834&action=edit,publish,5,0,4,image_free,https://web.archive.org/web/20171119080446im_/http://vancouverweekly-local.local/wp-content/uploads/2017/11/DSC_8864-Edit-Edit-e1510469006925.jpg
65850,"Carrie Underwood brings some wholesome girl power to Vancouver",http://vancouverweekly-local.local/carrie-underwood-brings-some-wholesome-girl-power-to-vancouver-65200-2/,http://vancouverweekly-local.local/wp-admin/post.php?post=65850&action=edit,publish,5,0,4,image_free,https://web.archive.org/web/20190602161517im_/http://vancouverweekly-local.local/wp-content/uploads/2019/05/RLJ_6252-e1558976332351.jpg
65889,"Cher’s ‘Here We Go Again’ tour is a dazzling, high-energy extravaganza",http://vancouverweekly-local.local/chers-here-we-go-again-tour-is-a-dazzling-high-energy-extravaganza-65470-2/,http://vancouverweekly-local.local/wp-admin/post.php?post=65889&action=edit,publish,5,0,3,image_free,https://web.archive.org/web/20190821023519im_/http://vancouverweekly-local.local/wp-content/uploads/2019/06/RLJ_7369-e1559413375288.jpg
65937,"Come and See refuses to relent",http://vancouverweekly-local.local/come-and-see-refuses-to-relent/,http://vancouverweekly-local.local/wp-admin/post.php?post=65937&action=edit,publish,5,0,0,image_free,https://web.archive.org/web/20200814135540im_/http://vancouverweekly-local.local/wp-content/uploads/2020/03/28895id_059-300x220.jpg
66001,"Contributor Kit",http://vancouverweekly-local.local/contributor-kit/,http://vancouverweekly-local.local/wp-admin/post.php?post=66001&action=edit,publish,5,0,0,image_free,https://web.archive.org/web/20131029224319im_/http://vanweekly.com/wordpress/wp-content/uploads/2012/07/FRONT-PAGE.jpg
66032,"Dancing in the rain at the Vancouver Mural Fest Park Show",http://vancouverweekly-local.local/dancing-in-the-rain-at-the-vancouver-mural-fest-park-show-61335-2/,http://vancouverweekly-local.local/wp-admin/post.php?post=66032&action=edit,publish,5,0,4,image_free,https://web.archive.org/web/20180817050933im_/http://vancouverweekly-local.local/wp-content/uploads/2018/08/RLJ3215.jpg
66049,"David Byrne gets Vancouverites dancing to utopian hits",http://vancouverweekly-local.local/david-byrne-gets-vancouverites-dancing-to-utopian-hits-60715-2/,http://vancouverweekly-local.local/wp-admin/post.php?post=66049&action=edit,publish,5,0,4,image_free,https://web.archive.org/web/20180607045304im_/http://vancouverweekly-local.local/wp-content/uploads/2018/05/VDSC_5415-e1527144196592.jpg
66145,"Elvis Costello brings it home",http://vancouverweekly-local.local/elvis-costello-brings-it-home-62476-2/,http://vancouverweekly-local.local/wp-admin/post.php?post=66145&action=edit,publish,5,0,4,image_free,https://web.archive.org/web/20181218030524im_/http://vancouverweekly-local.local/wp-content/uploads/2018/12/RLJ_8047-1-e1544053181124.jpg
66203,"Father John Misty and The Killers take over the last hours of Skookum Festival",http://vancouverweekly-local.local/father-john-misty-and-the-killers-take-over-the-last-hours-of-skookum-festival-61548-2/,http://vancouverweekly-local.local/wp-admin/post.php?post=66203&action=edit,publish,5,0,4,image_free,https://web.archive.org/web/20180914051315im_/http://vancouverweekly-local.local/wp-content/uploads/2018/09/fatherjohnmisty-DSC2214.jpg
66227,"Five reasons to take in the 2018 Vancouver Folk Music Festival",http://vancouverweekly-local.local/five-reasons-to-take-in-the-2018-vancouver-folk-music-festival-60777-2/,http://vancouverweekly-local.local/wp-admin/post.php?post=66227&action=edit,publish,5,0,1,image_free,https://web.archive.org/web/20180607051300im_/http://vancouverweekly-local.local/wp-content/uploads/2018/06/2016_07_16_Mills_Colin-7215-henry-wagons.jpg
66234,"Florence + the Machine sprinkle some magic on day two of Skookum Festival",http://vancouverweekly-local.local/florence-the-machine-sprinkle-some-magic-on-day-two-of-skookum-festival-61501-2/,http://vancouverweekly-local.local/wp-admin/post.php?post=66234&action=edit,publish,5,0,4,image_free,https://web.archive.org/web/20180913043123im_/http://vancouverweekly-local.local/wp-content/uploads/2018/09/florence-skookum-DSC9580.jpg
66237,"Foals keep the weekend alive for a Monday night crowd",http://vancouverweekly-local.local/foals-keep-the-weekend-alive-for-a-monday-night-crowd-63709-2/,http://vancouverweekly-local.local/wp-admin/post.php?post=66237&action=edit,publish,5,0,4,image_free,https://web.archive.org/web/20190327183915im_/http://vancouverweekly-local.local/wp-content/uploads/2019/03/DSC_8922.jpg
66246,"For 35th year, VIFF debuts a re-design and increases focus on BC film",http://vancouverweekly-local.local/for-35th-year-viff-debuts-a-re-design-and-increases-focus-on-bc-film-56402-2/,http://vancouverweekly-local.local/wp-admin/post.php?post=66246&action=edit,publish,5,0,0,image_free,https://web.archive.org/web/20161112123122im_/http://vancouverweekly-local.local/wp-content/uploads/2016/09/popcorn-e1448930649566.jpg
66263,"Franz Ferdinand rocks sold out show at the Commodore",http://vancouverweekly-local.local/franz-ferdinand-rocks-sold-out-show-at-the-commodore-59303-2/,http://vancouverweekly-local.local/wp-admin/post.php?post=66263&action=edit,publish,5,0,4,image_free,https://web.archive.org/web/20180226084301im_/http://vancouverweekly-local.local/wp-content/uploads/2017/12/20171206_171916-1-e1512612465868.jpg
66446,"How To Have A Career And Not Incur Any Debt",http://vancouverweekly-local.local/how-to-have-a-career-and-not-incur-any-debt-55658-2/,http://vancouverweekly-local.local/wp-admin/post.php?post=66446&action=edit,publish,5,0,0,image_free,https://web.archive.org/web/20160702191316im_/http://vancouverweekly-local.local/wp-content/uploads/2016/06/photo-1454679371063-8b15f1b98f1b.jpg
66451,"How to Make Badass Super Coffee",http://vancouverweekly-local.local/how-to-make-badass-super-coffee-56042-2/,http://vancouverweekly-local.local/wp-admin/post.php?post=66451&action=edit,publish,5,0,0,image_free,https://web.archive.org/web/20160812104454im_/http://vancouverweekly-local.local/wp-content/uploads/2016/08/platform7-2.png
66457,"Howlin’ Rain headlines a glorious night of music",http://vancouverweekly-local.local/howlin-rain-headlines-a-glorious-night-of-music-62692-2/,http://vancouverweekly-local.local/wp-admin/post.php?post=66457&action=edit,publish,5,0,4,image_free,https://web.archive.org/web/20191121105146im_/http://vancouverweekly-local.local/wp-content/uploads/2019/01/DSC_0344-e1547330997767.jpg
66516,"INTERVIEW: JFL NorthWest features The Critical Hit Show on Best of the West line-up",http://vancouverweekly-local.local/interview-jfl-northwest-features-the-critical-hit-show-on-best-of-the-west-line-up-57204-2/,http://vancouverweekly-local.local/wp-admin/post.php?post=66516&action=edit,publish,5,0,4,image_free,https://web.archive.org/web/20170507162450im_/http://vancouverweekly-local.local/wp-content/uploads/2017/02/IMG_7211.jpg
66781,"James Vincent McMorrow at The Vogue Theatre",http://vancouverweekly-local.local/james-vincent-mcmorrow-vogue-theatre/,http://vancouverweekly-local.local/wp-admin/post.php?post=66781&action=edit,publish,5,0,0,jig_noscript,https://web.archive.org/web/20150311100136im_/https://fbcdn-sphotos-d-a.akamaihd.net/hphotos-ak-xap1/t31.0-8/10991507_684798021629480_5892199410530044469_o.jpg
66828,"Jonny Lang gives passion-packed blues performance at the Commodore",http://vancouverweekly-local.local/jonny-lang-gives-passion-packed-blues-performance-at-the-commodore-59251-2/,http://vancouverweekly-local.local/wp-admin/post.php?post=66828&action=edit,publish,5,0,4,image_free,https://web.archive.org/web/20171207043153im_/http://vancouverweekly-local.local/wp-content/uploads/2017/11/RLJ6932-e1512094331441.jpg
66850,"Jungle sets Vancouver’s soul on fire",http://vancouverweekly-local.local/jungle-sets-vancouvers-soul-on-fire-63385-2/,http://vancouverweekly-local.local/wp-admin/post.php?post=66850&action=edit,publish,5,0,4,image_free,https://web.archive.org/web/20190822100335im_/http://vancouverweekly-local.local/wp-content/uploads/2019/03/B11A7286_1.jpg
66868,"Keith Urban throws Vancouver a party at Rogers Arena",http://vancouverweekly-local.local/keith-urban-throws-vancouver-a-party-at-rogers-arena-61896-2/,http://vancouverweekly-local.local/wp-admin/post.php?post=66868&action=edit,publish,5,0,4,image_free,https://web.archive.org/web/20181001100724im_/http://vancouverweekly-local.local/wp-content/uploads/2018/09/RLJ_9456-1.jpg
67036,"Lifestyle Over Luxury Makes Being Eco-friendly Affordable",http://vancouverweekly-local.local/lifestyle-over-luxury-makes-being-eco-friendly-affordable-56461-2/,http://vancouverweekly-local.local/wp-admin/post.php?post=67036&action=edit,publish,5,0,0,image_free,https://web.archive.org/web/20170204220019im_/http://vancouverweekly-local.local/wp-content/uploads/2016/09/IMG_2566.jpg
67038,"Lights spreads hope in Vancouver with ‘We Were Here’ tour",http://vancouverweekly-local.local/lights-spreads-hope-in-vancouver-with-we-were-here-tour-59886-2/,http://vancouverweekly-local.local/wp-admin/post.php?post=67038&action=edit,publish,5,0,4,image_free,https://web.archive.org/web/20180206072833im_/http://vancouverweekly-local.local/wp-content/uploads/2018/01/DSC_1146.jpg
67123,"Matilda the Musical Brings Depth, Joy, and Nasty Fun to the Stanley Theatre",http://vancouverweekly-local.local/matilda-the-musical-brings-depth-joy-and-nasty-fun-to-the-stanley-theatre-65159-2/,http://vancouverweekly-local.local/wp-admin/post.php?post=67123&action=edit,publish,5,0,4,image_free,https://web.archive.org/web/20190609085337im_/http://vancouverweekly-local.local/wp-content/uploads/2019/05/matilda-the-musical-233.jpg
67152,"Men in Black goes ‘International’ with slicker suits and less personality",http://vancouverweekly-local.local/men-in-black-goes-international-with-slicker-suits-and-less-personality/,http://vancouverweekly-local.local/wp-admin/post.php?post=67152&action=edit,publish,5,0,3,image_free,https://web.archive.org/web/20190705151728im_/http://vancouverweekly-local.local/wp-content/uploads/2019/06/MIB1.jpg
67173,"Miguel opens hearts and prison cells on the War & Leisure Tour",http://vancouverweekly-local.local/miguel-opens-hearts-and-prison-cells-on-the-war-leisure-tour-60141-2/,http://vancouverweekly-local.local/wp-admin/post.php?post=67173&action=edit,publish,5,0,4,image_free,https://web.archive.org/web/20180302032646im_/http://vancouverweekly-local.local/wp-content/uploads/2018/02/DSC03878-e1519591990878.jpg
67199,"MØ comes into her own at the Commodore Ballroom",http://vancouverweekly-local.local/mo-comes-into-her-own-at-the-commodore-ballroom-62809-2/,http://vancouverweekly-local.local/wp-admin/post.php?post=67199&action=edit,publish,5,0,4,image_free,https://web.archive.org/web/20190208150450im_/http://vancouverweekly-local.local/wp-content/uploads/2019/01/DSC_6430.jpg
67275,"Nîpawistamâsowin: We Will Stand Up is vital viewing for Canadians",http://vancouverweekly-local.local/nipawistamasowin-we-will-stand-up-is-vital-viewing-for-canadians/,http://vancouverweekly-local.local/wp-admin/post.php?post=67275&action=edit,publish,5,0,3,image_free,https://web.archive.org/web/20190705151734im_/http://vancouverweekly-local.local/wp-content/uploads/2019/05/Colten3-300x169.jpg
67312,"Once Upon a Time in Hollywood is about as charming as a Manson movie will ever get",http://vancouverweekly-local.local/once-upon-a-time-in-hollywood-is-about-as-charming-as-a-manson-movie-will-ever-get-66741-2/,http://vancouverweekly-local.local/wp-admin/post.php?post=67312&action=edit,publish,5,0,2,image_free,https://web.archive.org/web/20190807101754im_/http://vancouverweekly-local.local/wp-content/uploads/2019/07/Once1-300x169.jpg
67350,"Panic! at the Disco brings the love and pizazz to Vancouver",http://vancouverweekly-local.local/panic-at-the-disco-brings-the-love-and-pizazz-to-vancouver-61348-2/,http://vancouverweekly-local.local/wp-admin/post.php?post=67350&action=edit,publish,5,0,4,image_free,https://web.archive.org/web/20180817050937im_/http://vancouverweekly-local.local/wp-content/uploads/2018/08/1N3A6865-e1534099078588.jpg
67430,"Passion Pit energizes from the get-go at sold-out show",http://vancouverweekly-local.local/passion-pit-energizes-from-the-get-go-at-sold-out-show-59817-2/,http://vancouverweekly-local.local/wp-admin/post.php?post=67430&action=edit,publish,5,0,4,image_free,https://web.archive.org/web/20180202132958im_/http://vancouverweekly-local.local/wp-content/uploads/2018/01/DSC_0921-Edit.jpg
67454,"Pennywise gets playfully political with Commodore crowd",http://vancouverweekly-local.local/pennywise-get-playfully-political-with-commodore-crowd-60312-2/,http://vancouverweekly-local.local/wp-admin/post.php?post=67454&action=edit,publish,5,0,4,image_free,https://web.archive.org/web/20190825220351im_/http://vancouverweekly-local.local/wp-content/uploads/2018/03/RLJ1495-1-e1521324351284.jpg
68053,"Queens of the Stone Age play highly anticipated show at the Pacific Coliseum",http://vancouverweekly-local.local/queens-of-the-stone-age-play-highly-anticipated-show-at-the-pacific-coliseum-59769-2/,http://vancouverweekly-local.local/wp-admin/post.php?post=68053&action=edit,publish,5,0,4,image_free,https://web.archive.org/web/20180426221205im_/http://vancouverweekly-local.local/wp-content/uploads/2018/01/JAN.24.2018_QOTSA_EDITS@PNE-13-of-65-e1516892715175.jpg
68117,"Ric Flair reveals little in Untold Tales of Pro Wrestling in Vancouver",http://vancouverweekly-local.local/ric-flair-reveals-little-in-untold-tales-of-pro-wrestling-in-vancouver-62668-2/,http://vancouverweekly-local.local/wp-admin/post.php?post=68117&action=edit,publish,5,0,3,image_free,https://web.archive.org/web/20190718005526im_/http://vancouverweekly-local.local/wp-content/uploads/2019/01/RLJ_1796.jpg
68144,"Royal Canoe keeps it eclectic and electric at the Fox Cabaret",http://vancouverweekly-local.local/royal-canoe-keeps-it-eclectic-and-electric-at-the-fox-cabaret-61847-2/,http://vancouverweekly-local.local/wp-admin/post.php?post=68144&action=edit,publish,5,0,4,image_free,https://web.archive.org/web/20180927132631im_/http://vancouverweekly-local.local/wp-content/uploads/2018/09/IMG_0071.jpg
68170,"Sam Smith thrills all at Rogers Arena",http://vancouverweekly-local.local/sam-smith-thrills-all-at-rogers-arena-61567-2/,http://vancouverweekly-local.local/wp-admin/post.php?post=68170&action=edit,publish,5,0,4,image_free,https://web.archive.org/web/20180915143858im_/http://vancouverweekly-local.local/wp-content/uploads/2018/09/DSC_4601-e1536694473322.jpg
68211,"Seasonal Splendour Spews Through the Shaughnessy Edwardian Mansion",http://vancouverweekly-local.local/seasonal-splendor-spews-through-the-shaughnessy-edwardian-mansion-62513-2/,http://vancouverweekly-local.local/wp-admin/post.php?post=68211&action=edit,publish,5,0,3,image_free,https://web.archive.org/web/20190723174814im_/http://vancouverweekly-local.local/wp-content/uploads/2018/12/hycroft1-1.jpg
68318,"Skyline Stage lives up to hype on day two of Skookum Festival",http://vancouverweekly-local.local/skyline-stage-lives-up-to-hype-on-day-two-of-skookum-festival-61500-2/,http://vancouverweekly-local.local/wp-admin/post.php?post=68318&action=edit,publish,5,0,4,image_free,https://web.archive.org/web/20180912223240im_/http://vancouverweekly-local.local/wp-content/uploads/2018/09/Photo-2018-09-08-7-08-59-PM.jpg
68335,"Social Distortion plays the first of a two-night stint at the Commodore",http://vancouverweekly-local.local/social-distortion-plays-the-first-of-a-two-night-stint-at-the-commodore-60900-2/,http://vancouverweekly-local.local/wp-admin/post.php?post=68335&action=edit,publish,5,0,4,image_free,https://web.archive.org/web/20180621072443im_/http://vancouverweekly-local.local/wp-content/uploads/2018/06/a1_JUNE_9_2018_SOCIAL_D@COMMODORE_RYAN_JOHNSON-4-3-of-4-e1528985299834.jpg
68339,"Some are born sweet, some achieve sweetness, and some have sweetness thrust upon them",http://vancouverweekly-local.local/some-are-born-sweet-some-achieve-sweetness-and-some-have-sweetness-thrust-upon-them-62729-2/,http://vancouverweekly-local.local/wp-admin/post.php?post=68339&action=edit,publish,5,0,4,image_free,https://web.archive.org/web/20190916065613im_/http://vancouverweekly-local.local/wp-content/uploads/2019/01/20190110_120039.jpg
68446,"Tash Sultana rules in Vancouver",http://vancouverweekly-local.local/tash-sultana-rules-vancouver-60751-2/,http://vancouverweekly-local.local/wp-admin/post.php?post=68446&action=edit,publish,5,0,4,image_free,https://web.archive.org/web/20180607051312im_/http://vancouverweekly-local.local/wp-content/uploads/2018/05/05-24-2018-Tash-Sultana-Malkin-Bowl-Mary-Matheson-Photography-2-e1527447709700.jpg
68480,"The Art Club’s Beauty and the Beast is a Dancing Dish Served with Flair",http://vancouverweekly-local.local/the-art-clubs-beauty-and-the-beast-is-a-dancing-dish-served-with-flair-62494-2/,http://vancouverweekly-local.local/wp-admin/post.php?post=68480&action=edit,publish,5,0,1,image_free,https://web.archive.org/web/20181218065631im_/http://vancouverweekly-local.local/wp-content/uploads/2018/12/beauty-beast-337.jpg
68578,"The Science of Cocktails",http://vancouverweekly-local.local/the-science-of-cocktails-60175-2/,http://vancouverweekly-local.local/wp-admin/post.php?post=68578&action=edit,publish,5,0,0,image_free,https://web.archive.org/web/20180303133301im_/http://vancouverweekly-local.local/wp-content/uploads/2018/03/SOC-2018-213.jpg
68635,"This Chemistry-Themed Cafe is where Art and Chemistry Intertwine",http://vancouverweekly-local.local/this-chemistry-themed-cafe-is-where-art-and-chemistry-intertwine-62232-2/,http://vancouverweekly-local.local/wp-admin/post.php?post=68635&action=edit,publish,5,0,3,image_free,https://web.archive.org/web/20190719084331im_/http://vancouverweekly-local.local/wp-content/uploads/2018/11/Noire-Cafe-Sign-1.jpg
68701,"Trampled by Turtles bring mandolins and moshing to the Commodore Ballroom",http://vancouverweekly-local.local/trampled-by-turtles-bring-mandolins-and-moshing-to-the-commodore-ballroom-61060-2/,http://vancouverweekly-local.local/wp-admin/post.php?post=68701&action=edit,publish,5,0,4,image_free,https://web.archive.org/web/20180710055814im_/http://vancouverweekly-local.local/wp-content/uploads/2018/07/TrampledByTurtles-Commodore-DSC4428.jpg
68718,"Troye Sivan closes tour in Vancouver with 80s pop nostalgia",http://vancouverweekly-local.local/troye-sivan-closes-tour-in-vancouver-with-80s-pop-nostalgia-62197-2/,http://vancouverweekly-local.local/wp-admin/post.php?post=68718&action=edit,publish,5,0,4,image_free,https://web.archive.org/web/20190115214456im_/http://vancouverweekly-local.local/wp-content/uploads/2018/11/RLJ_1333-1-600-e1541760814471.jpg
68758,"Up and coming artists to check out in Vancouver",http://vancouverweekly-local.local/up-and-coming-artists-to-check-out-in-vancouver-59868-2/,http://vancouverweekly-local.local/wp-admin/post.php?post=68758&action=edit,publish,5,0,4,image_free,https://web.archive.org/web/20180206131418im_/http://vancouverweekly-local.local/wp-content/uploads/2018/01/Wesley_Attew_1.jpg
68798,"Vancouver fans show Luke Bryan and friends what makes them country",http://vancouverweekly-local.local/vancouver-fans-show-luke-bryan-and-friends-what-makes-them-country-62006-2/,http://vancouverweekly-local.local/wp-admin/post.php?post=68798&action=edit,publish,5,0,4,image_free,https://web.archive.org/web/20181031195503im_/http://vancouverweekly-local.local/wp-content/uploads/2018/10/RLJ_3929-1-e1539573579389.jpg
68828,"Vancouver Psychedelic: Infected Mushroom rev it up at the Commodore",http://vancouverweekly-local.local/vancouver-psychedelic-infected-mushroom-rev-it-up-at-the-commodore-62797-2/,http://vancouverweekly-local.local/wp-admin/post.php?post=68828&action=edit,publish,5,0,4,image_free,https://web.archive.org/web/20190201214049im_/http://vancouverweekly-local.local/wp-content/uploads/2019/01/RLJ_3532-600.jpg
68831,"Vancouver rolls out the red carpet for the David Foster Foundation 30th Anniversary Miracle Gala",http://vancouverweekly-local.local/vancouver-rolls-out-the-red-carpet-for-the-david-foster-foundation-30th-anniversary-miracle-gala/,http://vancouverweekly-local.local/wp-admin/post.php?post=68831&action=edit,publish,5,0,4,image_free,https://web.archive.org/web/20171029081146im_/http://vancouverweekly-local.local/wp-content/uploads/2017/10/RLJ3292.jpg
68844,"Vancouver’s ‘Inception of Beauty’ lands GRAMMY opportunity",http://vancouverweekly-local.local/vancouvers-inception-of-beauty-lands-grammy-opportunity-59776-2/,http://vancouverweekly-local.local/wp-admin/post.php?post=68844&action=edit,publish,5,0,1,image_free,https://web.archive.org/web/20180202151408im_/http://vancouverweekly-local.local/wp-content/uploads/2018/01/allyfotografymedico-.jpg
68847,"Vancouver’s Newest Cannabis Infused Pop-Up Dinner is Here",http://vancouverweekly-local.local/vancouvers-newest-cannabis-infused-pop-up-dinner-is-here-63354-2/,http://vancouverweekly-local.local/wp-admin/post.php?post=68847&action=edit,publish,5,0,3,image_free,https://web.archive.org/web/20190723175443im_/http://vancouverweekly-local.local/wp-content/uploads/2019/03/LP-10.jpg
68937,"What To Expect From This Year’s Folk Music Festival",http://vancouverweekly-local.local/what-to-expect-from-this-years-folk-music-festival-55867-2/,http://vancouverweekly-local.local/wp-admin/post.php?post=68937&action=edit,publish,5,0,1,image_free,https://web.archive.org/web/20160715083155im_/http://vancouverweekly-local.local/wp-content/uploads/2016/07/VFMF-Eric-Scott-1.jpg
65455,"A Christmas Carol : an age-old classic still easy to love",http://vancouverweekly-local.local/a-christmas-carol-an-age-old-classic-still-easy-to-love-59366-2/,http://vancouverweekly-local.local/wp-admin/post.php?post=65455&action=edit,publish,5,0,4,image_free,https://web.archive.org/web/20171223082009im_/http://vancouverweekly-local.local/wp-content/uploads/2017/12/1.-Russell-Roberts-Allan-Morgan.-Photo-by-David-Cooper.jpg
65459,"A Conversation with Vancouver’s Queen of Hip-Hop, Rude Nala",http://vancouverweekly-local.local/a-conversation-with-vancouvers-queen-of-hip-hop-rude-nala-66533-2/,http://vancouverweekly-local.local/wp-admin/post.php?post=65459&action=edit,publish,5,0,0,image_free,https://web.archive.org/web/20190807081625im_/http://vancouverweekly-local.local/wp-content/uploads/2019/07/IMG_9158.jpg
65537,"All is True is a charmingly quiet take on Shakespeare",http://vancouverweekly-local.local/all-is-true-is-a-charmingly-quiet-take-on-shakespeare-65145-2/,http://vancouverweekly-local.local/wp-admin/post.php?post=65537&action=edit,publish,5,0,0,image_free,https://web.archive.org/web/20190705161823im_/http://vancouverweekly-local.local/wp-content/uploads/2019/05/allistrue-1-300x200.jpg
65862,"Celebrate the Vancouver Folk Music Festival’s 40th Anniversary",http://vancouverweekly-local.local/celebrate-the-vancouver-folk-festivals-40th-anniversary-57682-2/,http://vancouverweekly-local.local/wp-admin/post.php?post=65862&action=edit,publish,5,0,3,image_free,https://web.archive.org/web/20171007224449im_/http://vancouverweekly-local.local/wp-content/uploads/2017/06/VFMF-_Mainstage_Audience_RAZ_DONG_2064-1.jpg
65933,"Colony Bars Holiday Eggnog Arrives in the City for a Good Cause",http://vancouverweekly-local.local/colony-bars-holiday-eggnog-arrives-in-the-city-with-a-good-cause-62588-2/,http://vancouverweekly-local.local/wp-admin/post.php?post=65933&action=edit,publish,5,0,3,image_free,https://web.archive.org/web/20190721221754im_/http://vancouverweekly-local.local/wp-content/uploads/2018/12/1-2.jpg
66074,"Dierks Bentley’s Burning Man tour lights Rogers Arena on fire",http://vancouverweekly-local.local/dierks-bentleys-burning-man-tour-lights-rogers-arena-on-fire-62804-2/,http://vancouverweekly-local.local/wp-admin/post.php?post=66074&action=edit,publish,5,0,4,image_free,https://web.archive.org/web/20191121110240im_/http://vancouverweekly-local.local/wp-content/uploads/2019/01/RLJ_4580-1.jpg
66784,"Janelle Monáe shares her American dream through a powerful performance of love",http://vancouverweekly-local.local/janelle-monae-shares-her-american-dream-through-a-powerful-performance-of-love-60911-2/,http://vancouverweekly-local.local/wp-admin/post.php?post=66784&action=edit,publish,5,0,4,image_free,https://web.archive.org/web/20180621072438im_/http://vancouverweekly-local.local/wp-content/uploads/2018/06/JUNE_11_2018_JANELLE_RYAN_JOHNSON-1-of-1.jpg
66912,"KISS keeps arena rock alive for one last tour",http://vancouverweekly-local.local/kiss-keeps-arena-rock-alive-for-one-last-tour-62828-2/,http://vancouverweekly-local.local/wp-admin/post.php?post=66912&action=edit,publish,5,0,4,image_free,https://web.archive.org/web/20200806170725im_/http://vancouverweekly-local.local/wp-content/uploads/2019/02/RLJ_4750-3.jpg
68601,"The Vancouver Christmas Market is Now Open – Here are the Top Things to Eat, Drink and Do",http://vancouverweekly-local.local/the-vancouver-christmas-market-is-now-open-here-are-the-top-things-to-eat-drink-and-do-62528-2/,http://vancouverweekly-local.local/wp-admin/post.php?post=68601&action=edit,publish,5,0,4,image_free,https://web.archive.org/web/20191207085458im_/http://vancouverweekly-local.local/wp-content/uploads/2019/11/DSC_0224-1.jpg
68733,"TWG Has A New Mouth Watering Set Menu For The Holidays",http://vancouverweekly-local.local/twg-has-a-new-mouth-watering-set-menu-for-the-holidays-69958-2/,http://vancouverweekly-local.local/wp-admin/post.php?post=68733&action=edit,publish,5,0,0,image_free,https://web.archive.org/web/20200930065119im_/http://vancouverweekly-local.local/wp-content/uploads/2019/12/DSC0927-2-1-300x169.jpg
68771,"Vancity Theatre: Walter Murch on editing now and Apocalypse then",http://vancouverweekly-local.local/vancity-theatre-walter-murch-on-editing-now-and-apocalypse-then/,http://vancouverweekly-local.local/wp-admin/post.php?post=68771&action=edit,publish,5,0,4,image_free,https://web.archive.org/web/20190424204040im_/http://vancouverweekly-local.local/wp-content/uploads/2019/04/WalterMurchWorking-1-300x198.jpg
65424,"41st Vancouver Folk Music Festival still true to tradition, still young at heart",http://vancouverweekly-local.local/41st-vancouver-folk-music-festival-still-true-to-tradition-still-young-at-heart-61154-2/,http://vancouverweekly-local.local/wp-admin/post.php?post=65424&action=edit,publish,4,0,3,image_free,https://web.archive.org/web/20180725123618im_/http://vancouverweekly-local.local/wp-content/uploads/2018/07/neko_case_0728-2.jpg
65444,"8th Annual Rockin’ River Fest set to rock the Nicola Valley",http://vancouverweekly-local.local/8th-annual-rockin-river-fest-set-rock-nicola-valley/,http://vancouverweekly-local.local/wp-admin/post.php?post=65444&action=edit,publish,4,0,3,image_free,https://web.archive.org/web/20170809234115im_/http://vancouverweekly-local.local/wp-content/uploads/2017/08/rockin.jpg
65468,"A monthly cereal bar pop-up is bringing a heavy dose of nostalgia to Saturday mornings in Vancouver",http://vancouverweekly-local.local/a-monthly-cereal-bar-pop-up-is-bringing-a-heavy-dose-of-nostalgia-to-saturday-mornings-in-vancouver-62212-2/,http://vancouverweekly-local.local/wp-admin/post.php?post=65468&action=edit,publish,4,0,2,image_free,https://web.archive.org/web/20181126042919im_/http://vancouverweekly-local.local/wp-content/uploads/2018/11/Cover-Photo-2-1.jpg
65595,"Audio Series: Essential Tips For Your First Documentary From DOXA Filmmakers",http://vancouverweekly-local.local/audio-series-essential-tips-for-your-first-documentary-from-doxa-filmmakers/,http://vancouverweekly-local.local/wp-admin/post.php?post=65595&action=edit,publish,4,0,0,image_free,https://web.archive.org/web/20190721210047im_/http://vancouverweekly-local.local/wp-content/uploads/2019/05/Screen-Shot-2019-05-02-at-3.48.39-PM.png
65623,"Bahamas shows Vancouver the beauty of vulnerability",http://vancouverweekly-local.local/bahamas-shows-vancouver-the-beauty-of-vulnerability-60216-2/,http://vancouverweekly-local.local/wp-admin/post.php?post=65623&action=edit,publish,4,0,3,image_free,https://web.archive.org/web/20180304050157im_/http://vancouverweekly-local.local/wp-content/uploads/2018/03/Bahamas_2.jpg
65651,"Barenaked Ladies seduce Commodore with Fake Nudes",http://vancouverweekly-local.local/barenaked-ladies-seduce-commodore-with-fake-nudes-59130-2/,http://vancouverweekly-local.local/wp-admin/post.php?post=65651&action=edit,publish,4,0,3,image_free,https://web.archive.org/web/20171121094607im_/http://vancouverweekly-local.local/wp-content/uploads/2017/11/1H6A4745-e1511045985804.jpg
65680,"Belle and Sebastian please all with long-awaited Vancouver return",http://vancouverweekly-local.local/belle-and-sebastian-please-all-with-long-awaited-vancouver-return/,http://vancouverweekly-local.local/wp-admin/post.php?post=65680&action=edit,publish,4,0,1,image_free,https://web.archive.org/web/20180512093329im_/http://vancouverweekly-local.local/wp-content/uploads/2015/04/IMG_2234-Copy-1024x682.jpg
65702,"Big Laughs for Little Dickens— A Raucous Marionette Christmas Carol",http://vancouverweekly-local.local/big-laughs-for-little-dickens-a-raucous-marionette-christmas-carol-59328-2/,http://vancouverweekly-local.local/wp-admin/post.php?post=65702&action=edit,publish,4,0,3,image_free,https://web.archive.org/web/20171212114719im_/http://vancouverweekly-local.local/wp-content/uploads/2017/12/Esme-Massengill-16411_RGB_300dpi-1024x679.jpg
65733,"Black Pistol Fire melts minds and supports local Vancouver charity",http://vancouverweekly-local.local/black-pistol-fire-melts-minds-and-supports-local-vancouver-charity-62492-2/,http://vancouverweekly-local.local/wp-admin/post.php?post=65733&action=edit,publish,4,0,3,image_free,https://web.archive.org/web/20181218030417im_/http://vancouverweekly-local.local/wp-content/uploads/2018/12/RLJ_9727-1.jpg
65742,"Blue October back in Vancouver and happier than ever",http://vancouverweekly-local.local/blue-october-back-in-vancouver-and-happier-than-ever-66058-2/,http://vancouverweekly-local.local/wp-admin/post.php?post=65742&action=edit,publish,4,0,2,image_free,https://web.archive.org/web/20190705154833im_/http://vancouverweekly-local.local/wp-content/uploads/2019/06/IMG_0389.jpg
65808,"California’s Cayucas and Miner Brave the Cold at the Media Club",http://vancouverweekly-local.local/californias-cayucas-miner-brave-cold-media-club/,http://vancouverweekly-local.local/wp-admin/post.php?post=65808&action=edit,publish,4,0,3,image_free,https://web.archive.org/web/20180701015448im_/http://vancouverweekly-local.local/wp-content/uploads/2014/03/2014Mar11_media_club_cayucas_DSC3127.jpg
65832,"Canadian artists collaborate to raise awareness for importance of youth music education",http://vancouverweekly-local.local/canadian-artists-collaborate-to-raise-awareness-for-importance-of-youth-music-education-60365-2/,http://vancouverweekly-local.local/wp-admin/post.php?post=65832&action=edit,publish,4,0,3,image_free,https://web.archive.org/web/20180326142438im_/http://vancouverweekly-local.local/wp-content/uploads/2018/03/2.jpg
65896,"Chris Robinson Brotherhood gives Vancouver fans what they want",http://vancouverweekly-local.local/chris-robinson-brotherhood-gives-vancouver-fans-what-they-want-62414-2/,http://vancouverweekly-local.local/wp-admin/post.php?post=65896&action=edit,publish,4,0,3,image_free,https://web.archive.org/web/20181209085338im_/http://vancouverweekly-local.local/wp-content/uploads/2018/12/DSC_9223-1-2.jpg
65928,"Coheed and Cambria make triumphant return",http://vancouverweekly-local.local/coheed-and-cambria-make-triumphant-return-61590-2/,http://vancouverweekly-local.local/wp-admin/post.php?post=65928&action=edit,publish,4,0,3,image_free,https://web.archive.org/web/20180922051552im_/http://vancouverweekly-local.local/wp-content/uploads/2018/09/1N3A0330.jpg
66025,"Dan Mangan hits the road on his first Canadian tour in four years",http://vancouverweekly-local.local/dan-mangan-hits-the-road-on-his-first-canadian-tour-in-four-years-62858-2/,http://vancouverweekly-local.local/wp-admin/post.php?post=66025&action=edit,publish,4,0,3,image_free,https://web.archive.org/web/20190208150508im_/http://vancouverweekly-local.local/wp-content/uploads/2019/02/DM_feature-1.jpg
66063,"Deer Tick serves up two stellar, colourful sets in Vancouver",http://vancouverweekly-local.local/deer-tick-serves-up-two-stellar-colourful-sets-in-vancouver-58987-2/,http://vancouverweekly-local.local/wp-admin/post.php?post=66063&action=edit,publish,4,0,3,image_free,https://web.archive.org/web/20171111204717im_/http://vancouverweekly-local.local/wp-content/uploads/2017/11/1N3A0009-e1510006069229.jpg
66084,"Disney on Ice presents Mickey’s Search Party at Pacific Coliseum",http://vancouverweekly-local.local/disney-on-ice-presents-mickeys-search-party-at-pacific-coliseum-68681-2/,http://vancouverweekly-local.local/wp-admin/post.php?post=66084&action=edit,publish,4,0,0,image_free,https://web.archive.org/web/20191207094004im_/http://vancouverweekly-local.local/wp-content/uploads/2019/11/Disney_On_Ice_D35_Final_Edit.jpg
66144,"Elton John to take Farewell Yellow Brick Road tour to Vancouver for two nights",http://vancouverweekly-local.local/elton-john-to-take-farewell-yellow-brick-road-tour-to-vancouver-for-two-nights-61909-2/,http://vancouverweekly-local.local/wp-admin/post.php?post=66144&action=edit,publish,4,0,3,image_free,https://web.archive.org/web/20181002135043im_/http://vancouverweekly-local.local/wp-content/uploads/2018/09/20180910_Philadelphia__show_BENGIBSONPHOTO-bw-1089.jpg
66214,"Filipina-Canadian Rapper HanHan Talks Diversity, Writing, and Cultural Appropriation",http://vancouverweekly-local.local/filipina-canadian-rapper-hanhan-talks-diversity-writing-and-cultural-appropriation-66564-2/,http://vancouverweekly-local.local/wp-admin/post.php?post=66214&action=edit,publish,4,0,0,image_free,https://web.archive.org/web/20190807084644im_/http://vancouverweekly-local.local/wp-content/uploads/2015/12/HANHAN1.jpg
66239,"Folk Music Festival is a Vancouver tradition not to be missed",http://vancouverweekly-local.local/folk-music-festival-is-a-vancouver-tradition-not-to-be-missed-61126-2/,http://vancouverweekly-local.local/wp-admin/post.php?post=66239&action=edit,publish,4,0,1,image_free,https://web.archive.org/web/20180711083113im_/http://vancouverweekly-local.local/wp-content/uploads/2018/07/4_VxMRaQ.jpeg
66282,"Geekenders’ We All Float Down Here is fit for a king",http://vancouverweekly-local.local/geekenders-we-all-float-down-here-is-fit-for-a-king-57379-2/,http://vancouverweekly-local.local/wp-admin/post.php?post=66282&action=edit,publish,4,0,3,image_free,https://web.archive.org/web/20170429022651im_/http://vancouverweekly-local.local/wp-content/uploads/2017/03/FondueBourbonOakley-Corn-e1490782928891.jpg
66343,"Greta Van Fleet and Bahamas get some real love on day three of Skookum Festival",http://vancouverweekly-local.local/greta-van-fleet-and-bahamas-get-some-real-love-on-day-three-of-skookum-festival-61543-2/,http://vancouverweekly-local.local/wp-admin/post.php?post=66343&action=edit,publish,4,0,3,image_free,https://web.archive.org/web/20180910231047im_/http://vancouverweekly-local.local/wp-content/uploads/2018/09/bahamas-skookum-DSC1926.jpg
66347,"GRiZ turns a rainy Vancouver night into an electronic dance party",http://vancouverweekly-local.local/griz-turns-a-rainy-vancouver-night-into-an-electronic-dance-party-58820-2/,http://vancouverweekly-local.local/wp-admin/post.php?post=66347&action=edit,publish,4,0,3,image_free,https://web.archive.org/web/20171029224437im_/http://vancouverweekly-local.local/wp-content/uploads/2017/10/RLJ1263.jpg
66348,"Grizzly Bear shows that beauty lies in ruin",http://vancouverweekly-local.local/grizzly-bear-shows-that-beauty-lies-in-ruin-59339-2/,http://vancouverweekly-local.local/wp-admin/post.php?post=66348&action=edit,publish,4,0,3,image_free,https://web.archive.org/web/20171212021243im_/http://vancouverweekly-local.local/wp-content/uploads/2017/12/Grizzly_3-e1512790828529.jpg
66371,"Have You Experienced a True Outdoor Latin Fiesta?",http://vancouverweekly-local.local/have-you-experienced-a-true-outdoor-latin-fiesta-55217-2/,http://vancouverweekly-local.local/wp-admin/post.php?post=66371&action=edit,publish,4,0,0,image_free,https://web.archive.org/web/20170505152402im_/http://vancouverweekly-local.local/wp-content/uploads/2016/05/Copy-of-ILA-179.jpg
66403,"Holiday High Tea at the New Secret Garden Tea House Location",http://vancouverweekly-local.local/holiday-high-tea-at-the-new-secret-garden-tea-house-location-69515-2/,http://vancouverweekly-local.local/wp-admin/post.php?post=66403&action=edit,publish,4,0,3,image_free,https://web.archive.org/web/20200920045706im_/http://vancouverweekly-local.local/wp-content/uploads/2019/12/IMG_6981.jpg
66408,"Holy Hum is learning to bare his soul",http://vancouverweekly-local.local/holy-hum-is-learning-to-bare-his-soul-58671-2/,http://vancouverweekly-local.local/wp-admin/post.php?post=66408&action=edit,publish,4,0,3,image_free,https://web.archive.org/web/20171016035832im_/http://vancouverweekly-local.local/wp-content/uploads/2017/10/Javiera-Bassi-De-La-Barrera.jpg
66415,"Homestyle Xiao Long Bao is Game Changer at Wang’s Shanghai Cuisine",http://vancouverweekly-local.local/homestyle-xiao-long-bao-is-game-changer-at-wangs-shanghai-cuisine-62104-2/,http://vancouverweekly-local.local/wp-admin/post.php?post=66415&action=edit,publish,4,0,3,image_free,https://web.archive.org/web/20190824065848im_/http://vancouverweekly-local.local/wp-content/uploads/2018/10/9505.jpg
66434,"How science is helping this nerd make better beer",http://vancouverweekly-local.local/how-science-is-helping-this-nerd-make-better-beer-57158-2/,http://vancouverweekly-local.local/wp-admin/post.php?post=66434&action=edit,publish,4,0,3,image_free,https://web.archive.org/web/20170211122537im_/http://vancouverweekly-local.local/wp-content/uploads/2017/02/Photo3.PhCred.WillLaw.jpg
66442,"How to Find Your Inner German at the Vancouver Christmas Market",http://vancouverweekly-local.local/how-to-find-your-inner-german-at-the-vancouver-christmas-market-62551-2/,http://vancouverweekly-local.local/wp-admin/post.php?post=66442&action=edit,publish,4,0,2,image_free,https://web.archive.org/web/20190718011857im_/http://vancouverweekly-local.local/wp-content/uploads/2018/12/DSC6820.jpg
66460,"Hozier cranks up the volume on the UBC campus",http://vancouverweekly-local.local/hozier-cranks-up-the-volume-on-the-ubc-campus/,http://vancouverweekly-local.local/wp-admin/post.php?post=66460&action=edit,publish,4,0,2,image_free,https://web.archive.org/web/20191113041601im_/http://vancouverweekly-local.local/wp-content/uploads/2019/10/hozier_4938.jpg
66475,"Ibeyi gives Vancouver electrifying performance",http://vancouverweekly-local.local/ibeyi-gives-vancouver-electrifying-performance-59113-2/,http://vancouverweekly-local.local/wp-admin/post.php?post=66475&action=edit,publish,4,0,3,image_free,https://web.archive.org/web/20171121095745im_/http://vancouverweekly-local.local/wp-content/uploads/2017/11/Ibeyi-10-1200-800-e1510966776496.jpg
66523,"INTERVIEW: Nite Jewel finds real high confidence",http://vancouverweekly-local.local/interview-nite-jewel-finds-real-high-confidence-57762-2/,http://vancouverweekly-local.local/wp-admin/post.php?post=66523&action=edit,publish,4,0,1,image_free,https://web.archive.org/web/20170715080218im_/http://vancouverweekly-local.local/wp-content/uploads/2017/06/photo-courtesy-of-motormouth-media.jpg
66558,"Iridescence- Trauma and Redemption in 8-minutes of Dance",http://vancouverweekly-local.local/iridescence-trauma-and-redemption-in-8-minutes-of-dance-59373-2/,http://vancouverweekly-local.local/wp-admin/post.php?post=66558&action=edit,publish,4,0,3,image_free,https://web.archive.org/web/20171223083406im_/http://vancouverweekly-local.local/wp-content/uploads/2017/12/Iridescence_Stills3.jpg
66572,"It’s ‘Vancouver Time’ with Leif Vollebekk",http://vancouverweekly-local.local/its-vancouver-time-with-leif-vollebekk-59319-2/,http://vancouverweekly-local.local/wp-admin/post.php?post=66572&action=edit,publish,4,0,3,image_free,https://web.archive.org/web/20171212021302im_/http://vancouverweekly-local.local/wp-content/uploads/2017/12/vollebekk_1-e1512703931840.jpg
66794,"Jay-Z Offers himself up to a packed house at Rogers Arena",http://vancouverweekly-local.local/jay-z-offers-himself-up-to-a-packed-house-at-rogers-arena-59384-2/,http://vancouverweekly-local.local/wp-admin/post.php?post=66794&action=edit,publish,4,0,3,image_free,https://web.archive.org/web/20171222222441im_/http://vancouverweekly-local.local/wp-content/uploads/2017/12/Jay-Z_Vikrant-Sharma-Photographer_16-Copy-e1513115413169.jpg
66804,"JFL NorthWest Comedians talk Context in Comedy",http://vancouverweekly-local.local/jfl-northwest-comedians-talk-context-in-comedy-62941-2/,http://vancouverweekly-local.local/wp-admin/post.php?post=66804&action=edit,publish,4,0,0,image_free,https://web.archive.org/web/20190327175351im_/http://vancouverweekly-local.local/wp-content/uploads/2019/02/comedyfest2019.jpg
66835,"Judah & the Lion teach the Orpheum how to have some fun",http://vancouverweekly-local.local/judah-and-the-lion-teach-the-orpheum-how-to-have-some-fun/,http://vancouverweekly-local.local/wp-admin/post.php?post=66835&action=edit,publish,4,0,1,image_free,https://web.archive.org/web/20191113050156im_/http://vancouverweekly-local.local/wp-content/uploads/2019/10/71081525_635508960191439_5415297003921866752_n-1.jpg
66847,"July Talk pictures love at Vancouver’s Malkin Bowl",http://vancouverweekly-local.local/july-talk-pictures-love-at-vancouvers-malkin-bowl/,http://vancouverweekly-local.local/wp-admin/post.php?post=66847&action=edit,publish,4,0,3,image_free,https://web.archive.org/web/20180212201804im_/http://vancouverweekly-local.local/wp-content/uploads/2017/09/SEPT.16.2017_JULYTALK@MALKIN-RYAN_JOHNSON_922-e1505744738308.jpg
66996,"Lee Fields & The Expressions close out Annual Red Truck Concert Series",http://vancouverweekly-local.local/lee-fields-the-expressions-close-out-annual-red-truck-concert-series/,http://vancouverweekly-local.local/wp-admin/post.php?post=66996&action=edit,publish,4,0,3,image_free,https://web.archive.org/web/20170824145429im_/http://vancouverweekly-local.local/wp-content/uploads/2017/08/20170813-IMG_cover-1234.jpg
67034,"Lie Exposed doesn’t expose much",http://vancouverweekly-local.local/lie-exposed-doesnt-expose-much/,http://vancouverweekly-local.local/wp-admin/post.php?post=67034&action=edit,publish,4,0,0,image_free,https://web.archive.org/web/20200920051537im_/http://vancouverweekly-local.local/wp-content/uploads/2020/03/LE1-300x127.jpg
67045,"LIPS Smackingly Good",http://vancouverweekly-local.local/lips-smackingly-good/,http://vancouverweekly-local.local/wp-admin/post.php?post=67045&action=edit,publish,4,0,0,image_free,https://web.archive.org/web/20150910223504im_/http://vancouverweekly-local.local/wp-content/uploads/2015/08/image3.jpg
67063,"Looking forward and looking back with Teenage Fanclub’s Norman Blake",http://vancouverweekly-local.local/looking-forward-and-looking-back-with-teenage-fanclubs-norman-blake-62926-2/,http://vancouverweekly-local.local/wp-admin/post.php?post=67063&action=edit,publish,4,0,3,image_free,https://web.archive.org/web/20190327133600im_/http://vancouverweekly-local.local/wp-content/uploads/2019/02/HamburgWEB2M8A1613.jpg
67105,"Marianas Trench creates a haunting realm with new album ‘Phantoms’",http://vancouverweekly-local.local/marianas-trench-creates-a-haunting-realm-with-new-album-phantoms-63286-2/,http://vancouverweekly-local.local/wp-admin/post.php?post=67105&action=edit,publish,4,0,2,image_free,https://web.archive.org/web/20190328015730im_/http://vancouverweekly-local.local/wp-content/uploads/2019/02/MT201.jpg
67187,"Miranda Lambert entertains All Kinds of Kinds in Vancouver",http://vancouverweekly-local.local/miranda-lambert-entertains-all-kinds-of-kinds-in-vancouver/,http://vancouverweekly-local.local/wp-admin/post.php?post=67187&action=edit,publish,4,0,3,image_free,https://web.archive.org/web/20171006135915im_/http://vancouverweekly-local.local/wp-content/uploads/2017/10/1_Miranda_Lambert-Rogers_Arena-Timothy_Nguyen-20170929-2-of-29-1.jpg
67223,"Ms. Lauryn Hill leaves Vancouver both happy and a little disappointed",http://vancouverweekly-local.local/ms-lauryn-hill-leaves-vancouver-both-happy-and-a-little-disappointed-61637-2/,http://vancouverweekly-local.local/wp-admin/post.php?post=67223&action=edit,publish,4,0,2,image_free,https://web.archive.org/web/20190723152116im_/http://vancouverweekly-local.local/wp-content/uploads/2017/10/Lauryn-Hill-at-The-Pacific-Coliseum-10-11-2017-Mary-Matheson-Photography-2-e1508011806947.jpg
67231,"Nap Eyes chase earnest impartiality on ‘Thought Rock Fish Scale’",http://vancouverweekly-local.local/nap-eyes-chase-earnest-impartiality-on-thought-rock-fish-scale-53550-2/,http://vancouverweekly-local.local/wp-admin/post.php?post=67231&action=edit,publish,4,0,1,image_free,https://web.archive.org/web/20160318055723im_/http://vancouverweekly-local.local/wp-content/uploads/2016/03/napeyes-colin-medley.jpg
67235,"Natalie Prass on trying to stay hopeful in troubling times",http://vancouverweekly-local.local/natalie-prass-on-trying-to-stay-hopeful-in-troubling-times-61689-2/,http://vancouverweekly-local.local/wp-admin/post.php?post=67235&action=edit,publish,4,0,3,image_free,https://web.archive.org/web/20180925203743im_/http://vancouverweekly-local.local/wp-content/uploads/2018/09/Natalie-Prass-press-photo-3-credit-Tonje-Thilesen.jpg
67324,"OneRepublic brings its heavily Top 40 show to Vancouver",http://vancouverweekly-local.local/onerepublic-brings-its-heavily-top-40-show-to-vancouver/,http://vancouverweekly-local.local/wp-admin/post.php?post=67324&action=edit,publish,4,0,3,image_free,https://web.archive.org/web/20170905011655im_/http://vancouverweekly-local.local/wp-content/uploads/2017/08/1_Onerepublic-Rogers_Arena-Timothy_Nguyen-20170821-17-of-26-e1503448401655.jpg
67931,"Pixies keep it moving forward",http://vancouverweekly-local.local/pixies-keep-it-moving-forward-59272-2/,http://vancouverweekly-local.local/wp-admin/post.php?post=67931&action=edit,publish,4,0,3,image_free,https://web.archive.org/web/20180102055936im_/http://vancouverweekly-local.local/wp-content/uploads/2017/12/RLJ8124-e1512531086359.jpg
68056,"Ra Ra Riot are on their way to Vancouver",http://vancouverweekly-local.local/ra-ra-riot-are-on-their-way-to-vancouver/,http://vancouverweekly-local.local/wp-admin/post.php?post=68056&action=edit,publish,4,0,2,image_free,https://web.archive.org/web/20191113040646im_/http://vancouverweekly-local.local/wp-content/uploads/2019/10/Ra-Ra-Riot-Main-Press-Photo-Credit_-Rowan-Daly.jpg
68057,"Ra Ra Riot brings the Superbloom Tour to The Biltmore Cabaret",http://vancouverweekly-local.local/ra-ra-riot-brings-the-superbloom-tour-to-the-biltmore-cabaret/,http://vancouverweekly-local.local/wp-admin/post.php?post=68057&action=edit,publish,4,0,3,image_free,https://web.archive.org/web/20191113044812im_/http://vancouverweekly-local.local/wp-content/uploads/2019/11/IMG_1823-e1572824841374.jpg
68067,"Rayland Baxter gives Vancouver a healthy dose of Americana",http://vancouverweekly-local.local/rayland-baxter-gives-vancouver-a-healthy-dose-of-americana-61474-2/,http://vancouverweekly-local.local/wp-admin/post.php?post=68067&action=edit,publish,4,0,3,image_free,https://web.archive.org/web/20190822094110im_/http://vancouverweekly-local.local/wp-content/uploads/2018/09/flag.jpg
68075,"“Real horror show”: Ty Segall at the Vogue Theatre",http://vancouverweekly-local.local/real-horror-show-ty-segall-at-the-vogue-theatre/,http://vancouverweekly-local.local/wp-admin/post.php?post=68075&action=edit,publish,4,0,1,image_free,https://web.archive.org/web/20160128221631im_/http://vancouverweekly-local.local/wp-content/uploads/2016/01/ty-cover.png
68137,"Roger Waters’ Us & Them brings everything together",http://vancouverweekly-local.local/roger-waters-us-them-brings-everything-together-58963-2/,http://vancouverweekly-local.local/wp-admin/post.php?post=68137&action=edit,publish,4,0,3,image_free,https://web.archive.org/web/20171106174331im_/http://vancouverweekly-local.local/wp-content/uploads/2017/10/RLJ6684-e1509366570747.jpg
68323,"Slash with Myles Kennedy and the Conspirators at the Queen Elizabeth Theatre",http://vancouverweekly-local.local/slash-with-myles-kennedy-and-the-conspirators-at-the-queen-elizabeth-theatre/,http://vancouverweekly-local.local/wp-admin/post.php?post=68323&action=edit,publish,4,0,0,jig_noscript,https://web.archive.org/web/20151027070006im_/https://scontent.xx.fbcdn.net/hphotos-xtp1/t31.0-8/12087054_788549657920982_4580833351595374148_o.jpg
68351,"Soul singer Nao takes Vogue Theatre audience to Saturn",http://vancouverweekly-local.local/soul-singer-nao-takes-vogue-theatre-audience-to-saturn-62695-2/,http://vancouverweekly-local.local/wp-admin/post.php?post=68351&action=edit,publish,4,0,3,image_free,https://web.archive.org/web/20190407235141im_/http://vancouverweekly-local.local/wp-content/uploads/2019/01/DSC_0706.jpg
68354,"Spoon dish out tasteful Vancouver set",http://vancouverweekly-local.local/spoon-dish-out-tasteful-vancouver-set/,http://vancouverweekly-local.local/wp-admin/post.php?post=68354&action=edit,publish,4,0,3,image_free,https://web.archive.org/web/20170916235242im_/http://vancouverweekly-local.local/wp-content/uploads/2017/09/Spoon-6-e1504660778651.jpg
68497,"The Cat Empire to bring exuberant and dynamic performance to Vancouver",http://vancouverweekly-local.local/the-cat-empire-to-bring-exuberant-and-dynamic-performance-to-vancouver-63453-2/,http://vancouverweekly-local.local/wp-admin/post.php?post=68497&action=edit,publish,4,0,3,image_free,https://web.archive.org/web/20190327162220im_/http://vancouverweekly-local.local/wp-content/uploads/2019/03/CE-0110.jpg
68532,"The History of Gunpowder: Vancouver’s New Freak Out Ensemble",http://vancouverweekly-local.local/the-history-of-gunpowder-vancouvers-new-freak-out-ensemble/,http://vancouverweekly-local.local/wp-admin/post.php?post=68532&action=edit,publish,4,0,0,image_free,https://web.archive.org/web/20191207091655im_/http://vancouverweekly-local.local/wp-content/uploads/2019/11/FamPhotoHOGPsmall-e1573593444740.jpg
68539,"The Lemonheads dish out a sweet Vancouver performance",http://vancouverweekly-local.local/the-lemonheads-dish-out-a-sweet-vancouver-performance-64999-2/,http://vancouverweekly-local.local/wp-admin/post.php?post=68539&action=edit,publish,4,0,3,image_free,https://web.archive.org/web/20190921171155im_/http://vancouverweekly-local.local/wp-content/uploads/2019/05/B11A7775.jpg
68579,"The Science of passion",http://vancouverweekly-local.local/the-science-of-passion-60181-2/,http://vancouverweekly-local.local/wp-admin/post.php?post=68579&action=edit,publish,4,0,1,image_free,https://web.archive.org/web/20180312142319im_/http://vancouverweekly-local.local/wp-content/uploads/2018/03/26443977690_760b8368ed_k.jpg
68580,"The Science of Wildfires",http://vancouverweekly-local.local/the-science-of-wildfires-60817-2/,http://vancouverweekly-local.local/wp-admin/post.php?post=68580&action=edit,publish,4,0,0,image_free,https://web.archive.org/web/20180611012814im_/http://vancouverweekly-local.local/wp-content/uploads/2018/06/forest-fire-fire-smoke-conservation-51951No-attribution-required.jpeg
68588,"The Souvenir is an uncompromising vision from Joanna Hogg",http://vancouverweekly-local.local/the-souvenir-is-an-uncompromising-vision-from-joanna-hogg/,http://vancouverweekly-local.local/wp-admin/post.php?post=68588&action=edit,publish,4,0,1,image_free,https://web.archive.org/web/20190705153258im_/http://vancouverweekly-local.local/wp-content/uploads/2019/06/Souvenir1-300x200.jpg
68614,"The White Crow delivers where it counts",http://vancouverweekly-local.local/the-white-crow-delivers-where-it-counts/,http://vancouverweekly-local.local/wp-admin/post.php?post=68614&action=edit,publish,4,0,2,image_free,https://web.archive.org/web/20190723175511im_/http://vancouverweekly-local.local/wp-content/uploads/2019/05/7resized-a-1280x640-300x150.jpg
68618,"The Who Cause a Big Sensation with Symphonic Show",http://vancouverweekly-local.local/the-who-cause-a-big-sensation-with-symphonic-show/,http://vancouverweekly-local.local/wp-admin/post.php?post=68618&action=edit,publish,4,0,2,image_free,https://web.archive.org/web/20191113052758im_/http://vancouverweekly-local.local/wp-content/uploads/2019/10/1N3A3189.jpg
68632,"Third Eye Blind brings 90s nostalgia to Vancity",http://vancouverweekly-local.local/third-eye-blind-brings-90s-nostalgia-to-vancity-59041-2/,http://vancouverweekly-local.local/wp-admin/post.php?post=68632&action=edit,publish,4,0,3,image_free,https://web.archive.org/web/20171115025407im_/http://vancouverweekly-local.local/wp-content/uploads/2017/11/RLJ2756-e1510427723949.jpg
68653,"Tiger King: A ‘cat-eat-cat’ world",http://vancouverweekly-local.local/tiger-king-a-cat-eat-cat-world-70612-2/,http://vancouverweekly-local.local/wp-admin/post.php?post=68653&action=edit,publish,4,0,0,image_free,https://web.archive.org/web/20200518235230im_/http://vancouverweekly-local.local/wp-content/uploads/2020/04/TK1-300x200.jpg
68673,"Tom Petty and the Heartbreakers celebrate 40 years of rock god status",http://vancouverweekly-local.local/tom-petty-and-the-heartbreakers-celebrate-40-years-of-rock-god-status/,http://vancouverweekly-local.local/wp-admin/post.php?post=68673&action=edit,publish,4,0,3,image_free,https://web.archive.org/web/20170824145420im_/http://vancouverweekly-local.local/wp-content/uploads/2017/08/TOMPETTY@ROGERS.AUG_.17-RYAN-JOHNSON_537.jpg
68703,"Trampled by Turtles ends a chapter with ‘Life is Good on the Open Road’",http://vancouverweekly-local.local/trampled-by-turtles-ends-a-chapter-with-life-is-good-on-the-open-road-60948-2/,http://vancouverweekly-local.local/wp-admin/post.php?post=68703&action=edit,publish,4,0,1,image_free,https://web.archive.org/web/20180626031531im_/http://vancouverweekly-local.local/wp-content/uploads/2018/06/TrampledByTurtles_PhotoCred_David-McClister_2-150.jpg
68708,"Trapped in Vivarium",http://vancouverweekly-local.local/trapped-in-vivarium/,http://vancouverweekly-local.local/wp-admin/post.php?post=68708&action=edit,publish,4,0,0,image_free,https://web.archive.org/web/20200422165543im_/http://vancouverweekly-local.local/wp-content/uploads/2020/03/Viv1-300x169.jpg
68754,"Unknown Mortal Orchestra staggers to the Commodore with their psych-pop",http://vancouverweekly-local.local/unknown-mortal-orchestra-staggers-to-the-commodore-with-their-psych-pop-60606-2/,http://vancouverweekly-local.local/wp-admin/post.php?post=68754&action=edit,publish,4,0,3,image_free,https://web.archive.org/web/20180512092730im_/http://vancouverweekly-local.local/wp-content/uploads/2018/05/UnknownMortalOrchestra-Commodore-DSC1065-e1525921349835.jpg
68778,"Vancouver Badass, Day Three: The Hollow Child and Knuckleball offer up Canadian badass",http://vancouverweekly-local.local/vancouver-badass-day-three-the-hollow-child-and-knuckleball-offer-up-canadian-badass/,http://vancouverweekly-local.local/wp-admin/post.php?post=68778&action=edit,publish,4,0,3,image_free,https://web.archive.org/web/20190408000715im_/http://vancouverweekly-local.local/wp-content/uploads/2019/04/Knuckleball-300x178.jpg
68786,"Vancouver continues rowdy relationship with The Devil Makes Three",http://vancouverweekly-local.local/vancouver-continues-rowdy-relationship-with-the-devil-makes-three-59096-2/,http://vancouverweekly-local.local/wp-admin/post.php?post=68786&action=edit,publish,4,0,3,image_free,https://web.archive.org/web/20171119075917im_/http://vancouverweekly-local.local/wp-content/uploads/2017/11/RLJ3992-e1510712274264.jpg
68796,"Vancouver enters a time warp with the Sheepdogs",http://vancouverweekly-local.local/vancouver-enters-a-time-warp-with-the-sheepdogs-60045-2/,http://vancouverweekly-local.local/wp-admin/post.php?post=68796&action=edit,publish,4,0,3,image_free,https://web.archive.org/web/20180226084215im_/http://vancouverweekly-local.local/wp-content/uploads/2018/02/IMG_2446-e1518835654965.jpg
68812,"Vancouver Folk Music Festival Returns",http://vancouverweekly-local.local/vancouver-folk-music-festival-returns/,http://vancouverweekly-local.local/wp-admin/post.php?post=68812&action=edit,publish,4,0,0,image_free,https://web.archive.org/web/20150719075520im_/http://vancouverweekly-local.local/wp-content/uploads/2015/07/vfmf2012_davidniddrie_8960.jpg
68817,"Vancouver gets a little Weeknd before the weekend",http://vancouverweekly-local.local/vancouver-gets-little-weeknd-weekend/,http://vancouverweekly-local.local/wp-admin/post.php?post=68817&action=edit,publish,4,0,2,image_free,https://web.archive.org/web/20171012024805im_/http://vancouverweekly-local.local/wp-content/uploads/2017/10/1_The_Weeknd-Rogers_Arena-Timothy_Nguyen-20171005-20-of-36-e1507340525513.jpg
68875,"VIFF 2019: Children of the Sea",http://vancouverweekly-local.local/viff-2019-children-of-the-sea/,http://vancouverweekly-local.local/wp-admin/post.php?post=68875&action=edit,publish,4,0,0,image_free,https://web.archive.org/web/20191210015533im_/http://vancouverweekly-local.local/wp-content/uploads/2019/10/Children1-1-300x127.png
68876,"VIFF 2019: Guest of Honour",http://vancouverweekly-local.local/viff-2019-guest-of-honour/,http://vancouverweekly-local.local/wp-admin/post.php?post=68876&action=edit,publish,4,0,0,image_free,https://web.archive.org/web/20210123113636im_/http://vancouverweekly-local.local/wp-content/uploads/2019/10/Guest1-300x157.jpg
68877,"VIFF 2019: Hard-Core",http://vancouverweekly-local.local/viff-2019-hard-core/,http://vancouverweekly-local.local/wp-admin/post.php?post=68877&action=edit,publish,4,0,0,image_free,https://web.archive.org/web/20191113052755im_/http://vancouverweekly-local.local/wp-content/uploads/2019/10/HC1-300x200.jpg
68879,"VIFF 2019: In the Tall Grass",http://vancouverweekly-local.local/viff-2019-in-the-tall-grass/,http://vancouverweekly-local.local/wp-admin/post.php?post=68879&action=edit,publish,4,0,0,image_free,https://web.archive.org/web/20191113044448im_/http://vancouverweekly-local.local/wp-content/uploads/2019/10/Grass1-300x126.jpeg
68881,"VIFF 2019: Melancholic",http://vancouverweekly-local.local/viff-2019-melancholic/,http://vancouverweekly-local.local/wp-admin/post.php?post=68881&action=edit,publish,4,0,0,image_free,https://web.archive.org/web/20191113041326im_/http://vancouverweekly-local.local/wp-content/uploads/2019/10/Melancholic1-300x169.jpg
68883,"VIFF 2019: No. 7 Cherry Lane",http://vancouverweekly-local.local/viff-2019-no-7-cherry-lane/,http://vancouverweekly-local.local/wp-admin/post.php?post=68883&action=edit,publish,4,0,0,image_free,https://web.archive.org/web/20201028081354im_/http://vancouverweekly-local.local/wp-content/uploads/2019/10/Cherry1-1-300x150.jpg
68884,"VIFF 2019: Parasite",http://vancouverweekly-local.local/viff-2019-parasite/,http://vancouverweekly-local.local/wp-admin/post.php?post=68884&action=edit,publish,4,0,0,image_free,https://web.archive.org/web/20201125082116im_/http://vancouverweekly-local.local/wp-content/uploads/2019/10/Parasite-1-300x192.jpg
68885,"VIFF 2019: The Lighthouse",http://vancouverweekly-local.local/viff-2019-the-lighthouse/,http://vancouverweekly-local.local/wp-admin/post.php?post=68885&action=edit,publish,4,0,0,image_free,https://web.archive.org/web/20191207034021im_/http://vancouverweekly-local.local/wp-content/uploads/2019/10/Lighthouse1-300x169.jpeg
68886,"VIFF 2019: Vanishing Days",http://vancouverweekly-local.local/viff-2019-vanishing-days/,http://vancouverweekly-local.local/wp-admin/post.php?post=68886&action=edit,publish,4,0,0,image_free,https://web.archive.org/web/20200723015519im_/http://vancouverweekly-local.local/wp-content/uploads/2019/10/Vanishing1-300x169.jpg
68887,"VIFF 2019: Wild Sparrow",http://vancouverweekly-local.local/viff-2019-wild-sparrow/,http://vancouverweekly-local.local/wp-admin/post.php?post=68887&action=edit,publish,4,0,0,image_free,https://web.archive.org/web/20210123103634im_/http://vancouverweekly-local.local/wp-content/uploads/2019/10/Sparrow1-300x169.jpg
68888,"VIFF returns for another year with minor changes, same clear purpose",http://vancouverweekly-local.local/viff-returns-for-another-year-with-minor-changes-same-clear-purpose-58455-2/,http://vancouverweekly-local.local/wp-admin/post.php?post=68888&action=edit,publish,4,0,1,image_free,https://web.archive.org/web/20171003144830im_/http://vancouverweekly-local.local/wp-content/uploads/2017/09/VIFF-Launch.jpg
68909,"Waxahatchee brings band of wayward Americans to Vancouver",http://vancouverweekly-local.local/waxahatchee-brings-band-of-wayward-americans-to-vancouver-63268-2/,http://vancouverweekly-local.local/wp-admin/post.php?post=68909&action=edit,publish,4,0,3,image_free,https://web.archive.org/web/20190407232126im_/http://vancouverweekly-local.local/wp-content/uploads/2019/02/IMG_2066.jpg
68942,"Whistler Beer Festival 2018 recap: it’s more than a cold brew",http://vancouverweekly-local.local/whistler-beer-festival-2018-recap-its-more-than-a-cold-brew-61682-2/,http://vancouverweekly-local.local/wp-admin/post.php?post=68942&action=edit,publish,4,0,0,image_free,https://web.archive.org/web/20180927132635im_/http://vancouverweekly-local.local/wp-content/uploads/2018/09/IMG_0974-2.jpg
68966,"Why you should join the Nisga’a New Year celebration",http://vancouverweekly-local.local/why-you-should-join-the-nisgaa-new-year-celebration-57103-2/,http://vancouverweekly-local.local/wp-admin/post.php?post=68966&action=edit,publish,4,0,3,image_free,https://web.archive.org/web/20180607171458im_/http://vancouverweekly-local.local/wp-content/uploads/2017/02/IMGP4426.jpg
69051,"Win Tickets to Koerner Quartet at Vancouver Academy of Music – September 28, 2014",http://vancouverweekly-local.local/win-tickets-koerner-quartet-vancouver-academy-music-september-28-2014/,http://vancouverweekly-local.local/wp-admin/post.php?post=69051&action=edit,publish,4,0,0,image_free,https://web.archive.org/web/20200928041920im_/http://vancouverweekly-local.local/wp-content/uploads/2014/08/Koerner-750w.jpg
69052,"Win Tickets to Koerner’s Quartet at Mary Olsen Hall – November 2, 2014",http://vancouverweekly-local.local/win-tickets-koerners-quartet-mary-olsen-hall-november-2-2014/,http://vancouverweekly-local.local/wp-admin/post.php?post=69052&action=edit,publish,4,0,0,image_free,https://web.archive.org/web/20190716075823im_/http://vancouverweekly-local.local/wp-content/uploads/2014/10/KQ_8660-HiRes_resized-copy.jpg
69142,"Win Tickets to The Taboo Naughty but Nice Sex Show in Vancouver",http://vancouverweekly-local.local/win-tickets-to-the-taboo-naughty-but-nice-sex-show-in-vancouver-56986-2/,http://vancouverweekly-local.local/wp-admin/post.php?post=69142&action=edit,publish,4,0,0,image_free,https://web.archive.org/web/20190716085830im_/http://vancouverweekly-local.local/wp-content/uploads/2016/12/ArmyOfSass.jpg
69150,"Win Tickets to Vancouver Folk Music Festival 2019",http://vancouverweekly-local.local/win-tickets-to-vancouver-folk-music-festival-2019-65795-2/,http://vancouverweekly-local.local/wp-admin/post.php?post=69150&action=edit,publish,4,0,0,image_free,https://web.archive.org/web/20190705153300im_/http://vancouverweekly-local.local/wp-content/uploads/2019/06/Screen-Shot-2019-06-15-at-1.46.43-PM.png
69220,"Zombieland: Double Tap is an underwhelming sequel, even with its talented cast",http://vancouverweekly-local.local/zombieland-double-tap-is-an-underwhelming-sequel-even-with-its-talented-cast/,http://vancouverweekly-local.local/wp-admin/post.php?post=69220&action=edit,publish,4,0,0,image_free,https://web.archive.org/web/20191113053508im_/http://vancouverweekly-local.local/wp-content/uploads/2019/10/Zombieland1-300x200.jpeg
65473,"A night of infectious nostalgia with the Fratellis",http://vancouverweekly-local.local/a-night-of-infectious-nostalgia-with-the-fratellis-60520-2/,http://vancouverweekly-local.local/wp-admin/post.php?post=65473&action=edit,publish,4,0,3,image_free,https://web.archive.org/web/20180509133753im_/http://vancouverweekly-local.local/wp-content/uploads/2018/04/DSC_3735.jpg
65587,"Ariel Pink to bring ‘Dedicated to Bobby Jameson’ to Vancouver",http://vancouverweekly-local.local/ariel-pink-to-bring-dedicated-to-bobby-jameson-to-vancouver/,http://vancouverweekly-local.local/wp-admin/post.php?post=65587&action=edit,publish,4,0,3,image_free,https://web.archive.org/web/20181124032105im_/http://vancouverweekly-local.local/wp-content/uploads/2017/10/Eliot-Lee-Hazel.jpg
65657,"Beach House fills the Orpheum with silhouettes and awe",http://vancouverweekly-local.local/beach-house-fills-the-orpheum-with-silhouettes-and-awe-61350-2/,http://vancouverweekly-local.local/wp-admin/post.php?post=65657&action=edit,publish,4,0,3,image_free,https://web.archive.org/web/20180817050945im_/http://vancouverweekly-local.local/wp-content/uploads/2018/08/BH-Orpheum-7-e1534208674559.jpg
65859,"Cave Rescue is a timely reminder of human power and compassion",http://vancouverweekly-local.local/cave-rescue-is-a-timely-reminder-of-human-power-and-compassion-70565-2/,http://vancouverweekly-local.local/wp-admin/post.php?post=65859&action=edit,publish,4,0,0,image_free,https://web.archive.org/web/20200422141221im_/http://vancouverweekly-local.local/wp-content/uploads/2020/04/Cave2-300x169.jpg
65994,"Concert-goers sing and dance with Milky Chance",http://vancouverweekly-local.local/concert-goers-sing-and-dance-with-milky-chance-59966-2/,http://vancouverweekly-local.local/wp-admin/post.php?post=65994&action=edit,publish,4,0,3,image_free,https://web.archive.org/web/20180210182159im_/http://vancouverweekly-local.local/wp-content/uploads/2018/02/jan.23_2018_Meshuggah_Commodore_edits_rlj-14-of-14-e1517792284692.jpg
66501,"Indie-pop trio LANY delivers synth tunes to the Vogue",http://vancouverweekly-local.local/indie-pop-trio-lany-delivers-synth-tunes-to-the-vogue-59063-2/,http://vancouverweekly-local.local/wp-admin/post.php?post=66501&action=edit,publish,4,0,3,image_free,https://web.archive.org/web/20171115064521im_/http://vancouverweekly-local.local/wp-content/uploads/2017/11/RLJ3303-e1510430359840.jpg
68324,"Slayer delivers monster performance for its farewell tour",http://vancouverweekly-local.local/slayer-delivers-monster-performance-for-its-farewell-tour-60675-2/,http://vancouverweekly-local.local/wp-admin/post.php?post=68324&action=edit,publish,4,0,3,image_free,https://web.archive.org/web/20180603114715im_/http://vancouverweekly-local.local/wp-content/uploads/2018/05/RLJ7797-e1526676577835.jpg
68471,"Terminator: Dark Fate saves the future with its astounding cast and action sequences",http://vancouverweekly-local.local/terminator-dark-fate-saves-the-future-with-its-astounding-cast-and-action-sequences/,http://vancouverweekly-local.local/wp-admin/post.php?post=68471&action=edit,publish,4,0,0,image_free,https://web.archive.org/web/20191113042641im_/http://vancouverweekly-local.local/wp-content/uploads/2019/11/terminator1-300x180.jpg
68476,"That gypsy sound on Granville Island",http://vancouverweekly-local.local/that-gypsy-sound-on-granville-island-61963-2/,http://vancouverweekly-local.local/wp-admin/post.php?post=68476&action=edit,publish,4,0,3,image_free,https://web.archive.org/web/20181214215422im_/http://vancouverweekly-local.local/wp-content/uploads/2018/10/h.jpg
69202,"A New Bar is Set: Art x Craft is Vancouver’s New Interactive Art Event",http://vancouverweekly-local.local/you-are-the-bar-of-the-show-art-x-craft-is-vancouvers-new-interactive-art-event-63812-2/,http://vancouverweekly-local.local/wp-admin/post.php?post=69202&action=edit,publish,4,0,3,image_free,https://web.archive.org/web/20201001171243im_/http://vancouverweekly-local.local/wp-content/uploads/2019/12/cover.jpg
65420,"39th Annual Vancouver Folk Music Festival opens in dynamic, soulful style",http://vancouverweekly-local.local/39th-annual-vancouver-folk-music-festival-opens-in-dynamic-soulful-style-55911-2/,http://vancouverweekly-local.local/wp-admin/post.php?post=65420&action=edit,publish,3,0,1,image_free,https://web.archive.org/web/20190719085506im_/http://vancouverweekly-local.local/wp-content/uploads/2016/07/IMG_3768.jpg
65456,"A Christmas Story: The Musical is a weak adaptation of a family classic",http://vancouverweekly-local.local/a-christmas-story-the-musical-is-a-weak-adaptation-of-a-family-classic/,http://vancouverweekly-local.local/wp-admin/post.php?post=65456&action=edit,publish,3,0,1,image_free,https://web.archive.org/web/20190721070731im_/http://vancouverweekly-local.local/wp-content/uploads/2015/11/christmas_dress_0332.jpg
65463,"A Hazy Shade of Wintersleep",http://vancouverweekly-local.local/a-hazy-shade-of-wintersleep/,http://vancouverweekly-local.local/wp-admin/post.php?post=65463&action=edit,publish,3,0,1,image_free,https://web.archive.org/web/20160412221441im_/http://vancouverweekly-local.local/wp-content/uploads/2016/03/winter1.png
65525,"Alessandro Cortini et al. a gutsy performance",http://vancouverweekly-local.local/alessandro-cortini-et-al-a-gutsy-performance/,http://vancouverweekly-local.local/wp-admin/post.php?post=65525&action=edit,publish,3,0,0,image_free,https://web.archive.org/web/20150520115037im_/http://vancouverweekly-local.local/wp-content/uploads/2015/04/D2S1783-1024x683.jpg
65565,"Angel Olsen Burns Her Creative Fire Brightly on New Album",http://vancouverweekly-local.local/angel-olsen-burn-your-fire-for-no-witness-album-review/,http://vancouverweekly-local.local/wp-admin/post.php?post=65565&action=edit,publish,3,0,0,image_free,https://web.archive.org/web/20190719082222im_/http://vancouverweekly-local.local/wp-content/uploads/2014/02/ANGEL-OLSEN-BURN-YOUR-FIRE.jpg
65583,"Arcade Fire steps into the ring at the Pacific Coliseum",http://vancouverweekly-local.local/arcade-fire-steps-ring-pacific-coliseum/,http://vancouverweekly-local.local/wp-admin/post.php?post=65583&action=edit,publish,3,0,2,image_free,https://web.archive.org/web/20180226222007im_/http://vancouverweekly-local.local/wp-content/uploads/2017/10/RLJ0649.jpg
65586,"Ariana Grande brings the sweetness to Vancouver concert",http://vancouverweekly-local.local/ariana-grande-brings-the-sweetness-to-vancouver-concert-64631-2/,http://vancouverweekly-local.local/wp-admin/post.php?post=65586&action=edit,publish,3,0,1,image_free,https://web.archive.org/web/20190723173748im_/http://vancouverweekly-local.local/wp-content/uploads/2019/04/a1addf1b7d31dd3a18dc47e1e7ddad64.jpg_1200x630.jpg
65654,"Battles open up a world of possibilities on new album ‘La Di Da Di’",http://vancouverweekly-local.local/battles-open-up-a-world-of-possibilities-on-new-album-la-di-da-di/,http://vancouverweekly-local.local/wp-admin/post.php?post=65654&action=edit,publish,3,0,1,image_free,https://web.archive.org/web/20160111204753im_/http://vancouverweekly-local.local/wp-content/uploads/2015/09/Grant-Cornett-1024x766.jpg
65671,"Beer Baseball with the Orwells",http://vancouverweekly-local.local/beer-baseball-orwells/,http://vancouverweekly-local.local/wp-admin/post.php?post=65671&action=edit,publish,3,0,1,image_free,https://web.archive.org/web/20190717042124im_/http://vancouverweekly-local.local/wp-content/uploads/2014/09/10628013_608152799294003_3763592947224431908_n.jpg
65683,"Ben Folds goes delightfully solo at Vancouver’s Vogue Theatre",http://vancouverweekly-local.local/ben-folds-goes-delightfully-solo-vancouvers-vogue-theatre/,http://vancouverweekly-local.local/wp-admin/post.php?post=65683&action=edit,publish,3,0,2,image_free,https://web.archive.org/web/20171006135910im_/http://vancouverweekly-local.local/wp-content/uploads/2017/10/Ben-Folds-at-The-Vogue-09-30-2017-Mary-Matheson-Photography-2-e1506933704321.jpg
65732,"Black Mountain talk about their first album in six years",http://vancouverweekly-local.local/black-mountain-talk-about-their-first-album-in-six-years-55192-2/,http://vancouverweekly-local.local/wp-admin/post.php?post=65732&action=edit,publish,3,0,0,image_free,https://web.archive.org/web/20190719074720im_/http://vancouverweekly-local.local/wp-content/uploads/2016/05/blackmountainpress-1-1.jpg
65760,"Book Giveaway: Sea Salt: Recipes from the West Coast Galley",http://vancouverweekly-local.local/book-giveaway-sea-salt-recipes-from-the-west-coast-galley/,http://vancouverweekly-local.local/wp-admin/post.php?post=65760&action=edit,publish,3,0,0,image_free,https://web.archive.org/web/20191211134337im_/http://vancouverweekly-local.local/wp-content/uploads/2013/12/seasalt_cover_hires.jpg
65761,"Book Giveaway: Win a copy of The Tilted World: A Novel by Tom Franklin & Beth Ann Fennelly",http://vancouverweekly-local.local/book-giveaway-win-a-copy-of-the-tilted-world-a-novel-by-tom-franklin-beth-ann-fennelly/,http://vancouverweekly-local.local/wp-admin/post.php?post=65761&action=edit,publish,3,0,0,image_free,https://web.archive.org/web/20201021094851im_/http://vancouverweekly-local.local/wp-content/uploads/2013/12/91F7VGPQCDL._SL1500_.jpg
65790,"Bryan Ferry croons Vancouver into submission",http://vancouverweekly-local.local/bryan-ferry-croons-vancouver-submission/,http://vancouverweekly-local.local/wp-admin/post.php?post=65790&action=edit,publish,3,0,2,image_free,https://web.archive.org/web/20170824162941im_/http://vancouverweekly-local.local/wp-content/uploads/2017/08/Bryan-Ferry-2.jpg
65807,"Calexico delivers Southwestern flavour to Vancouverites",http://vancouverweekly-local.local/calexico-delivers-southwestern-flavour-to-vancouverites-60908-2/,http://vancouverweekly-local.local/wp-admin/post.php?post=65807&action=edit,publish,3,0,2,image_free,https://web.archive.org/web/20180621072433im_/http://vancouverweekly-local.local/wp-content/uploads/2018/06/1N3A3489-e1528763374596.jpg
65858,"Cause & Effect: The New Conformity Juggles a North American Change In Perception",http://vancouverweekly-local.local/cause-effect-the-new-conformity-juggles-a-north-american-change-in-perception-59076-2/,http://vancouverweekly-local.local/wp-admin/post.php?post=65858&action=edit,publish,3,0,0,image_free,https://web.archive.org/web/20171119212212im_/http://vancouverweekly-local.local/wp-content/uploads/2017/11/manipulation-34.jpg
65907,"City and Colour Brightened a Gloomy Vancouver Chromatically",http://vancouverweekly-local.local/city-and-colour-brightened-a-gloomy-vancouver-chromatically/,http://vancouverweekly-local.local/wp-admin/post.php?post=65907&action=edit,publish,3,0,2,image_free,https://web.archive.org/web/20191207085139im_/http://vancouverweekly-local.local/wp-content/uploads/2019/11/RLJ_0719.jpg
65941,"Come to Daddy is bloody fun for the midnight movie crowd",http://vancouverweekly-local.local/come-to-daddy/,http://vancouverweekly-local.local/wp-admin/post.php?post=65941&action=edit,publish,3,0,0,image_free,https://web.archive.org/web/20200809210634im_/http://vancouverweekly-local.local/wp-content/uploads/2020/02/Daddy2-300x169.jpg
65944,"“Coming Home”: Zhang Yimou and Gong Li create another classic",http://vancouverweekly-local.local/coming-home-zhang-yimou-and-gong-li-create-another-classic/,http://vancouverweekly-local.local/wp-admin/post.php?post=65944&action=edit,publish,3,0,0,image_free,https://web.archive.org/web/20171008114440im_/http://vancouverweekly-local.local/wp-content/uploads/2015/09/0b3b9aac-d2d4-4b0f-871f-7a93585c8c40.jpg
65995,"Connan Mockasin kicks off tour with playful soul at the Rickshaw",http://vancouverweekly-local.local/connan-mockasin-kicks-off-tour-with-playful-soul-at-the-rickshaw-65734-2/,http://vancouverweekly-local.local/wp-admin/post.php?post=65995&action=edit,publish,3,0,1,image_free,https://web.archive.org/web/20190705170406im_/http://vancouverweekly-local.local/wp-content/uploads/2019/06/monster-children-connan-mockasin.jpg
66010,"Crown may proceed with B.C. logging auction against First Nations’ wishes: court",http://vancouverweekly-local.local/crown-may-proceed-with-b-c-logging-auction-against-first-nations-wishes-court/,http://vancouverweekly-local.local/wp-admin/post.php?post=66010&action=edit,publish,3,0,1,image_free,https://web.archive.org/web/20190722144302im_/http://vancouverweekly-local.local/wp-content/uploads/2015/07/1024px-FortVermilion-Sunset.jpg
66033,"Daniel Lanois Reveals New Video “Satie”",http://vancouverweekly-local.local/daniel-lanois-reveals-new-video-satie-56313-2/,http://vancouverweekly-local.local/wp-admin/post.php?post=66033&action=edit,publish,3,0,0,image_free,https://web.archive.org/web/20190716085734im_/http://vancouverweekly-local.local/wp-content/uploads/2016/09/Screen-Shot-2016-09-15-at-11.26.28-AM.png
66079,"Dinosaur Jr. not heading for extinction any time soon",http://vancouverweekly-local.local/dinosaur-jr-not-heading-for-extinction-any-time-soon/,http://vancouverweekly-local.local/wp-admin/post.php?post=66079&action=edit,publish,3,0,1,image_free,https://web.archive.org/web/20191113040150im_/http://vancouverweekly-local.local/wp-content/uploads/2019/10/rs-12660-091613-dinosaur-jr-624-1379351484.jpg
66091,"Dogecon Vancouver: an expression of acceptance",http://vancouverweekly-local.local/dogecon-vancouver-an-expression-of-acceptance-60996-2/,http://vancouverweekly-local.local/wp-admin/post.php?post=66091&action=edit,publish,3,0,2,image_free,https://web.archive.org/web/20180702051644im_/http://vancouverweekly-local.local/wp-content/uploads/2018/06/Lachance-State-of-the-Decentralized-Union.jpg
66126,"Dumbfoundead brings the ‘We Might Die’ tour to Vancouver",http://vancouverweekly-local.local/dumbfounded-brings-might-die-tour-vancouver/,http://vancouverweekly-local.local/wp-admin/post.php?post=66126&action=edit,publish,3,0,1,image_free,https://web.archive.org/web/20190716075838im_/http://vancouverweekly-local.local/wp-content/uploads/2017/01/Dumbfoundead-transparentagency1-s.jpg
66149,"Emilie & Ogden Unveil New “White Lies” Video",http://vancouverweekly-local.local/emilie-ogden-unveils-new-white-lies-video-56553-2/,http://vancouverweekly-local.local/wp-admin/post.php?post=66149&action=edit,publish,3,0,0,image_free,https://web.archive.org/web/20170204125911im_/http://vancouverweekly-local.local/wp-content/uploads/2016/10/Screen-Shot-2016-10-13-at-9.57.47-AM.png
66150,"Emily Haines lifts audience with ambitious Chan Centre performance",http://vancouverweekly-local.local/emily-haines-lifts-audience-with-ambitious-chan-centre-performance-59333-2/,http://vancouverweekly-local.local/wp-admin/post.php?post=66150&action=edit,publish,3,0,2,image_free,https://web.archive.org/web/20171212021343im_/http://vancouverweekly-local.local/wp-content/uploads/2017/12/DSC_9776-e1512849832457.jpg
66155,"Enter to see G. Love & Special Sauce at Venue – April 6, 2014",http://vancouverweekly-local.local/enter-see-g-love-special-sauce-venue-april-6-2014/,http://vancouverweekly-local.local/wp-admin/post.php?post=66155&action=edit,publish,3,0,0,image_free,https://web.archive.org/web/20190921232257im_/http://vancouverweekly-local.local/wp-content/uploads/2014/03/LN-GLove-11x17-4c-bleed-02-copy.jpg
66160,"Enter to Win: Tickets to Fanfarlo at Venue – March 29, 2014",http://vancouverweekly-local.local/enter-win-tickets-fanfarlo-venue-march-29-2014/,http://vancouverweekly-local.local/wp-admin/post.php?post=66160&action=edit,publish,3,0,0,image_free,https://web.archive.org/web/20191208054325im_/http://vancouverweekly-local.local/wp-content/uploads/2014/03/LN-Fanfarlo-11x17-4c-bleed-01-copy.jpg
66167,"CANCELLED: Enter to Win Tickets to Spanish Gold at Biltmore Cabaret – June 28, 2014",http://vancouverweekly-local.local/enter-win-tickets-spanish-gold-biltmore-cabaret-june-28-2014/,http://vancouverweekly-local.local/wp-admin/post.php?post=66167&action=edit,publish,3,0,0,image_free,https://web.archive.org/web/20171019044643im_/http://vancouverweekly-local.local/wp-content/uploads/2014/06/LN-SpanishGold-11x17-4c-bleed-01-copy.jpg
66173,Eternalization,http://vancouverweekly-local.local/eternalization-59725-2/,http://vancouverweekly-local.local/wp-admin/post.php?post=66173&action=edit,publish,3,0,1,image_free,https://web.archive.org/web/20190721222725im_/http://vancouverweekly-local.local/wp-content/uploads/2018/01/Eternalization-web.jpg
66184,"“Everything influences us”: Carrie-Anne Moss on her role in Jessica Jones",http://vancouverweekly-local.local/everything-influences-us-carrie-anne-moss-on-her-supporting-role-in-jessica-jones/,http://vancouverweekly-local.local/wp-admin/post.php?post=66184&action=edit,publish,3,0,0,image_free,https://web.archive.org/web/20161115025337im_/http://vancouverweekly-local.local/wp-content/uploads/2015/11/Jessica-Jones.jpg
66195,"Facebook Appears to be Down",http://vancouverweekly-local.local/facebook-appears-to-be-down/,http://vancouverweekly-local.local/wp-admin/post.php?post=66195&action=edit,publish,3,0,0,image_free,https://web.archive.org/web/20190722143932im_/http://vancouverweekly-local.local/wp-content/uploads/2015/09/facebookdown-1024x560.png
66209,"Feist makes Vancouver fall even more in love with her",http://vancouverweekly-local.local/feist-makes-vancouver-fall-even-love/,http://vancouverweekly-local.local/wp-admin/post.php?post=66209&action=edit,publish,3,0,2,image_free,https://web.archive.org/web/20171006141745im_/http://vancouverweekly-local.local/wp-content/uploads/2017/10/RLJ8880.jpg
66230,"Fleet Foxes serve up September serenade in Stanley Park",http://vancouverweekly-local.local/fleet-foxes-serve-up-september-serenade-in-stanley-park/,http://vancouverweekly-local.local/wp-admin/post.php?post=66230&action=edit,publish,3,0,1,image_free,https://web.archive.org/web/20190716081119im_/http://vancouverweekly-local.local/wp-content/uploads/2017/09/1_Fleet_Foxes-Malkin_Bowl-Timothy_Nguyen-20170913-12-of-26.jpg
66261,"Frank And Oak’s first Vancouver pop-up store opens on Robson Street",http://vancouverweekly-local.local/frank-and-oaks-first-vancouver-pop-up-store-opens-on-robson-street-59416-2/,http://vancouverweekly-local.local/wp-admin/post.php?post=66261&action=edit,publish,3,0,3,image_free,https://web.archive.org/web/20171223083359im_/http://vancouverweekly-local.local/wp-content/uploads/2017/12/robson_9334_photocredit_Janis-Nicolay.jpg
66285,"‘Gender-blind’ Jesus Christ Superstar retelling propels classic into modern day",http://vancouverweekly-local.local/gender-blind-jesus-christ-superstar-retelling-propels-classic-into-modern-day-58985-2/,http://vancouverweekly-local.local/wp-admin/post.php?post=66285&action=edit,publish,3,0,2,image_free,https://web.archive.org/web/20171112061149im_/http://vancouverweekly-local.local/wp-content/uploads/2017/11/Robert-Sondergaard.-1.jpg
66288,"Get a Real Taste of the Islands at this Jamaican Dining Pop-Up Event",http://vancouverweekly-local.local/get-a-real-taste-of-the-islands-at-this-jamaican-dining-pop-up-event-62533-2/,http://vancouverweekly-local.local/wp-admin/post.php?post=66288&action=edit,publish,3,0,1,image_free,https://web.archive.org/web/20190721223813im_/http://vancouverweekly-local.local/wp-content/uploads/2018/12/elbo-patties.jpg
66298,"Global Citizen announces its first-ever Vancouver live music event for change",http://vancouverweekly-local.local/global-citizen-announces-its-first-ever-vancouver-live-music-event-for-change-60295-2/,http://vancouverweekly-local.local/wp-admin/post.php?post=66298&action=edit,publish,3,0,1,image_free,https://web.archive.org/web/20180317050704im_/http://vancouverweekly-local.local/wp-content/uploads/2018/03/Global-Citizen-Live-Vancouver-Sam-Roberts-Band-1.jpg
66311,"Golden Features shows Vancouver how Aussies like to party",http://vancouverweekly-local.local/golden-features-shows-vancouver-how-aussies-like-to-party-65727-2/,http://vancouverweekly-local.local/wp-admin/post.php?post=66311&action=edit,publish,3,0,1,image_free,https://web.archive.org/web/20190705154825im_/http://vancouverweekly-local.local/wp-content/uploads/2019/06/ed99a275dfe4b882e52428a686c319ec.jpg
66363,"Hanson promise hits and Christmas classics at Wintry Mix Tour kick-off in Vancouver",http://vancouverweekly-local.local/hanson-promise-hits-and-christmas-classics-at-wintry-mix-tour-kick-off-in-vancouver/,http://vancouverweekly-local.local/wp-admin/post.php?post=66363&action=edit,publish,3,0,2,image_free,https://web.archive.org/web/20191207103518im_/http://vancouverweekly-local.local/wp-content/uploads/2019/11/Alex-Little-Promo-Photo-2018-2.jpg
66447,"How To Have Your Own Rock Star Toast Party",http://vancouverweekly-local.local/how-to-have-your-own-rock-star-toast-party-56221-2/,http://vancouverweekly-local.local/wp-admin/post.php?post=66447&action=edit,publish,3,0,0,image_free,https://web.archive.org/web/20190618150226im_/http://vancouverweekly-local.local/wp-content/uploads/2016/09/unnamed.jpg
66458,"Howlin’ Rain promises to bring a monster mash to Vancouver",http://vancouverweekly-local.local/howlin-rain-promises-to-bring-a-monster-mash-to-vancouver-62653-2/,http://vancouverweekly-local.local/wp-admin/post.php?post=66458&action=edit,publish,3,0,2,image_free,https://web.archive.org/web/20190114202711im_/http://vancouverweekly-local.local/wp-content/uploads/2019/01/kristy-walker-1.jpg
66473,"Ian Vanek and the art of motorcycle maintenance",http://vancouverweekly-local.local/ian-vanek-and-the-art-of-motorcycle-maintenance/,http://vancouverweekly-local.local/wp-admin/post.php?post=66473&action=edit,publish,3,0,0,image_free,https://web.archive.org/web/20160413063337im_/http://vancouverweekly-local.local/wp-content/uploads/2015/01/Howardian.jpg
66480,"Imagine Dragons deliver a feast for the senses Thanksgiving weekend",http://vancouverweekly-local.local/imagine-dragons-deliver-feast-senses-thanksgiving-weekend/,http://vancouverweekly-local.local/wp-admin/post.php?post=66480&action=edit,publish,3,0,2,image_free,https://web.archive.org/web/20171016035647im_/http://vancouverweekly-local.local/wp-content/uploads/2017/10/IMG_0694-e1507616332332.jpg
66497,"Inaugural Vancouver Podcast Festival sounds off this week",http://vancouverweekly-local.local/inaugural-vancouver-podcast-festival-sounds-off-this-week-62187-2/,http://vancouverweekly-local.local/wp-admin/post.php?post=66497&action=edit,publish,3,0,1,image_free,https://web.archive.org/web/20190721223317im_/http://vancouverweekly-local.local/wp-content/uploads/2018/11/Karina-Longworth_You-Must-Remember-This.jpg
66519,"INTERVIEW: Jonny Lang goes with the creative flow on ‘Signs’ tour",http://vancouverweekly-local.local/interview-jonny-lang-goes-with-the-creative-flow-on-signs-tour-59197-2/,http://vancouverweekly-local.local/wp-admin/post.php?post=66519&action=edit,publish,3,0,2,image_free,https://web.archive.org/web/20171201062536im_/http://vancouverweekly-local.local/wp-content/uploads/2017/11/C-Jonny_Lang_Photo_Credit_Daniella_Hovsepian-1024x683.jpg
66556,"Ip Man 3: A Grand Send-Off for the Grandmaster",http://vancouverweekly-local.local/ip-man-3-a-grand-send-off-for-the-grandmaster-52746-2/,http://vancouverweekly-local.local/wp-admin/post.php?post=66556&action=edit,publish,3,0,0,image_free,https://web.archive.org/web/20160330025803im_/http://vancouverweekly-local.local/wp-content/uploads/2016/01/ip-man-3-mike-tyson-donnie-yen.jpg
66571,"It’s not who you are underneath, it’s what coffee you drink that defines you",http://vancouverweekly-local.local/its-not-who-you-are-underneath-its-what-coffee-you-drink-that-defines-you-62454-2/,http://vancouverweekly-local.local/wp-admin/post.php?post=66571&action=edit,publish,3,0,1,image_free,https://web.archive.org/web/20190723164924im_/http://vancouverweekly-local.local/wp-content/uploads/2018/12/pallett.png
66772,"Jack White performs a hard-rocking show for a sleepy Vancouver crowd",http://vancouverweekly-local.local/jack-white-performs-a-hard-rocking-show-for-a-sleepy-vancouver-crowd-61353-2/,http://vancouverweekly-local.local/wp-admin/post.php?post=66772&action=edit,publish,3,0,2,image_free,https://web.archive.org/web/20180817050956im_/http://vancouverweekly-local.local/wp-content/uploads/2018/08/180812_JW_Vancouver_0101.jpg
66785,"Janet Jackson shows Vancouver she’s still the Princess of Pop",http://vancouverweekly-local.local/janet-jackson-shows-vancouver-shes-still-princess-pop/,http://vancouverweekly-local.local/wp-admin/post.php?post=66785&action=edit,publish,3,0,2,image_free,https://web.archive.org/web/20171003102216im_/http://vancouverweekly-local.local/wp-content/uploads/2017/09/SEPT.26_JANET_JACKSON_RYAN_JOHNSON_69-e1506560483391.jpg
66823,"Jon Bellion proves to fans that good things fall together on his Glory Sound Prep tour",http://vancouverweekly-local.local/jon-bellion-proves-to-fans-that-good-things-fall-together-on-his-glory-sound-prep-tour-66595-2/,http://vancouverweekly-local.local/wp-admin/post.php?post=66823&action=edit,publish,3,0,0,image_free,https://web.archive.org/web/20190807103400im_/http://vancouverweekly-local.local/wp-content/uploads/2019/07/Jon-Bellion.jpg
66839,"Julia Jacklin Captivates Vancouver with a Crushing Performance",http://vancouverweekly-local.local/julia-jacklin-captivates-vancouver-with-a-crushing-performance/,http://vancouverweekly-local.local/wp-admin/post.php?post=66839&action=edit,publish,3,0,2,image_free,https://web.archive.org/web/20191207085216im_/http://vancouverweekly-local.local/wp-content/uploads/2019/11/IMG_1947.jpg
66846,"July Talk and Vancouver listens",http://vancouverweekly-local.local/july-talk-and-vancouver-listens-56826-2/,http://vancouverweekly-local.local/wp-admin/post.php?post=66846&action=edit,publish,3,0,1,image_free,https://web.archive.org/web/20190721062157im_/http://vancouverweekly-local.local/wp-content/uploads/2016/11/IMG_9970-e1480065858519.jpg
66849,"July Talk Reveals Stunning New Video for “Beck + Call”",http://vancouverweekly-local.local/july-talk-reveals-stunning-new-video-for-beck-call-56389-2/,http://vancouverweekly-local.local/wp-admin/post.php?post=66849&action=edit,publish,3,0,0,image_free,https://web.archive.org/web/20190721214547im_/http://vancouverweekly-local.local/wp-content/uploads/2016/09/Screen-Shot-2016-09-20-at-10.02.55-AM.png
66874,"Kevin Morby is Cowboy Chic",http://vancouverweekly-local.local/kevin-morby-is-cowboy-chic-55630-2/,http://vancouverweekly-local.local/wp-admin/post.php?post=66874&action=edit,publish,3,0,0,image_free,https://web.archive.org/web/20160708192623im_/http://vancouverweekly-local.local/wp-content/uploads/2016/06/QueenBee-640.jpg
66900,"Kim Gray softens the edges on unhurried debut LP ‘Perfume’",http://vancouverweekly-local.local/kim-gray-softens-the-edges-on-unhurried-debut-lp-perfume-56276-2/,http://vancouverweekly-local.local/wp-admin/post.php?post=66900&action=edit,publish,3,0,0,image_free,https://web.archive.org/web/20161112123133im_/http://vancouverweekly-local.local/wp-content/uploads/2016/09/watch-kim-gray-perfume-ghost.jpg
66913,"Kits Pool Stays Open for An Extra Week",http://vancouverweekly-local.local/kits-pool-stays-open-for-an-extra-week-56234-2/,http://vancouverweekly-local.local/wp-admin/post.php?post=66913&action=edit,publish,3,0,0,image_free,https://web.archive.org/web/20190717042119im_/http://vancouverweekly-local.local/wp-content/uploads/2016/09/maxresdefault.jpg
66960,"Kristie McCracken to play album release show at the Alexander",http://vancouverweekly-local.local/kristie-mccracken-to-play-album-release-show-at-the-alexander/,http://vancouverweekly-local.local/wp-admin/post.php?post=66960&action=edit,publish,3,0,0,image_free,https://web.archive.org/web/20190718013549im_/http://vancouverweekly-local.local/wp-content/uploads/2015/04/chersea.jpg
66983,"Lady in the Van will encourage you to look beyond the superficial",http://vancouverweekly-local.local/lady-in-the-van-will-encourage-you-to-look-beyond-the-superficial/,http://vancouverweekly-local.local/wp-admin/post.php?post=66983&action=edit,publish,3,0,1,image_free,https://web.archive.org/web/20160131152607im_/http://vancouverweekly-local.local/wp-content/uploads/2016/01/a0780809-1499-48f7-b81b-df3d8dc90368.jpg
66998,"Leeroy Stagger’s ‘Strange Path’ leads him to a beautiful mess",http://vancouverweekly-local.local/leeroy-staggers-strange-path-leads-him-to-a-beautiful-mess/,http://vancouverweekly-local.local/wp-admin/post.php?post=66998&action=edit,publish,3,0,2,image_free,https://web.archive.org/web/20191113040128im_/http://vancouverweekly-local.local/wp-content/uploads/2019/10/LS17_DavidGuenther.jpg
67002,"Leon Bridges turns a night at the fair into a church of soul",http://vancouverweekly-local.local/leon-bridges-turns-a-night-at-the-fair-into-a-church-of-soul-61680-2/,http://vancouverweekly-local.local/wp-admin/post.php?post=67002&action=edit,publish,3,0,2,image_free,https://web.archive.org/web/20180925203722im_/http://vancouverweekly-local.local/wp-content/uploads/2018/09/leonbridges-pne-DSC3303-e1537305389997.jpg
67041,"Lil Yachty’s personality still shines with ‘Lil Boat 3’",http://vancouverweekly-local.local/lil-yachtys-personality-still-shines-with-lil-boat-3/,http://vancouverweekly-local.local/wp-admin/post.php?post=67041&action=edit,publish,3,0,0,image_free,https://web.archive.org/web/20200722234205im_/http://vancouverweekly-local.local/wp-content/uploads/2020/06/lilyachty_mini.jpg
67055,"Local Natives show their charm at the Commodore Ballroom",http://vancouverweekly-local.local/local-natives-show-their-charm-at-the-commodore-ballroom-64968-2/,http://vancouverweekly-local.local/wp-admin/post.php?post=67055&action=edit,publish,3,0,0,image_free,https://web.archive.org/web/20190724011755im_/http://vancouverweekly-local.local/wp-content/uploads/2019/05/localnatives-bn.jpg
67056,"Local talents take over the first night of Westward Music Festival",http://vancouverweekly-local.local/local-talents-take-first-night-westward-music-festival/,http://vancouverweekly-local.local/wp-admin/post.php?post=67056&action=edit,publish,3,0,1,image_free,https://web.archive.org/web/20190721223352im_/http://vancouverweekly-local.local/wp-content/uploads/2017/09/westward2017_concertimage.jpg
67072,"Lovers of Dub: HTRK’s ‘Psychic 9–5 Club’",http://vancouverweekly-local.local/lovers-dub-htrks-psychic-9-5-club/,http://vancouverweekly-local.local/wp-admin/post.php?post=67072&action=edit,publish,3,0,0,image_free,https://web.archive.org/web/20190724000520im_/http://vancouverweekly-local.local/wp-content/uploads/2014/04/y-l-tufml-yutiultydy-d.jpg
67075,"Lower Dens reward patience at the Electric Owl",http://vancouverweekly-local.local/lower-dens-reward-patience-at-the-electric-owl/,http://vancouverweekly-local.local/wp-admin/post.php?post=67075&action=edit,publish,3,0,1,image_free,https://web.archive.org/web/20190723152126im_/http://vancouverweekly-local.local/wp-content/uploads/2015/07/Lower-Dens-photo-by-Frank-Hamilton-_MG_9671_h-1.jpg
67078,"Lupe Fiasco Serves Up a Fine Meal of Old and New",http://vancouverweekly-local.local/lupe-fiasco-serves-up-a-fine-meal-of-old-and-new/,http://vancouverweekly-local.local/wp-admin/post.php?post=67078&action=edit,publish,3,0,0,image_free,https://web.archive.org/web/20171019044030im_/http://vancouverweekly-local.local/wp-content/uploads/2013/12/light-blue-lupe-fiasco-hyypezup-800x533.jpg
67086,"Mac DeMarco: the Boy Next Door with Beer",http://vancouverweekly-local.local/mac-demarco-the-boy-next-door-with-beer/,http://vancouverweekly-local.local/wp-admin/post.php?post=67086&action=edit,publish,3,0,0,image_free,https://web.archive.org/web/20150520114836im_/http://vancouverweekly-local.local/wp-content/uploads/2015/04/MacDemarco-Biltmore-20150425-19-1024x682.jpg
67110,"Marina & the Diamonds lights up the Commodore",http://vancouverweekly-local.local/marina-the-diamonds-lights-up-the-commodore/,http://vancouverweekly-local.local/wp-admin/post.php?post=67110&action=edit,publish,3,0,0,image_free,https://web.archive.org/web/20190721214703im_/http://vancouverweekly-local.local/wp-content/uploads/2015/10/Marina-And-The-Diamonds-Press-Photo-1-Charlotte-Rutherford-1024x682.jpg
67127,"Matt Corby Captivates Vancouver Audience",http://vancouverweekly-local.local/matt-corby-captivates-vancouver-audience-55432-2/,http://vancouverweekly-local.local/wp-admin/post.php?post=67127&action=edit,publish,3,0,0,image_free,https://web.archive.org/web/20160708192922im_/http://vancouverweekly-local.local/wp-content/uploads/2016/05/matt-corby-1.jpg
67159,"Miami Horror’s Benjamin Plant on ‘All Possible Futures’ and future plans",http://vancouverweekly-local.local/miami-horrors-benjamin-plant-on-all-possible-futures-and-future-plans/,http://vancouverweekly-local.local/wp-admin/post.php?post=67159&action=edit,publish,3,0,0,image_free,https://web.archive.org/web/20150517193612im_/http://vancouverweekly-local.local/wp-content/uploads/2015/05/MiamiHorror.jpg
67176,"Mike Ness reflects on years of memorable Northwest performances",http://vancouverweekly-local.local/mike-ness-reflects-on-years-of-memorable-northwest-performances-60859-2/,http://vancouverweekly-local.local/wp-admin/post.php?post=67176&action=edit,publish,3,0,0,image_free,https://web.archive.org/web/20180610125119im_/http://vancouverweekly-local.local/wp-content/uploads/2018/06/Social_Distortion_Danny_Clinch.jpg
67180,"Millennial favourites tear up The Coliseum",http://vancouverweekly-local.local/millennial-favourites-tear-up-the-coliseum/,http://vancouverweekly-local.local/wp-admin/post.php?post=67180&action=edit,publish,3,0,2,image_free,https://web.archive.org/web/20201028081536im_/http://vancouverweekly-local.local/wp-content/uploads/2020/01/RLJ_8446-1.jpg
67240,"NEEDS with BRASS: humble, appreciative band night",http://vancouverweekly-local.local/needs-with-brass-humble-appreciative-band-night/,http://vancouverweekly-local.local/wp-admin/post.php?post=67240&action=edit,publish,3,0,1,image_free,https://web.archive.org/web/20190716090221im_/http://vancouverweekly-local.local/wp-content/uploads/2015/05/needs2-1024x682.png
67271,"Night Dreamer showcase their sound at Vancouver’s Blue Light Studio",http://vancouverweekly-local.local/night-dreamer-showcase-their-sound-at-vancouvers-blue-light-studio/,http://vancouverweekly-local.local/wp-admin/post.php?post=67271&action=edit,publish,3,0,1,image_free,https://web.archive.org/web/20200814135341im_/http://vancouverweekly-local.local/wp-content/uploads/2019/12/Unknown-11.jpeg
67354,"PAPA Reveal New Video for “Comfort’s A Killer”",http://vancouverweekly-local.local/papa-reveal-new-video-for-comforts-a-killer-56425-2/,http://vancouverweekly-local.local/wp-admin/post.php?post=67354&action=edit,publish,3,0,0,image_free,https://web.archive.org/web/20171008161815im_/http://vancouverweekly-local.local/wp-content/uploads/2016/09/Screen-Shot-2016-09-26-at-11.38.50-AM.png
67418,"Parquet Courts stir hype for ‘Human Performance’ with sold out Rickshaw show",http://vancouverweekly-local.local/parquet-courts-stir-hype-for-human-performance-with-sold-out-rickshaw-show-53100-2/,http://vancouverweekly-local.local/wp-admin/post.php?post=67418&action=edit,publish,3,0,0,image_free,https://web.archive.org/web/20160305042557im_/http://vancouverweekly-local.local/wp-content/uploads/2016/02/PARQUET_COURTS_JAN_2016_0402.jpg
67438,"Paul McCartney brings a marathon evening of the ‘old, new and inbetween’ to BC Place",http://vancouverweekly-local.local/paul-mccartney-brings-a-marathon-evening-of-the-old-new-and-inbetween-to-bc-place-66243-2/,http://vancouverweekly-local.local/wp-admin/post.php?post=67438&action=edit,publish,3,0,1,image_free,https://web.archive.org/web/20190713231507im_/http://vancouverweekly-local.local/wp-content/uploads/2019/07/RLJ_5192.jpg
67936,"Play it like it’s your last show – Andrew Seward of Against Me!",http://vancouverweekly-local.local/play-it-like-its-your-last-show/,http://vancouverweekly-local.local/wp-admin/post.php?post=67936&action=edit,publish,3,0,0,image_free,https://web.archive.org/web/20200809200329im_/http://vancouverweekly-local.local/wp-content/uploads/2020/04/AM_Approved_Band_JoeLeonard_2019_3.jpeg
67954,"Posthumous works from Kiarostami and Glawogger open the first week of VIFF",http://vancouverweekly-local.local/posthumous-works-from-kiarostami-and-glawogger-open-the-first-week-of-viff-58575-2/,http://vancouverweekly-local.local/wp-admin/post.php?post=67954&action=edit,publish,3,0,0,image_free,https://web.archive.org/web/20171006141942im_/http://vancouverweekly-local.local/wp-content/uploads/2017/10/Untitled.jpg
67988,"Progressive to the Core: Between the Buried and Me Sees Red",http://vancouverweekly-local.local/progressive-to-the-core-between-the-buried-and-me-sees-red-54300-2/,http://vancouverweekly-local.local/wp-admin/post.php?post=67988&action=edit,publish,3,0,1,image_free,https://web.archive.org/web/20160412221007im_/http://vancouverweekly-local.local/wp-content/uploads/2016/03/abr2.png
68040,"Quasi Rock Fully While Blues Control Go Offroad",http://vancouverweekly-local.local/quasi-rock-fully-while-blues-control-go-offroad/,http://vancouverweekly-local.local/wp-admin/post.php?post=68040&action=edit,publish,3,0,0,image_free,https://web.archive.org/web/20151129063143im_/http://vancouverweekly-local.local/wp-content/uploads/2013/11/2013nov21_biltmore_quasi_DSC8492-800x531.jpg
68049,"Queen + Adam Lambert Shine as Mercury’s in Retrograde",http://vancouverweekly-local.local/queen-adam-lambert-shine-as-mercurys-in-retrograde-66302-2/,http://vancouverweekly-local.local/wp-admin/post.php?post=68049&action=edit,publish,3,0,1,image_free,https://web.archive.org/web/20190713231530im_/http://vancouverweekly-local.local/wp-content/uploads/2019/07/RLJ_6008-e1562854773989.jpg
68059,"Rae Spoon looks towards an optimistic future on new album ‘Armour’",http://vancouverweekly-local.local/rae-spoon-looks-towards-an-optimistic-future-on-new-album-armour-53125-2/,http://vancouverweekly-local.local/wp-admin/post.php?post=68059&action=edit,publish,3,0,0,image_free,https://web.archive.org/web/20160305042602im_/http://vancouverweekly-local.local/wp-content/uploads/2016/02/RaeSpoon-High-Res-2016-.jpg
68121,"RiFF RAFF’s World Tour in the Age of Aquaberry Aquarius",http://vancouverweekly-local.local/riff-raffs-world-tour-in-the-age-of-aquaberry-aquarius-57429-2/,http://vancouverweekly-local.local/wp-admin/post.php?post=68121&action=edit,publish,3,0,0,image_free,https://web.archive.org/web/20190718043326im_/http://vancouverweekly-local.local/wp-content/uploads/2017/04/riff-raff.jpeg
68152,"Run The Jewels’ ‘RTJ4’ is the soundtrack to a revolution",http://vancouverweekly-local.local/run-the-jewels-rtj4-is-the-soundtrack-to-a-revolution/,http://vancouverweekly-local.local/wp-admin/post.php?post=68152&action=edit,publish,3,0,0,image_free,https://web.archive.org/web/20200722233455im_/http://vancouverweekly-local.local/wp-content/uploads/2020/06/RTJ_Timothy-Saccenti3-NME.jpg
68349,"Soul Great Charles Bradley Commemorates Return Home With New Video",http://vancouverweekly-local.local/soul-great-charles-bradley-commemorates-return-home-with-new-video-56009-2/,http://vancouverweekly-local.local/wp-admin/post.php?post=68349&action=edit,publish,3,0,0,image_free,https://web.archive.org/web/20190718044758im_/http://vancouverweekly-local.local/wp-content/uploads/2016/08/Screen-Shot-2016-08-03-at-9.36.31-AM.png
68401,"No Sunbathing Animals at Parquet Courts and Naomi Punk",http://vancouverweekly-local.local/sunbathing-animals-parquet-courts-naomi-punk/,http://vancouverweekly-local.local/wp-admin/post.php?post=68401&action=edit,publish,3,0,0,image_free,https://web.archive.org/web/20190716075703im_/http://vancouverweekly-local.local/wp-content/uploads/2014/05/Parq.png
68444,"Tara Kannangara is all about insight and experimentation",http://vancouverweekly-local.local/tara-kannangara-is-all-about-insight-and-experimentation-66062-2/,http://vancouverweekly-local.local/wp-admin/post.php?post=68444&action=edit,publish,3,0,1,image_free,https://web.archive.org/web/20190705164851im_/http://vancouverweekly-local.local/wp-content/uploads/2019/06/Tara-Kannangara-Promo-Photo-800-x-640.jpg
68474,"Testosterone – Looks Masculinity Square in the Face and Asks it to Dance",http://vancouverweekly-local.local/testosterone-looks-masculinity-square-in-the-face-and-asks-it-to-dance-61972-2/,http://vancouverweekly-local.local/wp-admin/post.php?post=68474&action=edit,publish,3,0,1,image_free,https://web.archive.org/web/20190724001700im_/http://vancouverweekly-local.local/wp-content/uploads/2018/10/RhumClay_Testosterone_1-1024x683.jpg
68501,"The Dandy Warhols come in burned at the Commodore Ballroom",http://vancouverweekly-local.local/the-dandy-warhols-come-in-burned-at-the-commodore-ballroom-56883-2/,http://vancouverweekly-local.local/wp-admin/post.php?post=68501&action=edit,publish,3,0,1,image_free,https://web.archive.org/web/20190718003112im_/http://vancouverweekly-local.local/wp-content/uploads/2016/12/dandy.jpg
68505,"The Devil Makes Three goes down-and-out with Chains Are Broken",http://vancouverweekly-local.local/the-devil-makes-three-goes-down-and-out-with-chains-are-broken-62140-2/,http://vancouverweekly-local.local/wp-admin/post.php?post=68505&action=edit,publish,3,0,0,image_free,https://web.archive.org/web/20181123030101im_/http://vancouverweekly-local.local/wp-content/uploads/2018/11/TheDevilMakesThree1-1.jpg
68508,"The Dreadnoughts headline a Punktastic St. Patrick’s PunkStravaganza at The Rickshaw",http://vancouverweekly-local.local/the-dreadnoughts-headline-a-punktastic-st-patricks-punkstravaganza-at-the-rickshaw-60348-2/,http://vancouverweekly-local.local/wp-admin/post.php?post=68508&action=edit,publish,3,0,2,image_free,https://web.archive.org/web/20180326142011im_/http://vancouverweekly-local.local/wp-content/uploads/2018/03/dread.jpg
68511,"“The Experimenter”: A playful look at obedience and authority",http://vancouverweekly-local.local/the-experimenter-a-playful-look-at-obedience-and-authority/,http://vancouverweekly-local.local/wp-admin/post.php?post=68511&action=edit,publish,3,0,0,image_free,https://web.archive.org/web/20190718042912im_/http://vancouverweekly-local.local/wp-content/uploads/2015/10/Experimenter.jpg
68527,"The Growlers deliver their beach goth vibes to a hard-partying Vancouver audience",http://vancouverweekly-local.local/the-growlers-deliver-their-beach-goth-vibes-to-a-hard-partying-vancouver-audience-61558-2/,http://vancouverweekly-local.local/wp-admin/post.php?post=68527&action=edit,publish,3,0,1,image_free,https://web.archive.org/web/20180915143638im_/http://vancouverweekly-local.local/wp-content/uploads/2018/09/MEP_6263_FINAL_COOL_small.jpg
68536,"The Jesus and Mary Chain celebrate 30 years of ‘Psychocandy’ at the Vogue Theatre",http://vancouverweekly-local.local/the-jesus-and-mary-chain-celebrate-30-years-of-psychocandy-at-the-vogue-theatre/,http://vancouverweekly-local.local/wp-admin/post.php?post=68536&action=edit,publish,3,0,1,image_free,https://web.archive.org/web/20190721230226im_/http://vancouverweekly-local.local/wp-content/uploads/2015/05/JAMC-Vogue-20150513-1-1024x682.jpg
68573,"The Raveonettes Release Seventh Track: Where Are You Wild Horses?",http://vancouverweekly-local.local/the-raveonettes-release-seventh-track-where-are-you-wild-horses-55993-2/,http://vancouverweekly-local.local/wp-admin/post.php?post=68573&action=edit,publish,3,0,0,image_free,https://web.archive.org/web/20160802085512im_/http://vancouverweekly-local.local/wp-content/uploads/2016/07/theraveonettes.jpg
68574,"The Re-rebirth of Soul with Kelly Finnigan",http://vancouverweekly-local.local/the-re-rebirth-of-soul-with-kelly-finnigan-66584-2/,http://vancouverweekly-local.local/wp-admin/post.php?post=68574&action=edit,publish,3,0,0,image_free,https://web.archive.org/web/20190807101746im_/http://vancouverweekly-local.local/wp-content/uploads/2019/07/kf.jpg
68583,"The Shadow of Gold sheds a light on the dark corners of today’s mining industry",http://vancouverweekly-local.local/the-shadow-of-gold-sheds-a-light-on-the-dark-corners-of-todays-mining-industry-63393-2/,http://vancouverweekly-local.local/wp-admin/post.php?post=68583&action=edit,publish,3,0,2,image_free,https://web.archive.org/web/20190328054411im_/http://vancouverweekly-local.local/wp-content/uploads/2019/03/ShadowofGoldHeader-300x170.jpg
68595,"The Trews shake up the Commodore Ballroom",http://vancouverweekly-local.local/the-trews-shake-up-the-commodore-ballroom-62769-2/,http://vancouverweekly-local.local/wp-admin/post.php?post=68595&action=edit,publish,3,0,2,image_free,https://web.archive.org/web/20190201214059im_/http://vancouverweekly-local.local/wp-content/uploads/2019/01/TREWS-3-e1548615789634.jpg
68610,"The Weather Station rises to meet winds of change",http://vancouverweekly-local.local/the-weather-station-rises-to-meet-winds-of-change-59035-2/,http://vancouverweekly-local.local/wp-admin/post.php?post=68610&action=edit,publish,3,0,2,image_free,https://web.archive.org/web/20171115025624im_/http://vancouverweekly-local.local/wp-content/uploads/2017/11/The-Weather-Station.jpg
68616,"The White Stripes’ ‘Peel Sessions’: why I’ll participate in Record Store Day for once",http://vancouverweekly-local.local/the-white-stripes-peel-sessions-why-ill-participate-in-record-store-day-for-once-54626-2/,http://vancouverweekly-local.local/wp-admin/post.php?post=68616&action=edit,publish,3,0,0,image_free,https://web.archive.org/web/20160415083444im_/http://vancouverweekly-local.local/wp-content/uploads/2016/04/recordstoreday.png
68630,"Thick smoke, bright vibes at Isaiah Rashad’s Lil Sunny Tour",http://vancouverweekly-local.local/thick-smoke-bright-vibes-at-isaiah-rashads-lil-sunny-tour-57361-2/,http://vancouverweekly-local.local/wp-admin/post.php?post=68630&action=edit,publish,3,0,1,image_free,https://web.archive.org/web/20190719080707im_/http://vancouverweekly-local.local/wp-content/uploads/2017/03/justin_hogan-isaiah_rashad-2.jpg
68641,"Eco Eats is Changing the Way You Look at Food Waste",http://vancouverweekly-local.local/this-young-vancouver-entrepreneur-is-changing-the-way-you-look-at-food-waste-62658-2/,http://vancouverweekly-local.local/wp-admin/post.php?post=68641&action=edit,publish,3,0,1,image_free,"https://web.archive.org/web/20201022171753im_/https://static.wixstatic.com/media/5749e3_8f9bec27e5c7453496d87a1f38e530d8~mv2.png/v1/fill/w_749,h_428,al_c/5749e3_8f9bec27e5c7453496d87a1f38e530d8~mv2.png"
68665,"Tinashe wraps up tour with one hell of a ride at the Vogue",http://vancouverweekly-local.local/tinashe-wraps-up-tour-with-one-hell-of-a-ride-at-the-vogue-54632-2/,http://vancouverweekly-local.local/wp-admin/post.php?post=68665&action=edit,publish,3,0,1,image_free,https://web.archive.org/web/20160503181752im_/http://vancouverweekly-local.local/wp-content/uploads/2016/04/Screen-Shot-2016-04-11-at-3.40.52-PM-1.png
68680,"Top Films to look out for in 2014",http://vancouverweekly-local.local/top-films-to-look-out-for-in-2014/,http://vancouverweekly-local.local/wp-admin/post.php?post=68680&action=edit,publish,3,0,0,image_free,https://web.archive.org/web/20171019035920im_/http://vancouverweekly-local.local/wp-content/uploads/2014/01/trailer-for-wes-andersons-the-grand-budapest-hotel-2.jpg
68714,"Trevor Guthrie Premieres New Video for “Wanted”",http://vancouverweekly-local.local/trevor-guthrie-premieres-new-video-for-wanted-56477-2/,http://vancouverweekly-local.local/wp-admin/post.php?post=68714&action=edit,publish,3,0,0,image_free,https://web.archive.org/web/20171008145904im_/http://vancouverweekly-local.local/wp-content/uploads/2016/09/Screen-Shot-2016-09-30-at-2.42.57-PM.png
68772,"Vancouver artist Loig Morin releases touching francophone album",http://vancouverweekly-local.local/vancouver-artist-loig-morin-releases-touching-francophone-album-60575-2/,http://vancouverweekly-local.local/wp-admin/post.php?post=68772&action=edit,publish,3,0,1,image_free,https://web.archive.org/web/20180509133804im_/http://vancouverweekly-local.local/wp-content/uploads/2018/05/IMG_0209.jpg
68776,"Vancouver Badass, Day One: Polterheist, Perfect Skin, and a séance!",http://vancouverweekly-local.local/vancouver-badass-day-one-polterheist-perfect-skin-and-a-seance-63871-2/,http://vancouverweekly-local.local/wp-admin/post.php?post=68776&action=edit,publish,3,0,2,image_free,https://web.archive.org/web/20190403135423im_/http://vancouverweekly-local.local/wp-content/uploads/2019/03/PolterheistCover-300x200.jpg
68779,"Vancouver Badass, Day Two: A Mata Negra and Amazon Hot Box in a double feature from the Darkside",http://vancouverweekly-local.local/vancouver-badass-day-two-a-mata-negra-and-amazon-hot-box-in-a-double-feature-from-the-darkside/,http://vancouverweekly-local.local/wp-admin/post.php?post=68779&action=edit,publish,3,0,2,image_free,https://web.archive.org/web/20190403100758im_/http://vancouverweekly-local.local/wp-content/uploads/2019/03/AmazonHotBox-300x153.jpg
68838,"Vancouver shows Noname some respect",http://vancouverweekly-local.local/vancouver-shows-noname-some-respect-63455-2/,http://vancouverweekly-local.local/wp-admin/post.php?post=68838&action=edit,publish,3,0,1,image_free,https://web.archive.org/web/20190721213532im_/http://vancouverweekly-local.local/wp-content/uploads/2019/03/6043df7e-03a7-4197-af62-25b41390c6ad.jpg
68933,"Westward Music Festival day two: Kelela, Ravyn Lenae, and more",http://vancouverweekly-local.local/westward-music-festival-day-two-kelela-ravyn-lenae-and-more-61615-2/,http://vancouverweekly-local.local/wp-admin/post.php?post=68933&action=edit,publish,3,0,2,image_free,https://web.archive.org/web/20190824194940im_/http://vancouverweekly-local.local/wp-content/uploads/2018/09/kelelastream-1507059914-640x427.jpg
68936,"What to expect at this year’s Whistler Beer Festival",http://vancouverweekly-local.local/what-to-expect-at-this-years-whistler-beer-festival-61426-2/,http://vancouverweekly-local.local/wp-admin/post.php?post=68936&action=edit,publish,3,0,2,image_free,https://web.archive.org/web/20180915143612im_/http://vancouverweekly-local.local/wp-content/uploads/2018/08/ACooper2016_wvbf_009.jpg
68953,"White Poppy debuts new line-up at free Lido show",http://vancouverweekly-local.local/white-poppy-debuts-new-line-up-at-free-lido-show53290-2/,http://vancouverweekly-local.local/wp-admin/post.php?post=68953&action=edit,publish,3,0,0,image_free,https://web.archive.org/web/20160305042722im_/http://vancouverweekly-local.local/wp-content/uploads/2016/03/wppic.jpg
68969,"Win tickets to Widowspeak with Clearance, Elle Wolf, and Ponytails at The Biltmore Cabaret",http://vancouverweekly-local.local/widowspeak-clearance-elle-wolf-ponytails-biltmore-cabaret/,http://vancouverweekly-local.local/wp-admin/post.php?post=68969&action=edit,publish,3,0,0,image_free,https://web.archive.org/web/20170924130620im_/http://vancouverweekly-local.local/wp-content/uploads/2017/09/unnamed-2.jpg
68984,"Win a Coveted Pair of Tickets to Dairakudakan’s VIDF Performance at Vancouver Playhouse",http://vancouverweekly-local.local/win-a-coveted-pair-of-tickets-to-dairakudakans-vidf-performance-at-vancouver-playhouse-57254-2/,http://vancouverweekly-local.local/wp-admin/post.php?post=68984&action=edit,publish,3,0,0,image_free,https://web.archive.org/web/20170501200621im_/http://vancouverweekly-local.local/wp-content/uploads/2017/02/08549.jpeg
68985,"Win a Pair of Tickets to Protest the Hero with A Wilhelm Scream at the Vogue Theatre",http://vancouverweekly-local.local/win-a-pair-of-tickets-to-protest-the-hero-with-a-wilhelm-scream-at-the-vogue-theatre-56854-2/,http://vancouverweekly-local.local/wp-admin/post.php?post=68985&action=edit,publish,3,0,0,image_free,https://web.archive.org/web/20190921151531im_/http://vancouverweekly-local.local/wp-content/uploads/2016/12/unnamed.jpg
68986,"Win a pair of tickets to Sam Coffey & The Iron Lungs at the Rickshaw on Oct. 12th",http://vancouverweekly-local.local/win-a-pair-of-tickets-to-sam-coffey-the-iron-lungs-at-the-rickshaw-on-oct-12th-58263-2/,http://vancouverweekly-local.local/wp-admin/post.php?post=68986&action=edit,publish,3,0,0,image_free,https://web.archive.org/web/20170924125705im_/http://vancouverweekly-local.local/wp-content/uploads/2017/09/20615625_1793034370711528_4242756571496992262_o.jpg
68987,"WIN A PAIR OF TICKETS TO SEE THE DROWSY CHAPERONE AT THEATRE UNDER THE STARS",http://vancouverweekly-local.local/win-a-pair-of-tickets-to-see-the-drowsy-chaperone-at-theatre-under-the-stars-57914-2/,http://vancouverweekly-local.local/wp-admin/post.php?post=68987&action=edit,publish,3,0,0,image_free,https://web.archive.org/web/20170730034543im_/http://vancouverweekly-local.local/wp-content/uploads/2017/07/unnamed-1-1.jpg
68993,"Win Full Weekend Passes to Vancouver Folk Music Festival – July 15 to 17",http://vancouverweekly-local.local/win-full-weekend-passes-to-vancouver-folk-music-festival-july-15-to-17-55624-2/,http://vancouverweekly-local.local/wp-admin/post.php?post=68993&action=edit,publish,3,0,0,image_free,https://web.archive.org/web/20160817080627im_/http://vancouverweekly-local.local/wp-content/uploads/2016/06/unspecified.jpg
68996,"Win a Kanpai Thermal Mug from Litchfield – August 28, 2014",http://vancouverweekly-local.local/win-kanpai-thermal-mug-litchfield-august-28-2014/,http://vancouverweekly-local.local/wp-admin/post.php?post=68996&action=edit,publish,3,0,0,image_free,https://web.archive.org/web/20140816114607im_/http://vancouverweekly-local.local/wp-content/uploads/2014/08/snow-peak-kanpai-bottle_dark-silver_005-3368_0.jpg
68999,"Win a Pair of Tickets to see Drum Heat at the Vogue Theatre",http://vancouverweekly-local.local/win-pair-tickets-see-drum-heat-vogue-theatre/,http://vancouverweekly-local.local/wp-admin/post.php?post=68999&action=edit,publish,3,0,0,image_free,https://web.archive.org/web/20170429023606im_/http://vancouverweekly-local.local/wp-content/uploads/2017/03/unspecified.jpg
69006,"Win Passes to Taiwanese Puppetry Festival at MOA – November 9, 2014",http://vancouverweekly-local.local/win-passes-taiwanese-puppetry-festival-moa-november-9-2014/,http://vancouverweekly-local.local/wp-admin/post.php?post=69006&action=edit,publish,3,0,0,image_free,https://web.archive.org/web/20201129044321im_/http://vancouverweekly-local.local/wp-content/uploads/2014/10/Taiyuan-Puppet-Theatre_Sea1-copy.jpg
69010,"Win Tickets to Adam Cohen at the Media Club – September 10, 2014",http://vancouverweekly-local.local/win-tickets-adam-cohen-media-club-september-10-2014/,http://vancouverweekly-local.local/wp-admin/post.php?post=69010&action=edit,publish,3,0,0,image_free,https://web.archive.org/web/20200804140020im_/http://vancouverweekly-local.local/wp-content/uploads/2014/08/LN-AdamCohen-11x17-4c-bleed-001-copy.jpg
69012,"Win Tickets to Bear’s Den at the Media Club – March 24, 2014",http://vancouverweekly-local.local/win-tickets-bears-den-media-club-march-24-2014/,http://vancouverweekly-local.local/wp-admin/post.php?post=69012&action=edit,publish,3,0,0,image_free,https://web.archive.org/web/20200814111813im_/http://vancouverweekly-local.local/wp-content/uploads/2014/03/LN-BearsDen-11x17-4c-bleed-01-copy.jpg
69020,"Win Tickets to Cousin Harley CD release at The Rickshaw",http://vancouverweekly-local.local/win-tickets-cousin-harley-cd-release-rickshaw/,http://vancouverweekly-local.local/wp-admin/post.php?post=69020&action=edit,publish,3,0,0,image_free,https://web.archive.org/web/20171112061113im_/http://vancouverweekly-local.local/wp-content/uploads/2017/11/22095961_1852391241442507_2356131893434738816_o.jpg
69026,"Win Tickets to Dances for a Small Stage 31 at The Ukrainian Hall – October 23, 2014",http://vancouverweekly-local.local/win-tickets-dances-small-stage-31-ukrainian-hall-october-23-2014/,http://vancouverweekly-local.local/wp-admin/post.php?post=69026&action=edit,publish,3,0,0,image_free,https://web.archive.org/web/20171019040157im_/http://vancouverweekly-local.local/wp-content/uploads/2014/09/johnOswaldhollySmall-imageJohnOswald_resized-copy.jpg
69027,"Win Tickets to Dances for a Small Stage: Summer Lovin’ at Shadbolt Centre for Arts – June 20, 2014",http://vancouverweekly-local.local/win-tickets-dances-small-stage-summer-lovin-shadbolt-centre-arts-june-20-2014/,http://vancouverweekly-local.local/wp-admin/post.php?post=69027&action=edit,publish,3,0,1,image_free,https://web.archive.org/web/20201021094522im_/http://vancouverweekly-local.local/wp-content/uploads/2014/05/BBC_Aug15_228-copy.jpg
69029,"Win Tickets to Dustin Bentall and Ben Rogers at Biltmore Cabaret – September 20, 2014",http://vancouverweekly-local.local/win-tickets-dustin-bentall-ben-rogers-biltmore-cabaret-september-20-2014/,http://vancouverweekly-local.local/wp-admin/post.php?post=69029&action=edit,publish,3,0,0,image_free,https://web.archive.org/web/20180508095910im_/http://vancouverweekly-local.local/wp-content/uploads/2014/09/SEPT20_SHOW3-copy.jpg
69045,"Win Tickets to International Award-Winning Jazz Artists at Chan Centre – February 15, 2015",http://vancouverweekly-local.local/win-tickets-international-award-winning-jazz-artists-chan-centre-february-15-2015/,http://vancouverweekly-local.local/wp-admin/post.php?post=69045&action=edit,publish,3,0,0,image_free,https://web.archive.org/web/20190921235238im_/http://vancouverweekly-local.local/wp-content/uploads/2015/01/E_Terri_Lyne_Carrington_Photo_by_Tracy_Love_5-1375194179-copy.jpg
69048,"Win Tickets to Josh Ritter at the Commodore Ballroom – July 31, 2014",http://vancouverweekly-local.local/win-tickets-josh-ritter-commodore-ballroom-july-31-2014/,http://vancouverweekly-local.local/wp-admin/post.php?post=69048&action=edit,publish,3,0,0,image_free,https://web.archive.org/web/20200928052707im_/http://vancouverweekly-local.local/wp-content/uploads/2014/07/LN-JoshRitter-11x17-4c-bleed-03-copy.jpg
69050,"Win Tickets to Killer Joe at the Italian Cultural Centre – April 18, 2014",http://vancouverweekly-local.local/win-tickets-killer-joe-italian-cultural-centre-april-18-2014/,http://vancouverweekly-local.local/wp-admin/post.php?post=69050&action=edit,publish,3,0,0,image_free,https://web.archive.org/web/20200808065511im_/http://vancouverweekly-local.local/wp-content/uploads/2014/03/Resized_MG_9866-copy.jpg
69053,"Win Tickets to La Edad de Oro at Vancouver International Dance Festival – March 22, 2014",http://vancouverweekly-local.local/win-tickets-la-edad-de-oro-vancouver-international-dance-festival-march-22-2014/,http://vancouverweekly-local.local/wp-admin/post.php?post=69053&action=edit,publish,3,0,0,image_free,https://web.archive.org/web/20210122230212im_/http://vancouverweekly-local.local/wp-content/uploads/2014/03/LaEdadDeOro-copy.jpg
69057,"Win Tickets to Legally Blonde: The Musical at TUTS – July 12, 2014",http://vancouverweekly-local.local/win-tickets-legally-blonde-musical-tuts-july-12-2014/,http://vancouverweekly-local.local/wp-admin/post.php?post=69057&action=edit,publish,3,0,0,image_free,https://web.archive.org/web/20180508100304im_/http://vancouverweekly-local.local/wp-content/uploads/2014/06/Legally_1823-copy.jpg
69062,"Win Tickets to Old Man Markley at the Biltmore Cabaret – June 12, 2014",http://vancouverweekly-local.local/win-tickets-old-man-markley-biltmore-cabaret-june-12-2014/,http://vancouverweekly-local.local/wp-admin/post.php?post=69062&action=edit,publish,3,0,0,image_free,https://web.archive.org/web/20200918104444im_/http://vancouverweekly-local.local/wp-content/uploads/2014/05/10269165_873943295954767_1852940065907233273_o.jpg
69065,"Win tickets to The Pains of Being Pure at Heart with The Courtneys and The Prids at The Biltmore Cabaret",http://vancouverweekly-local.local/win-tickets-pains-pure-heart-courtneys-prids-biltmore-cabaret/,http://vancouverweekly-local.local/wp-admin/post.php?post=69065&action=edit,publish,3,0,0,image_free,https://web.archive.org/web/20170924125822im_/http://vancouverweekly-local.local/wp-content/uploads/2017/09/TPOBPAH-2017-approved-photo.jpg
69067,"Win Tickets to Rubblebucket and Royal Canoe at the Imperial – October 11, 2014",http://vancouverweekly-local.local/win-tickets-rubblebucket-royal-canoe-imperial-october-11-2014/,http://vancouverweekly-local.local/wp-admin/post.php?post=69067&action=edit,publish,3,0,0,image_free,https://web.archive.org/web/20201027000002im_/http://vancouverweekly-local.local/wp-content/uploads/2014/10/LN-Rubblebucket-11x17-4c-bleed-01-copy.jpg
69068,"Win Tickets to Russ at Pacific Coliseum",http://vancouverweekly-local.local/win-tickets-russ-pacific-coliseum/,http://vancouverweekly-local.local/wp-admin/post.php?post=69068&action=edit,publish,3,0,0,image_free,https://web.archive.org/web/20180509133809im_/http://vancouverweekly-local.local/wp-content/uploads/2018/04/Russ_Diemon.jpg
69070,"Win Tickets to SamulNori with Kim Duk Soo at the Chan Centre – March 15, 2014",http://vancouverweekly-local.local/win-tickets-samulnori-kim-duk-soo-chan-centre-march-15-2014/,http://vancouverweekly-local.local/wp-admin/post.php?post=69070&action=edit,publish,3,0,0,image_free,https://web.archive.org/web/20210122212534im_/http://vancouverweekly-local.local/wp-content/uploads/2014/02/VanWeekly_SamulNori-copy.jpg
69071,"Win Tickets to see A Clockwork Orange at the Rio Theatre – February 28, 2014",http://vancouverweekly-local.local/win-tickets-see-clockwork-orange-rio-theatre-february-28-2014/,http://vancouverweekly-local.local/wp-admin/post.php?post=69071&action=edit,publish,3,0,0,image_free,https://web.archive.org/web/20190922001548im_/http://vancouverweekly-local.local/wp-content/uploads/2014/02/goodgirlsgonegeek.com_.jpg
69075,"Win Tickets to Shrek: The Musical at TUTS – July 11, 2014",http://vancouverweekly-local.local/win-tickets-shrek-musical-tuts-july-11-2014/,http://vancouverweekly-local.local/wp-admin/post.php?post=69075&action=edit,publish,3,0,0,image_free,https://web.archive.org/web/20191022141034im_/http://vancouverweekly-local.local/wp-content/uploads/2014/06/MG_1639_resized-copy.jpg
69077,"Win Tickets to Silverstein with guests Seaway, Cedar Green, Chief State at The Rickshaw",http://vancouverweekly-local.local/win-tickets-silverstein-guests-seaway-cedar-green-chief-state-rickshaw/,http://vancouverweekly-local.local/wp-admin/post.php?post=69077&action=edit,publish,3,0,0,image_free,https://web.archive.org/web/20171106173305im_/http://vancouverweekly-local.local/wp-content/uploads/2017/10/silverstein-photo-16.jpg
69085,"Win Tickets to The Taboo Naughty but Nice Sex Show in Vancouver",http://vancouverweekly-local.local/win-tickets-taboo-naughty-nice-show-vancouver/,http://vancouverweekly-local.local/wp-admin/post.php?post=69085&action=edit,publish,3,0,0,image_free,https://web.archive.org/web/20180119211554im_/http://vancouverweekly-local.local/wp-content/uploads/2018/01/26229924_1772315216153374_6786905017461457844_n.jpg
69090,"Win Tickets to A Midsummer Night’s Dream at Vancouver Playhouse",http://vancouverweekly-local.local/win-tickets-to-a-midsummer-nights-dream-at-vancouver-playhouse-60564-2/,http://vancouverweekly-local.local/wp-admin/post.php?post=69090&action=edit,publish,3,0,0,image_free,https://web.archive.org/web/20180509163656im_/http://vancouverweekly-local.local/wp-content/uploads/2018/04/unnamed-3.jpg
69092,"Win Tickets to ‘All Together Now’ at Museum of Vancouver",http://vancouverweekly-local.local/win-tickets-to-all-together-now-at-museum-of-vancouver-55453-2/,http://vancouverweekly-local.local/wp-admin/post.php?post=69092&action=edit,publish,3,0,0,image_free,https://web.archive.org/web/20160616062331im_/http://vancouverweekly-local.local/wp-content/uploads/2016/06/AngusBungay-1905.jpg
69093,"Win Tickets to Australian Masterpiece ‘dirtsong’ at PuSh 2017",http://vancouverweekly-local.local/win-tickets-to-australian-masterpiece-dirtsong-at-push-2017-56895-2/,http://vancouverweekly-local.local/wp-admin/post.php?post=69093&action=edit,publish,3,0,0,image_free,https://web.archive.org/web/20171207121811im_/http://vancouverweekly-local.local/wp-content/uploads/2016/12/dirtsong3_credit-artist-1200x590.jpg
69095,"Win Tickets to Dances for a Small Stage 33: The Valentine’s Edition",http://vancouverweekly-local.local/win-tickets-to-dances-for-a-small-stage-33-the-valentines-edition/,http://vancouverweekly-local.local/wp-admin/post.php?post=69095&action=edit,publish,3,0,0,image_free,https://web.archive.org/web/20160131152704im_/http://vancouverweekly-local.local/wp-content/uploads/2016/01/unspecified.jpg
69097,"Win tickets to Dances for a Small Stage 32 at The Anza Club on October 20, 2015",http://vancouverweekly-local.local/win-tickets-to-dances-for-small-stage-32/,http://vancouverweekly-local.local/wp-admin/post.php?post=69097&action=edit,publish,3,0,0,image_free,https://web.archive.org/web/20200928045945im_/http://vancouverweekly-local.local/wp-content/uploads/2015/09/Group_classic-1-300x206.jpg
69098,"Win Tickets to Denis Matsuev at the Chan Centre",http://vancouverweekly-local.local/win-tickets-to-denis-matsuev-at-the-chan-centre-56469-2/,http://vancouverweekly-local.local/wp-admin/post.php?post=69098&action=edit,publish,3,0,0,image_free,https://web.archive.org/web/20161112122617im_/http://vancouverweekly-local.local/wp-content/uploads/2016/09/unspecified-1-1.jpg
69101,"Win Tickets to Enchanting China: An Orchestral Extravaganza",http://vancouverweekly-local.local/win-tickets-to-enchanting-china-an-orchestral-extravaganza-56665-2/,http://vancouverweekly-local.local/wp-admin/post.php?post=69101&action=edit,publish,3,0,0,image_free,https://web.archive.org/web/20161112123025im_/http://vancouverweekly-local.local/wp-content/uploads/2016/11/0908_5.jpg
69103,"Win Tickets to Festive Cantatas – Praetorius Christmas Vespers at the Chan Centre",http://vancouverweekly-local.local/win-tickets-to-festive-cantatas-praetorius-christmas-vespers-at-the-chan-centre/,http://vancouverweekly-local.local/wp-admin/post.php?post=69103&action=edit,publish,3,0,0,image_free,https://web.archive.org/web/20201129043450im_/http://vancouverweekly-local.local/wp-content/uploads/2015/11/Screen-Shot-2015-11-26-at-8.16.28-PM.png
69104,"Win Tickets to Fiesta Blanca – White Theme Party at Lux Lounge",http://vancouverweekly-local.local/win-tickets-to-fiesta-blanca-white-theme-party-at-lux-lounge/,http://vancouverweekly-local.local/wp-admin/post.php?post=69104&action=edit,publish,3,0,0,image_free,https://web.archive.org/web/20160708170510im_/http://vancouverweekly-local.local/wp-content/uploads/2016/06/fiesta_blanca_480X747-193x300.jpg
69105,"Win Tickets to Filter w/ Orgy, Vampires Everywhere, Death Valley High at VENUE",http://vancouverweekly-local.local/win-tickets-to-filter-w-orgy-vampires-everywhere-death-valley-high-at-venue-54673-2/,http://vancouverweekly-local.local/wp-admin/post.php?post=69105&action=edit,publish,3,0,0,image_free,https://web.archive.org/web/20160503180801im_/http://vancouverweekly-local.local/wp-content/uploads/2016/04/unnamed.png
69106,"Win Tickets to FlyOver Canada’s ‘Flight of the Dragon’",http://vancouverweekly-local.local/win-tickets-to-flyover-canadas-flight-of-the-dragon-52721-2/,http://vancouverweekly-local.local/wp-admin/post.php?post=69106&action=edit,publish,3,0,0,image_free,https://web.archive.org/web/20160131153738im_/http://vancouverweekly-local.local/wp-content/uploads/2016/01/Screen-Shot-2016-01-18-at-9.56.29-AM.png
69107,"Win Tickets to Genevieve at The Rio Theatre",http://vancouverweekly-local.local/win-tickets-to-genevieve-at-the-rio-theatre-53547-2/,http://vancouverweekly-local.local/wp-admin/post.php?post=69107&action=edit,publish,3,0,0,image_free,https://web.archive.org/web/20160307115712im_/http://vancouverweekly-local.local/wp-content/uploads/2016/03/Genevieve_01_Photo_Credit_-_Michael_Schwartz.jpg
69108,"Win Tickets to Going Home Star – Truth and Reconciliation at the Queen Elizabeth Theatre",http://vancouverweekly-local.local/win-tickets-to-going-home-star-truth-and-reconciliation-53868-2/,http://vancouverweekly-local.local/wp-admin/post.php?post=69108&action=edit,publish,3,0,0,image_free,https://web.archive.org/web/20160318055934im_/http://vancouverweekly-local.local/wp-content/uploads/2016/03/Screen-Shot-2016-03-11-at-1.44.35-PM.png
69109,"Win Tickets to Groenland with Parlour Panther at The Biltmore Cabaret",http://vancouverweekly-local.local/win-tickets-to-groenland-with-parlour-panther-at-the-biltmore-cabaret-56244-2/,http://vancouverweekly-local.local/wp-admin/post.php?post=69109&action=edit,publish,3,0,1,image_free,https://web.archive.org/web/20170204125938im_/http://vancouverweekly-local.local/wp-content/uploads/2016/09/Groenland_©JerryPigeon1.jpg
69111,"Win Tickets to Handel and his Rivals Presented by Early Music Vancouver",http://vancouverweekly-local.local/win-tickets-to-handel-and-his-rivals-presented-by-early-music-vancouver-56178-2/,http://vancouverweekly-local.local/wp-admin/post.php?post=69111&action=edit,publish,3,0,0,image_free,https://web.archive.org/web/20160902025150im_/http://vancouverweekly-local.local/wp-content/uploads/2016/08/unnamed-1.jpg
69114,"Win Tickets to James & Jamesy in the Dark at Waterfront Theatre",http://vancouverweekly-local.local/win-tickets-to-james-jamesy-in-the-dark-at-waterfront-theatre-56299-2/,http://vancouverweekly-local.local/wp-admin/post.php?post=69114&action=edit,publish,3,0,0,image_free,https://web.archive.org/web/20161112123209im_/http://vancouverweekly-local.local/wp-content/uploads/2016/09/unnamed-1.jpg
69116,"Win Tickets To Joe Ink’s 4OUR At Scotiabank Dance Centre",http://vancouverweekly-local.local/win-tickets-to-joe-inks-4our-at-scotiabank-dance-centre-56122-2/,http://vancouverweekly-local.local/wp-admin/post.php?post=69116&action=edit,publish,3,0,0,image_free,https://web.archive.org/web/20160826073202im_/http://vancouverweekly-local.local/wp-content/uploads/2016/08/unspecified-1.jpg
69117,"Win Tickets to Lawrence Paul Yuxweluptun: Unceded Territories at MOA",http://vancouverweekly-local.local/win-tickets-to-lawrence-paul-yuxweluptun-unceded-territories-at-moa-54638-2/,http://vancouverweekly-local.local/wp-admin/post.php?post=69117&action=edit,publish,3,0,1,image_free,https://web.archive.org/web/20160503181054im_/http://vancouverweekly-local.local/wp-content/uploads/2016/04/lpy3.jpg
69119,"Win Tickets to Maria Pomianowska and her Folk Band at the Vancouver Playhouse",http://vancouverweekly-local.local/win-tickets-to-maria-pomianowska-and-her-folk-band-at-the-vancouver-playhouse-58267-2/,http://vancouverweekly-local.local/wp-admin/post.php?post=69119&action=edit,publish,3,0,0,image_free,https://web.archive.org/web/20170924001246im_/http://vancouverweekly-local.local/wp-content/uploads/2017/09/Kanada-1.jpg
69120,"Win Tickets to Mariza at the Chan Centre",http://vancouverweekly-local.local/win-tickets-to-mariza-at-the-chan-centre-56566-2/,http://vancouverweekly-local.local/wp-admin/post.php?post=69120&action=edit,publish,3,0,0,image_free,https://web.archive.org/web/20161112122622im_/http://vancouverweekly-local.local/wp-content/uploads/2016/10/unspecified.jpg
69122,"Win Tickets to Mary Poppins at Malkin Bowl",http://vancouverweekly-local.local/win-tickets-to-mary-poppins-and-the-drowsy-chaperone-at-malkin-bowl-57910-2/,http://vancouverweekly-local.local/wp-admin/post.php?post=69122&action=edit,publish,3,0,0,image_free,https://web.archive.org/web/20170730034850im_/http://vancouverweekly-local.local/wp-content/uploads/2017/07/unnamed-1.jpg
69123,"Win Tickets to Matthew Romantini’s VIDF Performance at Woodwards Production Studio",http://vancouverweekly-local.local/win-tickets-to-matthew-romantini-at-woodwards-production-studio-57231-2/,http://vancouverweekly-local.local/wp-admin/post.php?post=69123&action=edit,publish,3,0,0,image_free,https://web.archive.org/web/20170429022711im_/http://vancouverweekly-local.local/wp-content/uploads/2017/02/MattewRomantini-41-1-1400x600.jpg
69124,"Win Tickets to Miike Snow at The Orpheum Theatre",http://vancouverweekly-local.local/win-tickets-to-miike-snow-at-the-orpheum/,http://vancouverweekly-local.local/wp-admin/post.php?post=69124&action=edit,publish,3,0,0,image_free,https://web.archive.org/web/20160718084401im_/http://vancouverweekly-local.local/wp-content/uploads/2016/07/1401x788-Miike-Snow-Main-Pub-Photo_Photo-Credit-Nick-Zinner_Henrik-Korpi_Joachim-Belaieff.jpg
69125,"Win Tickets to My Funny Valentine at The Dance Centre",http://vancouverweekly-local.local/win-tickets-to-my-funny-valentine-at-the-dance-centre-59963-2/,http://vancouverweekly-local.local/wp-admin/post.php?post=69125&action=edit,publish,3,0,0,image_free,https://web.archive.org/web/20180211080050im_/http://vancouverweekly-local.local/wp-content/uploads/2018/02/My-Funny-Valentine-1-copy-604x453.jpg
69129,"Win Tickets to Rodgers & Hammerstein’s Cinderella Presented by Theatre Under the Stars",http://vancouverweekly-local.local/win-tickets-to-rodgers-hammersteins-cinderella-at-theatre-under-the-stars-61091-2/,http://vancouverweekly-local.local/wp-admin/post.php?post=69129&action=edit,publish,3,0,1,image_free,https://web.archive.org/web/20180709093231im_/http://vancouverweekly-local.local/wp-content/uploads/2018/07/TUTS-20180411-Edit-copy.jpg
69133,"Win Tickets to Some Hope for the Bastards at PuSh Festival",http://vancouverweekly-local.local/win-tickets-to-some-hope-for-the-bastards-at-push-festival-59546-2/,http://vancouverweekly-local.local/wp-admin/post.php?post=69133&action=edit,publish,3,0,1,image_free,https://web.archive.org/web/20180115134029im_/http://vancouverweekly-local.local/wp-content/uploads/2018/01/1.SomeHopeForTheBastards_photobyStephane-Najman_preview.jpg
69138,"Win Tickets to Texas Troubadours at the Chan Centre",http://vancouverweekly-local.local/win-tickets-to-texas-troubadours-at-the-chan-centre-58793-2/,http://vancouverweekly-local.local/wp-admin/post.php?post=69138&action=edit,publish,3,0,0,image_free,https://web.archive.org/web/20171024203622im_/http://vancouverweekly-local.local/wp-content/uploads/2017/10/TexasTroubadours_Header-604x453.jpg
69140,"Win Tickets to the Crazy8s Gala and Afterparty",http://vancouverweekly-local.local/win-tickets-to-the-crazy8s-gala-and-afterparty-53088-2/,http://vancouverweekly-local.local/wp-admin/post.php?post=69140&action=edit,publish,3,0,0,image_free,https://web.archive.org/web/20160305173140im_/http://vancouverweekly-local.local/wp-content/uploads/2016/02/Crazy8s-Hero-Other-Pages-400-test.jpg
69141,"Win Tickets to The Genius of Tchaikovsky at The Orpheum on November 22, 2015",http://vancouverweekly-local.local/win-tickets-to-the-genius-of-tchaikovsky-at-the-orpheum-on-november-22-2015/,http://vancouverweekly-local.local/wp-admin/post.php?post=69141&action=edit,publish,3,0,0,image_free,https://web.archive.org/web/20190618224032im_/http://vancouverweekly-local.local/wp-content/uploads/2015/10/Nov2015_VAMSO_Concert_Tchaikovsky_Poster_Draft022-194x300.jpg
69143,"Win Tickets to the Vancouver Short Film Festival at Vancity Theatre",http://vancouverweekly-local.local/win-tickets-to-the-vancouver-short-film-festival-at-vancity-theatre-59543-2/,http://vancouverweekly-local.local/wp-admin/post.php?post=69143&action=edit,publish,3,0,0,image_free,https://web.archive.org/web/20180115134052im_/http://vancouverweekly-local.local/wp-content/uploads/2018/01/VSFF-2018_01.png
69146,"Win tickets to Trans-Atlantic folk supergroup The Gloaming at the Chan Centre",http://vancouverweekly-local.local/win-tickets-to-trans-atlantic-folk-supergroup-the-gloaming-at-the-chan-centre-58362-2/,http://vancouverweekly-local.local/wp-admin/post.php?post=69146&action=edit,publish,3,0,0,image_free,https://web.archive.org/web/20170924125426im_/http://vancouverweekly-local.local/wp-content/uploads/2017/09/unnamed-1.jpg
69148,"Win Tickets to Vancouver Bach Festival highlight concert, the Mass in B Minor",http://vancouverweekly-local.local/win-tickets-to-vancouver-bach-festival-highlight-concert-the-mass-in-b-minor-55846-2/,http://vancouverweekly-local.local/wp-admin/post.php?post=69148&action=edit,publish,3,0,0,image_free,https://web.archive.org/web/20160708192901im_/http://vancouverweekly-local.local/wp-content/uploads/2016/07/ArionBaroqueOrchestra_IMG_0266__JeanGuiomondresized.jpg
69153,"Win Tickets to Vancouver Short Film Festival 10 Year Retrospective Screening and Gala Opening",http://vancouverweekly-local.local/win-tickets-to-vancouver-short-film-festival-10-year-retrospective-screening-and-gala-opening-69617-2/,http://vancouverweekly-local.local/wp-admin/post.php?post=69153&action=edit,publish,3,0,0,image_free,https://web.archive.org/web/20200814145009im_/http://vancouverweekly-local.local/wp-content/uploads/2020/01/VSFF_VancouverWeekly.png
69157,"Win Tickets to Vancouver International Dance Festival’s Premiere of In PENUMBRA",http://vancouverweekly-local.local/win-tickets-vancouver-international-dance-festivals-premiere-penumbra/,http://vancouverweekly-local.local/wp-admin/post.php?post=69157&action=edit,publish,3,0,0,image_free,https://web.archive.org/web/20170211122753im_/http://vancouverweekly-local.local/wp-content/uploads/2017/02/unspecified.jpg
69164,"Wire: punk and post-punk veterans still sharp after 18 albums",http://vancouverweekly-local.local/wire-punk-and-post-punk-veterans-still-sharp-after-18-albums/,http://vancouverweekly-local.local/wp-admin/post.php?post=69164&action=edit,publish,3,0,0,image_free,https://web.archive.org/web/20200422150547im_/http://vancouverweekly-local.local/wp-content/uploads/2020/03/image002-4.jpg
65852,"Cascadia Project Showcases Delightful New Plays on Granville Island",http://vancouverweekly-local.local/cascadia-project-showcases-delightful-new-plays-on-granville-island-61930-2/,http://vancouverweekly-local.local/wp-admin/post.php?post=65852&action=edit,publish,3,0,0,image_free,https://web.archive.org/web/20181007090001im_/http://vancouverweekly-local.local/wp-content/uploads/2018/10/CP-Wayne-Gretzky-1.jpg
65436,"Portugal. The Man shock fans with experimental performance",http://vancouverweekly-local.local/59914-2/,http://vancouverweekly-local.local/wp-admin/post.php?post=65436&action=edit,publish,3,0,2,image_free,https://web.archive.org/web/20180204231336im_/http://vancouverweekly-local.local/wp-content/uploads/2018/02/Portugal-e1517707060376.jpg
65514,"After seven years, Busty and the Bass are only just getting started",http://vancouverweekly-local.local/after-seven-years-busty-and-the-bass-are-only-just-getting-started-60186-2/,http://vancouverweekly-local.local/wp-admin/post.php?post=65514&action=edit,publish,3,0,0,image_free,https://web.archive.org/web/20180710194841im_/http://vancouverweekly-local.local/wp-content/uploads/2018/03/04-2.jpg
65531,"Algiers cooks up a revolution-ready album in There is No Year",http://vancouverweekly-local.local/algiers-cooks-up-a-revolution-ready-album-in-there-is-no-year/,http://vancouverweekly-local.local/wp-admin/post.php?post=65531&action=edit,publish,3,0,0,image_free,https://web.archive.org/web/20200422144953im_/http://vancouverweekly-local.local/wp-content/uploads/2020/04/960.jpg
65534,"Alicia Keys is back after four years with new single “In Common”",http://vancouverweekly-local.local/alicia-keys-is-back-after-four-years-with-new-single-in-common-55038-2/,http://vancouverweekly-local.local/wp-admin/post.php?post=65534&action=edit,publish,3,0,0,image_free,https://web.archive.org/web/20160709040337im_/http://vancouverweekly-local.local/wp-content/uploads/2016/05/Screen-Shot-2016-05-04-at-9.11.55-AM.png
65647,"Bard on the Beach’s King Lear Satisfies",http://vancouverweekly-local.local/bard-on-the-beachs-king-lear-satisfies/,http://vancouverweekly-local.local/wp-admin/post.php?post=65647&action=edit,publish,3,0,1,image_free,https://web.archive.org/web/20190716081138im_/http://vancouverweekly-local.local/wp-content/uploads/2015/06/IMG_4619.jpg
65777,"Break your fast, not your wallet",http://vancouverweekly-local.local/break-your-fast-not-your-wallet-62368-2/,http://vancouverweekly-local.local/wp-admin/post.php?post=65777&action=edit,publish,3,0,2,image_free,https://web.archive.org/web/20191119055948im_/http://vancouverweekly-local.local/wp-content/uploads/2018/11/firecrust.jpg
65883,"Cheese tea is a fresh, eye-catching combination that will melt on your tongue",http://vancouverweekly-local.local/cheese-tea-is-a-fresh-eye-catching-combination-that-will-melt-on-your-tongue-62228-2/,http://vancouverweekly-local.local/wp-admin/post.php?post=65883&action=edit,publish,3,0,2,image_free,https://web.archive.org/web/20181126180819im_/http://vancouverweekly-local.local/wp-content/uploads/2018/11/Cheese-Tea.jpg
66275,"A Funny Thing Happened To James Vincent McMorrow on the Way To the Rio",http://vancouverweekly-local.local/funny-thing-happened-james-vincent-mcmorrow-way-rio/,http://vancouverweekly-local.local/wp-admin/post.php?post=66275&action=edit,publish,3,0,0,image_free,https://web.archive.org/web/20190720162939im_/http://vancouverweekly-local.local/wp-content/uploads/2014/03/jvm.jpg
67150,"Melo makes a powerful solo debut with ‘Old Master’",http://vancouverweekly-local.local/melo-makes-a-powerful-solo-debut-with-old-master/,http://vancouverweekly-local.local/wp-admin/post.php?post=67150&action=edit,publish,3,0,0,image_free,https://web.archive.org/web/20200521051944im_/http://vancouverweekly-local.local/wp-content/uploads/2020/05/Screen-Shot-2020-04-20-at-12.23.12-PM.png
67179,"Miley’s Onstage Muses",http://vancouverweekly-local.local/mileys-onstage-muses/,http://vancouverweekly-local.local/wp-admin/post.php?post=67179&action=edit,publish,3,0,0,image_free,https://web.archive.org/web/20190721063657im_/http://vancouverweekly-local.local/wp-content/uploads/2014/03/miley-press-photo.jpg
67237,"“Nebraska”: A Quiet Triumph",http://vancouverweekly-local.local/nebraska-a-quiet-triumph/,http://vancouverweekly-local.local/wp-admin/post.php?post=67237&action=edit,publish,3,0,0,image_free,https://web.archive.org/web/20170620100947im_/http://vancouverweekly-local.local/wp-content/uploads/2013/12/Nebraska-poster.jpg
68366,"Star-crossed love wins in Shakespeare in Love",http://vancouverweekly-local.local/star-crossed-love-wins-in-shakespeare-in-love-66144-2/,http://vancouverweekly-local.local/wp-admin/post.php?post=68366&action=edit,publish,3,0,1,image_free,https://web.archive.org/web/20190705151657im_/http://vancouverweekly-local.local/wp-content/uploads/2019/07/S139A0061.jpg
68385,"Sting kicks off sold out tour for lifelong fans",http://vancouverweekly-local.local/sting-kicks-off-sold-out-tour-for-lifelong-fans-57123-2/,http://vancouverweekly-local.local/wp-admin/post.php?post=68385&action=edit,publish,3,0,2,image_free,https://web.archive.org/web/20170211122547im_/http://vancouverweekly-local.local/wp-content/uploads/2017/02/RLJ_5886-e1486092823116.jpg
65395,"17 Electro Tracks You Will Need To Get You Through The Winter Months",http://vancouverweekly-local.local/17-electro-tracks-you-will-need-to-get-you-through-the-winter-months-52837-2/,http://vancouverweekly-local.local/wp-admin/post.php?post=65395&action=edit,publish,2,0,0,image_free,https://web.archive.org/web/20160817193635im_/http://vancouverweekly-local.local/wp-content/uploads/2016/02/maxresdefault.jpg
65396,"19 Progressive Trance Tracks To Get Your Weekend Started",http://vancouverweekly-local.local/19-progressive-trance-tracks-to-get-your-weekend-started-53085-2/,http://vancouverweekly-local.local/wp-admin/post.php?post=65396&action=edit,publish,2,0,1,image_free,https://web.archive.org/web/20170701070817im_/http://vancouverweekly-local.local/wp-content/uploads/2016/02/10694457_10152447275293742_2997440995054637777_o.jpg
65397,"20 Electro Tracks That Will Make You Get Up And Dance",http://vancouverweekly-local.local/20-electro-tracks-that-will-make-you-get-up-and-dance-53554-2/,http://vancouverweekly-local.local/wp-admin/post.php?post=65397&action=edit,publish,2,0,0,image_free,https://web.archive.org/web/20160307113617im_/http://vancouverweekly-local.local/wp-content/uploads/2016/03/460481_10150658610557739_865887084_o.jpg
65398,"20 House Tracks To Take Your Weekend To The Next Level",http://vancouverweekly-local.local/20-house-tracks-to-take-your-weekend-to-the-next-level-52727-2/,http://vancouverweekly-local.local/wp-admin/post.php?post=65398&action=edit,publish,2,0,0,image_free,https://web.archive.org/web/20160817195215im_/http://vancouverweekly-local.local/wp-content/uploads/2016/01/maxresdefault.jpg
65404,"2017 Whistler Village Beer Festival Recap",http://vancouverweekly-local.local/2017-whistler-village-beer-festival-recap-58367-2/,http://vancouverweekly-local.local/wp-admin/post.php?post=65404&action=edit,publish,2,0,1,image_free,https://web.archive.org/web/20171003144814im_/http://vancouverweekly-local.local/wp-content/uploads/2017/09/whis_beer_fest_van_weekly-1.jpg
65422,"4000 Miles is the Modern-Day Odd Couple",http://vancouverweekly-local.local/4000-miles-is-the-modern-day-odd-couple/,http://vancouverweekly-local.local/wp-admin/post.php?post=65422&action=edit,publish,2,0,1,image_free,https://web.archive.org/web/20180526001148im_/http://vancouverweekly-local.local/wp-content/uploads/2014/08/4000-MILES_433.jpg
65425,"5 Awesome Gyms Every Vancouverite Should Try",http://vancouverweekly-local.local/5-awesome-gyms-every-vancouverite-should-try/,http://vancouverweekly-local.local/wp-admin/post.php?post=65425&action=edit,publish,2,0,0,image_free,https://web.archive.org/web/20160131153718im_/http://vancouverweekly-local.local/wp-content/uploads/2016/01/healthy-person-woman-sport.jpg
65426,"5 Beauty Tips To Look Fantastic For A First Date",http://vancouverweekly-local.local/5-beauty-tips-to-look-fantastic-for-a-first-date/,http://vancouverweekly-local.local/wp-admin/post.php?post=65426&action=edit,publish,2,0,0,image_free,https://web.archive.org/web/20160123125359im_/http://vancouverweekly-local.local/wp-content/uploads/2016/01/red-woman-girl-brown.jpg
65428,"5 Ideas For An Unforgettable Valentine’s Day SuperDate",http://vancouverweekly-local.local/5-ideas-for-an-unforgettable-valentines-day-superdate-52828-2/,http://vancouverweekly-local.local/wp-admin/post.php?post=65428&action=edit,publish,2,0,0,image_free,https://web.archive.org/web/20160213033414im_/http://vancouverweekly-local.local/wp-content/uploads/2016/02/photo-1446814699583-d835df35a267.jpg
65429,"5 Reasons Why Eyelash Extensions Make All The Difference",http://vancouverweekly-local.local/5-reasons-why-eyelash-extensions-make-all-the-difference-55035-2/,http://vancouverweekly-local.local/wp-admin/post.php?post=65429&action=edit,publish,2,0,0,image_free,https://web.archive.org/web/20160506093303im_/http://vancouverweekly-local.local/wp-content/uploads/2016/05/image.png
65437,"6 Awesome Weekend Winter Getaways",http://vancouverweekly-local.local/6-awesome-weekend-winter-getaways/,http://vancouverweekly-local.local/wp-admin/post.php?post=65437&action=edit,publish,2,0,0,image_free,https://web.archive.org/web/20170325161610im_/http://vancouverweekly-local.local/wp-content/uploads/2015/12/Untitled.png
65441,"8 Perfect Valentine’s Day Gifts For Her",http://vancouverweekly-local.local/8-perfect-valentines-day-gifts-for-her-52863-2/,http://vancouverweekly-local.local/wp-admin/post.php?post=65441&action=edit,publish,2,0,0,image_free,https://web.archive.org/web/20160208201922im_/http://vancouverweekly-local.local/wp-content/uploads/2016/02/10-reasons-book.png
65442,"8 Reasons to Stay Alive with Post Death Soundtrack",http://vancouverweekly-local.local/8-reasons-to-stay-alive-with-post-death-soundtrack-55176-2/,http://vancouverweekly-local.local/wp-admin/post.php?post=65442&action=edit,publish,2,0,0,image_free,https://web.archive.org/web/20160729025213im_/http://vancouverweekly-local.local/wp-content/uploads/2016/05/post-death-soundtrack-the-unlearning-curve-1.jpg
65446,"98° bring early Christmas cheer to the Vogue Theatre",http://vancouverweekly-local.local/98-bring-early-christmas-cheer-to-the-vogue-theatre-62182-2/,http://vancouverweekly-local.local/wp-admin/post.php?post=65446&action=edit,publish,2,0,1,image_free,https://web.archive.org/web/20190112150237im_/http://vancouverweekly-local.local/wp-content/uploads/2018/11/image.jpg
65462,"A Guide to DOXA Documentary Film Festival",http://vancouverweekly-local.local/a-guide-to-doxa-documentary-film-festival/,http://vancouverweekly-local.local/wp-admin/post.php?post=65462&action=edit,publish,2,0,0,image_free,https://web.archive.org/web/20150518030326im_/http://vancouverweekly-local.local/wp-content/uploads/2015/05/Howtochangetheworld-1024x576.jpg
65465,"Inside the incubator: A look into incubator/accelerator programs in B.C.",http://vancouverweekly-local.local/a-look-into-incubator-accelerator-programs-in-b-c/,http://vancouverweekly-local.local/wp-admin/post.php?post=65465&action=edit,publish,2,0,0,image_free,https://web.archive.org/web/20150518013310im_/http://vancouverweekly-local.local/wp-content/uploads/2015/04/businessincubator_main_image.png
65467,"A Lost Girl Is A Suicide Girl",http://vancouverweekly-local.local/a-lost-girl-is-a-suicide-girl-54964-2/,http://vancouverweekly-local.local/wp-admin/post.php?post=65467&action=edit,publish,2,0,1,image_free,https://web.archive.org/web/20160502142527im_/http://vancouverweekly-local.local/wp-content/uploads/2016/04/unspecified-1.jpg
65477,"A quintessential close to Vancouver Folk Fest",http://vancouverweekly-local.local/a-quintessential-close-to-vancouver-folk-fest-55966-2/,http://vancouverweekly-local.local/wp-admin/post.php?post=65477&action=edit,publish,2,0,1,image_free,https://web.archive.org/web/20160801173539im_/http://vancouverweekly-local.local/wp-content/uploads/2016/07/IMG_6295.jpg
65482,"A Steady Rain makes the audience a jury",http://vancouverweekly-local.local/a-steady-rain-makes-the-audience-a-jury-60047-2/,http://vancouverweekly-local.local/wp-admin/post.php?post=65482&action=edit,publish,2,0,1,image_free,https://web.archive.org/web/20190918111616im_/http://vancouverweekly-local.local/wp-content/uploads/2018/02/Photo1_DeorksenNewham_A-Steady-Rain_preview.jpg
65483,"A Tribe Called Rad",http://vancouverweekly-local.local/a-tribe-called-rad-56804-2/,http://vancouverweekly-local.local/wp-admin/post.php?post=65483&action=edit,publish,2,0,1,image_free,https://web.archive.org/web/20170814203458im_/http://vancouverweekly-local.local/wp-content/uploads/2016/11/15095569_1032382220204390_5068265231213258320_n.jpg
65485,"A Tribe Called Red and more electrify closing night of Westward Music Festival",http://vancouverweekly-local.local/a-tribe-called-red-and-more-electrify-closing-night-of-westward-music-festival/,http://vancouverweekly-local.local/wp-admin/post.php?post=65485&action=edit,publish,2,0,1,image_free,https://web.archive.org/web/20170924123701im_/http://vancouverweekly-local.local/wp-content/uploads/2017/09/1_A_Tribe_Called_Red-VENUE-Timothy_Nguyen-20170917-3-of-16.jpg
65489,"A whimsical exploration of a child’s identity takes place in “A Typical Fairytale”.",http://vancouverweekly-local.local/a-whimsical-exploration-of-a-childs-identity-takes-place-in-a-typical-fairytale-69582-2/,http://vancouverweekly-local.local/wp-admin/post.php?post=65489&action=edit,publish,2,0,0,image_free,https://web.archive.org/web/20200814140936im_/http://vancouverweekly-local.local/wp-content/uploads/2020/01/Screen-Shot-2020-01-18-at-10.05.11-AM.png
65495,"Access Our Medicine Day in Vancouver",http://vancouverweekly-local.local/access-our-medicine-day-in-vancouver/,http://vancouverweekly-local.local/wp-admin/post.php?post=65495&action=edit,publish,2,0,0,image_free,https://web.archive.org/web/20150518013315im_/http://vancouverweekly-local.local/wp-content/uploads/2015/05/AOM-Designs-bus-final-1.jpg
65502,"Action Bronson Still Mr Wonderful Despite Not Being Mr Majestic",http://vancouverweekly-local.local/action-bronson-still-mr-wonderful-despite-not-being-mr-majestic-56345-2/,http://vancouverweekly-local.local/wp-admin/post.php?post=65502&action=edit,publish,2,0,0,image_free,https://web.archive.org/web/20170915134446im_/http://vancouverweekly-local.local/wp-content/uploads/2016/09/action.png
65509,"After 115 Years Lunarium Makes a Trip to the Moon",http://vancouverweekly-local.local/after-115-years-lunarium-makes-a-trip-to-the-moon-56995-2/,http://vancouverweekly-local.local/wp-admin/post.php?post=65509&action=edit,publish,2,0,1,image_free,https://web.archive.org/web/20170107175102im_/http://vancouverweekly-local.local/wp-content/uploads/2017/01/AnnaMay-1.jpg
65510,"After 23 years, Can Amon Amarth Conquer Any More?",http://vancouverweekly-local.local/after-23-years-can-amon-amarth-conquer-any-more-55336-2/,http://vancouverweekly-local.local/wp-admin/post.php?post=65510&action=edit,publish,2,0,1,image_free,https://web.archive.org/web/20190821010916im_/http://vancouverweekly-local.local/wp-content/uploads/2016/05/AMONAMARTH-39708-MainGroupPromo_2014_byJohnMcMurtrie.jpg
65516,"After up-and-down start to the season, B.C. Lions looking for consistency",http://vancouverweekly-local.local/after-up-and-down-start-to-the-season-b-c-lions-looking-for-consistency/,http://vancouverweekly-local.local/wp-admin/post.php?post=65516&action=edit,publish,2,0,1,image_free,https://web.archive.org/web/20171111051736im_/http://vancouverweekly-local.local/wp-content/uploads/2015/07/VCRD204289320_high.jpg
65520,"Album Giveaway: Abigail Washburn’s City of Refuge",http://vancouverweekly-local.local/album-giveaway-abigail-washburns-city-refuge/,http://vancouverweekly-local.local/wp-admin/post.php?post=65520&action=edit,publish,2,0,0,image_free,https://web.archive.org/web/20140507020001im_/http://vancouverweekly-local.local/wp-content/uploads/2014/04/WFPicks-4_2-copy.jpg
65527,"Alessia Cara Shows Vancouver Why She Is Having Such A Big Year",http://vancouverweekly-local.local/alessia-cara-shows-vancouver-why-she-is-having-such-a-big-year-54470-2/,http://vancouverweekly-local.local/wp-admin/post.php?post=65527&action=edit,publish,2,0,1,image_free,https://web.archive.org/web/20160410211603im_/http://vancouverweekly-local.local/wp-content/uploads/2016/04/N7O9976.jpg
65543,"Alvvays and Frankie Rose put on a good old fashioned indie-pop show",http://vancouverweekly-local.local/alvvays-and-frankie-rose-put-on-a-good-old-fashioned-indie-pop-show-60423-2/,http://vancouverweekly-local.local/wp-admin/post.php?post=65543&action=edit,publish,2,0,0,image_free,https://web.archive.org/web/20190916065252im_/http://vancouverweekly-local.local/wp-content/uploads/2018/04/q8nekindbbzrjvy3kegy.jpg
65548,"Aminé flexes his might at sold out Seasons Festival show",http://vancouverweekly-local.local/amine-flexes-his-might-at-sold-out-seasons-festival-show-60384-2/,http://vancouverweekly-local.local/wp-admin/post.php?post=65548&action=edit,publish,2,0,0,image_free,https://web.archive.org/web/20180402134546im_/http://vancouverweekly-local.local/wp-content/uploads/2018/03/30amine1-master768.jpg
65557,"Andrea Gibson brings fireflies and the moon to sold out show in Kitsilano",http://vancouverweekly-local.local/andrea-gibson-brings-fireflies-and-the-moon-to-sold-out-show-in-kitsilano-60475-2/,http://vancouverweekly-local.local/wp-admin/post.php?post=65557&action=edit,publish,2,0,0,image_free,https://web.archive.org/web/20180422104552im_/http://vancouverweekly-local.local/wp-content/uploads/2018/04/andrea_poet-125_copy.jpg
65564,"Andy Shauf’s long road from the Prairies",http://vancouverweekly-local.local/andy-shaufs-long-road-from-the-prairies-57836-2/,http://vancouverweekly-local.local/wp-admin/post.php?post=65564&action=edit,publish,2,0,0,image_free,https://web.archive.org/web/20170719061433im_/http://vancouverweekly-local.local/wp-content/uploads/2017/07/Andy-Shauf-Nov-2016-new-photo-1.jpg
65567,"Angel Olsen is a light in the dark at Westward Music Festival",http://vancouverweekly-local.local/angel-olsen-is-a-light-in-the-dark-at-westward-music-festival-61639-2/,http://vancouverweekly-local.local/wp-admin/post.php?post=65567&action=edit,publish,2,0,1,image_free,https://web.archive.org/web/20180925204102im_/http://vancouverweekly-local.local/wp-content/uploads/2018/09/angel_olsen-640x432.png
65569,"Angry Indian Goddesses is a Breath of Fresh Anger",http://vancouverweekly-local.local/angry-indian-goddesses-is-a-breath-of-fresh-anger-55976-2/,http://vancouverweekly-local.local/wp-admin/post.php?post=65569&action=edit,publish,2,0,1,image_free,https://web.archive.org/web/20160828054107im_/http://vancouverweekly-local.local/wp-content/uploads/2016/07/0452396f-b00a-4161-ab5c-7a451f1e2919.jpg
65577,"Another one for the kids: Mac DeMarco live at the Malkin Bowl",http://vancouverweekly-local.local/another-one-for-the-kids-mac-demarco-live-at-the-malkin-bowl-55410-2/,http://vancouverweekly-local.local/wp-admin/post.php?post=65577&action=edit,publish,2,0,0,image_free,https://web.archive.org/web/20160601141121im_/http://vancouverweekly-local.local/wp-content/uploads/2016/05/macdemarcmo.jpeg
65581,"April Fools Childrenhood pulls back the layers on ‘Low Colour’ EP",http://vancouverweekly-local.local/april-fools-childrenhood-pulls-back-the-layers-on-low-colour-ep-57142-2/,http://vancouverweekly-local.local/wp-admin/post.php?post=65581&action=edit,publish,2,0,1,image_free,https://web.archive.org/web/20170212210941im_/http://vancouverweekly-local.local/wp-content/uploads/2017/02/davidcowlyweb-916x636.jpg
65589,"Ariel Pink unleashes pop fantasy and Dedicated to Bobby Jameson in Vancouver",http://vancouverweekly-local.local/ariel-pink-unleashes-pop-fantasy-and-dedicated-to-bobby-jameson-in-vancouver/,http://vancouverweekly-local.local/wp-admin/post.php?post=65589&action=edit,publish,2,0,1,image_free,https://web.archive.org/web/20171027010108im_/http://vancouverweekly-local.local/wp-content/uploads/2017/10/Ariel_MS-Newspost.jpg
65592,"Army of Sass is back with Snow White",http://vancouverweekly-local.local/army-of-sass-is-back-with-snow-white-57398-2/,http://vancouverweekly-local.local/wp-admin/post.php?post=65592&action=edit,publish,2,0,0,image_free,https://web.archive.org/web/20170515105742im_/http://vancouverweekly-local.local/wp-content/uploads/2017/04/https-2F2Fcdn.evbuc_.com2Fimages2F278407402F1280704603932F12Foriginal.jpg
65608,"B.C. politicians assaulted decades earlier demand end of rape culture",http://vancouverweekly-local.local/b-c-politicians-assaulted-decades-earlier-demand-end-of-rape-culture/,http://vancouverweekly-local.local/wp-admin/post.php?post=65608&action=edit,publish,2,0,1,image_free,https://web.archive.org/web/20160131152557im_/http://vancouverweekly-local.local/wp-content/uploads/2015/09/CPT160300649_high-300x226.jpg
65609,"B.C. teachers’ union seeks Supreme Court appeal in bitter dispute with province",http://vancouverweekly-local.local/b-c-teachers-union-seeks-supreme-court-appeal-in-bitter-dispute-with-province/,http://vancouverweekly-local.local/wp-admin/post.php?post=65609&action=edit,publish,2,0,1,image_free,https://web.archive.org/web/20190619011257im_/http://vancouverweekly-local.local/wp-content/uploads/2015/07/Supreme_Court_of_Canada-300x215.jpg
65613,"Back Together Again: Mom’s the Word 3: Nest 1/2 Empty",http://vancouverweekly-local.local/back-together-again-moms-the-word-3-nest-12-empty-57522-2/,http://vancouverweekly-local.local/wp-admin/post.php?post=65613&action=edit,publish,2,0,1,image_free,https://web.archive.org/web/20170628191119im_/http://vancouverweekly-local.local/wp-content/uploads/2017/04/moms-dress-277.jpg
65618,"BADBADNOTGOOD and J Rocc prove that authenticity transcends",http://vancouverweekly-local.local/badbadnotgood-and-j-rocc-prove-that-authenticity-transcends-60447-2/,http://vancouverweekly-local.local/wp-admin/post.php?post=65618&action=edit,publish,2,0,0,image_free,https://web.archive.org/web/20180414092954im_/http://vancouverweekly-local.local/wp-content/uploads/2018/04/BadBadNotGood-768x495.png
65628,"BANNERS cap off tour in Vancouver",http://vancouverweekly-local.local/banners-cap-off-tour-in-vancouver-62063-2/,http://vancouverweekly-local.local/wp-admin/post.php?post=65628&action=edit,publish,2,0,1,image_free,https://web.archive.org/web/20181031195508im_/http://vancouverweekly-local.local/wp-content/uploads/2018/10/BANNERS-credit-Meredith-Truax.jpeg
65648,"Bard on the Beach’s Macbeth is Fantastic and Furious",http://vancouverweekly-local.local/bard-on-the-beachs-macbeth-is-fantastic-and-furious-60951-2/,http://vancouverweekly-local.local/wp-admin/post.php?post=65648&action=edit,publish,2,0,1,image_free,https://web.archive.org/web/20180626162035im_/http://vancouverweekly-local.local/wp-content/uploads/2018/06/Macbeth_Press_1.jpg
65650,"Barenaked Ladies and Alan Doyle the greatest kitchen party in B.C. history?",http://vancouverweekly-local.local/barenaked-ladies-and-alan-doyle-the-greatest-kitchen-party-in-b-c-history/,http://vancouverweekly-local.local/wp-admin/post.php?post=65650&action=edit,publish,2,0,1,image_free,https://web.archive.org/web/20171019042459im_/http://vancouverweekly-local.local/wp-content/uploads/2015/10/mattbarnes-1024x683.jpg
65655,"Beach Fossils somersault into Vancouver with new material",http://vancouverweekly-local.local/beach-fossils-somersault-into-vancouver-with-new-material/,http://vancouverweekly-local.local/wp-admin/post.php?post=65655&action=edit,publish,2,0,1,image_free,https://web.archive.org/web/20170719090243im_/http://vancouverweekly-local.local/wp-content/uploads/2017/07/timbre-beach-fossils.jpg
65659,"Beach House’s Victoria LeGrande: smoke, mirrors, femininity and the spaces we make",http://vancouverweekly-local.local/beach-houses-victoria-legrande-smoke-mirrors-femininity-and-the-spaces-we-make-61269-2/,http://vancouverweekly-local.local/wp-admin/post.php?post=65659&action=edit,publish,2,0,0,image_free,https://web.archive.org/web/20181012062927im_/http://vancouverweekly-local.local/wp-content/uploads/2018/08/2012BeachHouse02PMVH040512-1-620x413.jpg
65662,"Bear Mountain Release Video for new track “Badu”",http://vancouverweekly-local.local/bear-mountain-release-video-for-new-track-badu/,http://vancouverweekly-local.local/wp-admin/post.php?post=65662&action=edit,publish,2,0,0,image_free,https://web.archive.org/web/20151206103401im_/http://vancouverweekly-local.local/wp-content/uploads/2015/12/12065644_10154336231828206_6286059055891724978_n.jpg
65664,"Bear’s Den gets Vancouver out of hibernation",http://vancouverweekly-local.local/bears-den-gets-vancouver-out-of-hibernation-65559-2/,http://vancouverweekly-local.local/wp-admin/post.php?post=65664&action=edit,publish,2,0,1,image_free,https://web.archive.org/web/20190821035032im_/http://vancouverweekly-local.local/wp-content/uploads/2019/06/bear.s.den__0.jpg
65674,"Beirut’s brass poetry brightens Vancouver’s Tuesday",http://vancouverweekly-local.local/beiruts-brass-poetry-brightens-vancouvers-tuesday-63280-2/,http://vancouverweekly-local.local/wp-admin/post.php?post=65674&action=edit,publish,2,0,1,image_free,https://web.archive.org/web/20190304133450im_/http://vancouverweekly-local.local/wp-content/uploads/2019/02/1061080-143-7.jpg
65689,"Best Coast’s Bethany Cosentino speaks out in op-ed on sexual assault and finding her voice within the #MeToo movement",http://vancouverweekly-local.local/best-coasts-bethany-cosentino-speaks-out-in-op-ed-on-sexual-assault-and-finding-her-voice-within-the-metoo-movement-58970-2/,http://vancouverweekly-local.local/wp-admin/post.php?post=65689&action=edit,publish,2,0,1,image_free,https://web.archive.org/web/20171112061039im_/http://vancouverweekly-local.local/wp-content/uploads/2017/11/BestCoast-Imperial-20150603-8-600x460.jpg
65696,"Best Vancouver albums of 2015",http://vancouverweekly-local.local/best-vancouver-albums-of-2015/,http://vancouverweekly-local.local/wp-admin/post.php?post=65696&action=edit,publish,2,0,0,image_free,https://web.archive.org/web/20160111205305im_/http://vancouverweekly-local.local/wp-content/uploads/2015/12/no-perfect-wave-1024x1024.jpg
65699,"Best of Vancouver Music 2013",http://vancouverweekly-local.local/best-vancouver-music-2013/,http://vancouverweekly-local.local/wp-admin/post.php?post=65699&action=edit,publish,2,0,0,image_free,https://web.archive.org/web/20140101080909im_/http://vancouverweekly-local.local/wp-content/uploads/2013/12/balantynes_on_roof-800x524.jpg
65700,"Beth Ditto is much more than the latest gossip",http://vancouverweekly-local.local/beth-ditto-is-much-more-than-the-latest-gossip-60389-2/,http://vancouverweekly-local.local/wp-admin/post.php?post=65700&action=edit,publish,2,0,0,image_free,https://web.archive.org/web/20180402134536im_/http://vancouverweekly-local.local/wp-content/uploads/2018/03/Capture-504x330.png
65706,"Big Wreck’s Monumental Performance Overshadowed By A Rockstar",http://vancouverweekly-local.local/big-wrecks-monumental-performance-overshadowed-by-a-rockstar-55981-2/,http://vancouverweekly-local.local/wp-admin/post.php?post=65706&action=edit,publish,2,0,1,image_free,https://web.archive.org/web/20160728152334im_/http://vancouverweekly-local.local/wp-content/uploads/2016/07/N7O5595.jpg
65707,"Bill and Joel Plaskett charm Vancouver with a bit of old and a bit of new",http://vancouverweekly-local.local/bill-and-joel-plaskett-charm-vancouver-with-a-bit-of-old-and-a-bit-of-new-57414-2/,http://vancouverweekly-local.local/wp-admin/post.php?post=65707&action=edit,publish,2,0,1,image_free,https://web.archive.org/web/20190821033839im_/http://vancouverweekly-local.local/wp-content/uploads/2017/04/RLJ_0709-e1491384082188.jpg
65722,"Billy Bragg not all doom and gloom at the Commodore",http://vancouverweekly-local.local/billy-bragg-not-doom-gloom-commodore/,http://vancouverweekly-local.local/wp-admin/post.php?post=65722&action=edit,publish,2,0,1,image_free,https://web.archive.org/web/20171007104758im_/http://vancouverweekly-local.local/wp-content/uploads/2017/10/DSC_7600-e1506933272630.jpg
65725,"Bitter’s Kiss Ensures That Love Will Never Make You Cry",http://vancouverweekly-local.local/bitters-kiss-ensures-that-love-will-never-make-you-cry-56156-2/,http://vancouverweekly-local.local/wp-admin/post.php?post=65725&action=edit,publish,2,0,0,image_free,https://web.archive.org/web/20160821183825im_/http://vancouverweekly-local.local/wp-content/uploads/2016/08/unspecified-1-1.png
65730,"Black Mountain Reaches Back In The Future At The Vogue",http://vancouverweekly-local.local/black-mountain-reaches-back-in-the-future-at-the-vogue-57337-2/,http://vancouverweekly-local.local/wp-admin/post.php?post=65730&action=edit,publish,2,0,0,image_free,https://web.archive.org/web/20180115134559im_/http://vancouverweekly-local.local/wp-content/uploads/2017/03/17264408_1143404825768795_3559177413522805389_n.jpg
65734,"Black Rebel Motorcycle Club blow away sold-out Commodore crowd",http://vancouverweekly-local.local/black-rebel-motorcycle-club-blow-away-sold-out-commodore-crowd-60084-2/,http://vancouverweekly-local.local/wp-admin/post.php?post=65734&action=edit,publish,2,0,0,image_free,https://web.archive.org/web/20180226034639im_/http://vancouverweekly-local.local/wp-content/uploads/2018/02/brmc.jpg
65741,"Blitzen Trapper shows Vancouver how to be Wild & Reckless",http://vancouverweekly-local.local/blitzen-trapper-shows-vancouver-how-to-be-wild-reckless-57721-2/,http://vancouverweekly-local.local/wp-admin/post.php?post=65741&action=edit,publish,2,0,1,image_free,https://web.archive.org/web/20170626030548im_/http://vancouverweekly-local.local/wp-content/uploads/2017/06/Photo-by-Jessica-Vandergulik.jpg
65745,"Bob Mould is all sunshine rock, sugar and sweetness",http://vancouverweekly-local.local/bob-mould-is-all-sunshine-rock-sugar-and-sweetness-64290-2/,http://vancouverweekly-local.local/wp-admin/post.php?post=65745&action=edit,publish,2,0,0,image_free,https://web.archive.org/web/20190425034230im_/http://vancouverweekly-local.local/wp-content/uploads/2019/04/59-og.jpg
65753,"Bondax: Friday feeling at MIA",http://vancouverweekly-local.local/bondax-friday-feeling-at-mia-53132-2/,http://vancouverweekly-local.local/wp-admin/post.php?post=65753&action=edit,publish,2,0,0,image_free,https://web.archive.org/web/20160305042549im_/http://vancouverweekly-local.local/wp-content/uploads/2016/02/Bondax-press-photo.jpg
65755,"Boney M. delivers an amped-up night of sing-a-long classics",http://vancouverweekly-local.local/boney-m-delivers-an-amped-up-night-of-sing-a-long-classics/,http://vancouverweekly-local.local/wp-admin/post.php?post=65755&action=edit,publish,2,0,0,image_free,https://web.archive.org/web/20191214004950im_/http://vancouverweekly-local.local/wp-content/uploads/2019/12/Alex-Little-Promo-Photo-2018.jpg
65757,"Book Giveaway: Command and Control by Eric Schlosser",http://vancouverweekly-local.local/book-giveaway-command-control-eric-schlosser/,http://vancouverweekly-local.local/wp-admin/post.php?post=65757&action=edit,publish,2,0,0,image_free,https://web.archive.org/web/20140304040112im_/http://vancouverweekly-local.local/wp-content/uploads/2014/02/command-and-control.jpg
65758,"Book Giveaway: The Once and Future World by J.B. Mackinnon",http://vancouverweekly-local.local/book-giveaway-future-world-j-b-mackinnon/,http://vancouverweekly-local.local/wp-admin/post.php?post=65758&action=edit,publish,2,0,0,image_free,https://web.archive.org/web/20140129200351im_/http://vancouverweekly-local.local/wp-content/uploads/2014/01/9780544103054_custom-fc2b0fdfc5ba3555c7f622b182c0d3542448df05-s6-c30.jpg
65759,"Book Giveaway: A Man Came Out of a Door in the Mountain by Adrianne Harun",http://vancouverweekly-local.local/book-giveaway-man-came-door-mountain-adrianne-harun/,http://vancouverweekly-local.local/wp-admin/post.php?post=65759&action=edit,publish,2,0,0,image_free,https://web.archive.org/web/20140304040442im_/http://vancouverweekly-local.local/wp-content/uploads/2014/02/9780670786107.jpg
65762,"Book Giveaway: Win a Copy of Drink: The Relationship Between Women and Alcohol by Ann Dowsett Johnston",http://vancouverweekly-local.local/book-giveaway-win-copy-drink-relationship-women-alcohol-ann-dowsett-johnston/,http://vancouverweekly-local.local/wp-admin/post.php?post=65762&action=edit,publish,2,0,0,image_free,https://web.archive.org/web/20140304040142im_/http://vancouverweekly-local.local/wp-content/uploads/2014/02/9780062241795_custom-0420119fb2fccf263316a59869a82ce1076ca46d-s6-c30-199x300.jpg
65763,"Book Giveaway: Win a Copy of Oh, My Darling Stories by Shaena Lambert",http://vancouverweekly-local.local/book-giveaway-win-copy-oh-darling-stories-shaena-lambert/,http://vancouverweekly-local.local/wp-admin/post.php?post=65763&action=edit,publish,2,0,0,image_free,https://web.archive.org/web/20140129053444im_/http://vancouverweekly-local.local/wp-content/uploads/2014/01/ohmydarling1.jpeg
65768,"Bowie Alumni celebrate with Vancouver audience",http://vancouverweekly-local.local/bowie-alumni-celebrate-with-vancouver-audience-63049-2/,http://vancouverweekly-local.local/wp-admin/post.php?post=65768&action=edit,publish,2,0,0,image_free,https://web.archive.org/web/20190821004744im_/http://vancouverweekly-local.local/wp-content/uploads/2019/02/GabyMoreno.jpg
65780,"Brockhampton prove they are “STAR”s in the making at sold-out Biltmore show",http://vancouverweekly-local.local/brockhampton-prove-stars-making-sold-biltmore-show/,http://vancouverweekly-local.local/wp-admin/post.php?post=65780&action=edit,publish,2,0,1,image_free,https://web.archive.org/web/20171003102120im_/http://vancouverweekly-local.local/wp-content/uploads/2017/09/brock-hampton-2.jpg
65781,"BROCKHAMPTON shows exponential growth at the Vogue",http://vancouverweekly-local.local/brockhampton-shows-exponential-growth-at-the-vogue-60157-2/,http://vancouverweekly-local.local/wp-admin/post.php?post=65781&action=edit,publish,2,0,0,image_free,https://web.archive.org/web/20180303100825im_/http://vancouverweekly-local.local/wp-content/uploads/2018/02/brockhampton.jpg
65782,"Broken Social Scene consistent after 18 years",http://vancouverweekly-local.local/broken-social-scene-consistent-after-18-years/,http://vancouverweekly-local.local/wp-admin/post.php?post=65782&action=edit,publish,2,0,1,image_free,https://web.archive.org/web/20171027004851im_/http://vancouverweekly-local.local/wp-content/uploads/2017/10/BrokenSocialScene-11-e1508717891816.jpg
65784,"BROODS delivers a short but sweet (and sassy) show",http://vancouverweekly-local.local/broods-delivers-a-short-but-sweet-and-sassy-show-64010-2/,http://vancouverweekly-local.local/wp-admin/post.php?post=65784&action=edit,publish,2,0,1,image_free,https://web.archive.org/web/20190407232129im_/http://vancouverweekly-local.local/wp-content/uploads/2019/04/4126_image_original.png
65791,"Buckle Your Theatre Seats for James & Jamesy present: O Christmas Tea",http://vancouverweekly-local.local/buckle-your-theatre-seats-for-james-jamesy-present-o-christmas-tea-59110-2/,http://vancouverweekly-local.local/wp-admin/post.php?post=65791&action=edit,publish,2,0,0,image_free,https://web.archive.org/web/20171121092634im_/http://vancouverweekly-local.local/wp-content/uploads/2017/11/unnamed-1.jpg
65792,"Buffy Sainte-Marie, A Tribe Called Red, Alvvays, Ivan Decker, and more win early at Juno Gala Dinner and Awards",http://vancouverweekly-local.local/buffy-sainte-marie-a-tribe-called-red-alvvays-ivan-decker-and-more-win-early-at-juno-gala-dinner-and-awards-60376-2/,http://vancouverweekly-local.local/wp-admin/post.php?post=65792&action=edit,publish,2,0,1,image_free,https://web.archive.org/web/20180331110510im_/http://vancouverweekly-local.local/wp-content/uploads/2018/03/GPP__MOX7341-1.jpg
65796,"Bully’s sophomore album ‘Losing’ a definitive victory",http://vancouverweekly-local.local/bullys-sophomore-album-losing-a-definitive-victory/,http://vancouverweekly-local.local/wp-admin/post.php?post=65796&action=edit,publish,2,0,1,image_free,https://web.archive.org/web/20171024203454im_/http://vancouverweekly-local.local/wp-content/uploads/2017/10/Bully1.jpg
65801,"Busty and the Bass gets a sold-out Imperial grooving",http://vancouverweekly-local.local/busty-bass-gets-sold-imperial-grooving/,http://vancouverweekly-local.local/wp-admin/post.php?post=65801&action=edit,publish,2,0,0,image_free,https://web.archive.org/web/20180317050700im_/http://vancouverweekly-local.local/wp-content/uploads/2018/03/09-2.jpg
65809,"Calling all bros: Louisahhh!!! at MIA",http://vancouverweekly-local.local/calling-all-bros-louisahhh-at-mia/,http://vancouverweekly-local.local/wp-admin/post.php?post=65809&action=edit,publish,2,0,0,image_free,https://web.archive.org/web/20150807212029im_/http://vancouverweekly-local.local/wp-content/uploads/2015/06/louisahhh-music-to-1416942959-1024x576.jpg
65813,"Camila Cabello inspires Vancouver to never be the same",http://vancouverweekly-local.local/camila-cabello-inspires-vancouver-to-never-be-the-same-60450-2/,http://vancouverweekly-local.local/wp-admin/post.php?post=65813&action=edit,publish,2,0,0,image_free,https://web.archive.org/web/20180414092603im_/http://vancouverweekly-local.local/wp-content/uploads/2018/04/1516712584_654096_1516713152_noticia_normal.jpg
65814,"Camila Cabello’s debut album shines as bright as she does",http://vancouverweekly-local.local/camila-cabellos-debut-album-shines-as-bright-as-she-does-59642-2/,http://vancouverweekly-local.local/wp-admin/post.php?post=65814&action=edit,publish,2,0,1,image_free,https://web.archive.org/web/20180119211001im_/http://vancouverweekly-local.local/wp-content/uploads/2018/01/Camila-Album.jpg
65816,"Campers beware: B.C. imposes total ban on all burning across province",http://vancouverweekly-local.local/campers-beware-b-c-imposes-total-ban-on-all-burning-across-province/,http://vancouverweekly-local.local/wp-admin/post.php?post=65816&action=edit,publish,2,0,1,image_free,https://web.archive.org/web/20170628175725im_/http://vancouverweekly-local.local/wp-content/uploads/2015/07/Garibalbi_Lake_BC.jpg
65823,"Can Nothing But Thieves Get Under Your Skin?",http://vancouverweekly-local.local/can-nothing-but-thieves-get-under-your-skin-55499-2/,http://vancouverweekly-local.local/wp-admin/post.php?post=65823&action=edit,publish,2,0,1,image_free,https://web.archive.org/web/20160708192602im_/http://vancouverweekly-local.local/wp-content/uploads/2016/06/13316814_903213549787925_2371286075142669363_o.jpg
65826,"Can Zakk Wylde Get out from the Shadows, and on to the Black Label?",http://vancouverweekly-local.local/can-zakk-wylde-get-out-from-the-shadows-and-on-to-the-black-label-56211-2/,http://vancouverweekly-local.local/wp-admin/post.php?post=65826&action=edit,publish,2,0,1,image_free,https://web.archive.org/web/20160902025503im_/http://vancouverweekly-local.local/wp-content/uploads/2016/08/N7O0607.jpg
65829,"Canada says goodbye to a true legend",http://vancouverweekly-local.local/canada-says-goodbye-to-a-true-legend/,http://vancouverweekly-local.local/wp-admin/post.php?post=65829&action=edit,publish,2,0,1,image_free,https://web.archive.org/web/20171026123723im_/http://vancouverweekly-local.local/wp-content/uploads/2017/10/tragically-hip-live-2016-billboard-1548.jpg
65831,"Canada seeks U.S. assistance with translating documents in Chinese spy case",http://vancouverweekly-local.local/canada-seeks-u-s-assistance-with-translating-documents-in-chinese-spy-case/,http://vancouverweekly-local.local/wp-admin/post.php?post=65831&action=edit,publish,2,0,0,image_free,https://web.archive.org/web/20190724000440im_/http://vancouverweekly-local.local/wp-content/uploads/2019/07/VFMF-2019-Big-Box-300X250.jpg
65833,"Canadian open-water swimmer looks to defend Pan American Games title",http://vancouverweekly-local.local/canadian-open-water-swimmer-looks-to-defend-pan-american-games-title/,http://vancouverweekly-local.local/wp-admin/post.php?post=65833&action=edit,publish,2,0,1,image_free,https://web.archive.org/web/20181123025858im_/http://vancouverweekly-local.local/wp-content/uploads/2015/07/CPT111284651_high.jpg
65838,"Cannabis packaging regulations limits branding opportunities",http://vancouverweekly-local.local/cannabis-packaging-regulations-limits-branding-opportunities-61248-2/,http://vancouverweekly-local.local/wp-admin/post.php?post=65838&action=edit,publish,2,0,0,image_free,https://web.archive.org/web/20180725141352im_/http://vancouverweekly-local.local/wp-content/uploads/2018/07/canada-packaging-regs-1280x800.jpg
65842,"Can’t stop the bop: Hanson go strong at the Vogue after 25 years",http://vancouverweekly-local.local/cant-stop-the-bop-hanson-go-strong-at-the-vogue-after-25-years/,http://vancouverweekly-local.local/wp-admin/post.php?post=65842&action=edit,publish,2,0,1,image_free,https://web.archive.org/web/20171024212119im_/http://vancouverweekly-local.local/wp-content/uploads/2017/10/hanson.jpg
65844,"Canucks make sweeping front-office changes, firing Gilman, Henning, Crawford",http://vancouverweekly-local.local/canucks-make-sweeping-front-office-changes-firing-gilman-henning-crawford/,http://vancouverweekly-local.local/wp-admin/post.php?post=65844&action=edit,publish,2,0,1,image_free,https://web.archive.org/web/20170824200943im_/http://vancouverweekly-local.local/wp-content/uploads/2015/07/CPT116283343_high.jpg
65854,"Cat Cohen Showcases Life as a Gal About Town in Debut Poetry Collection",http://vancouverweekly-local.local/cat-cohen-showcases-life-as-a-gal-about-town-in-debut-poetry-collection-71023-2/,http://vancouverweekly-local.local/wp-admin/post.php?post=65854&action=edit,publish,2,0,0,image_free,https://web.archive.org/web/20210422153719im_/http://vancouverweekly-local.local/wp-content/uploads/2021/04/https___bucketeer-e05bbc84-baa3-437e-9518-adb32be77984.s3.amazonaws.com_public_images_23494564-0a7e-488e-81f6-aa7f1afc1216_1710x1080.png
65870,"Changes at top of TransLink after Metro Vancouver voters send strong message",http://vancouverweekly-local.local/changes-at-top-of-translink-after-metro-vancouver-voters-send-strong-message/,http://vancouverweekly-local.local/wp-admin/post.php?post=65870&action=edit,publish,2,0,1,image_free,https://web.archive.org/web/20190921232525im_/http://vancouverweekly-local.local/wp-content/uploads/2015/07/800px-Translink-artic-bus-R8055.jpg
65874,"Chase Rice caters to the crowd at the Commodore Ballroom",http://vancouverweekly-local.local/chase-rice-caters-to-the-crowd-at-the-commodore-ballroom-52800-2/,http://vancouverweekly-local.local/wp-admin/post.php?post=65874&action=edit,publish,2,0,0,image_free,https://web.archive.org/web/20160201073937im_/http://vancouverweekly-local.local/wp-content/uploads/2016/01/chase_rice.jpg
65875,"Chastity offers an emotional and political sophomore release",http://vancouverweekly-local.local/chastity-offers-an-emotional-and-political-sophomore-release/,http://vancouverweekly-local.local/wp-admin/post.php?post=65875&action=edit,publish,2,0,1,image_free,https://web.archive.org/web/20191113042634im_/http://vancouverweekly-local.local/wp-content/uploads/2019/11/chastity-for-hms-by-julia-noel-2.jpg
65890,"Chet Faker Lets His Music Do the Talking",http://vancouverweekly-local.local/chet-faker-lets-music-talking/,http://vancouverweekly-local.local/wp-admin/post.php?post=65890&action=edit,publish,2,0,0,image_free,https://web.archive.org/web/20180526001714im_/http://vancouverweekly-local.local/wp-content/uploads/2014/09/chet-faker.png
65895,"Chris D’Elia speaks his own personal brand of gospel at JFL NorthWest",http://vancouverweekly-local.local/chris-delia-speaks-his-own-personal-brand-of-gospel-at-jfl-northwest-57268-2/,http://vancouverweekly-local.local/wp-admin/post.php?post=65895&action=edit,publish,2,0,0,image_free,https://web.archive.org/web/20171214014324im_/http://vancouverweekly-local.local/wp-content/uploads/2017/02/Chris-DElia-1-1.jpg
65901,"Christopher Owens: The Devil Is in the Demo",http://vancouverweekly-local.local/christopher-owens-devil-demo/,http://vancouverweekly-local.local/wp-admin/post.php?post=65901&action=edit,publish,2,0,0,image_free,https://web.archive.org/web/20151025051358im_/http://vancouverweekly-local.local/wp-content/uploads/2014/10/Christopher_Owens_Credit_AnnieThornton.jpeg
65903,"Chromeo Charms on ‘White Women’",http://vancouverweekly-local.local/chromeo-charms-white-women/,http://vancouverweekly-local.local/wp-admin/post.php?post=65903&action=edit,publish,2,0,0,image_free,https://web.archive.org/web/20190822090628im_/http://vancouverweekly-local.local/wp-content/uploads/2014/05/Chromeo.png
65905,"Cirque Du Soleil’s Kurios transports Vancouver into a mischievous upside down world",http://vancouverweekly-local.local/cirque-du-soleils-kurios-transports-vancouver-into-a-mischievous-upside-down-world-59182-2/,http://vancouverweekly-local.local/wp-admin/post.php?post=65905&action=edit,publish,2,0,1,image_free,https://web.archive.org/web/20171201201355im_/http://vancouverweekly-local.local/wp-content/uploads/2017/11/15591__CM23420_MediumResolution.png
65906,"Citizen Kane",http://vancouverweekly-local.local/citizen-kane-60106-2/,http://vancouverweekly-local.local/wp-admin/post.php?post=65906&action=edit,publish,2,0,1,image_free,https://web.archive.org/web/20180226084640im_/http://vancouverweekly-local.local/wp-content/uploads/2018/02/KANE.jpg
65909,"City launches thermal imaging pilot program",http://vancouverweekly-local.local/city-launches-thermal-imaging-pilot-program-56992-2/,http://vancouverweekly-local.local/wp-admin/post.php?post=65909&action=edit,publish,2,0,1,image_free,https://web.archive.org/web/20170106160220im_/http://vancouverweekly-local.local/wp-content/uploads/2017/01/item_115661_1280px_08633f8c3bb043e0979d588e4304fbdc.jpeg
65912,"City to re-open two warming centres for three nights",http://vancouverweekly-local.local/city-to-re-open-two-warming-centres-for-three-nights-56976-2/,http://vancouverweekly-local.local/wp-admin/post.php?post=65912&action=edit,publish,2,0,0,image_free,https://web.archive.org/web/20171007104725im_/http://vancouverweekly-local.local/wp-content/uploads/2016/12/Screen-Shot-2016-12-23-at-2.09.05-PM.png
65920,"Clutch On The Art Of Psychic Warfare",http://vancouverweekly-local.local/clutch-on-the-art-of-psychic-warfare-55363-2/,http://vancouverweekly-local.local/wp-admin/post.php?post=65920&action=edit,publish,2,0,0,image_free,https://web.archive.org/web/20160530162759im_/http://vancouverweekly-local.local/wp-content/uploads/2016/05/864872605e436ef3a736321a71fc836e.jpg
65925,"Coco sends a family’s old arguments through the afterlife",http://vancouverweekly-local.local/coco-sends-a-familys-old-arguments-through-the-afterlife-59209-2/,http://vancouverweekly-local.local/wp-admin/post.php?post=65925&action=edit,publish,2,0,0,image_free,https://web.archive.org/web/20171201201600im_/http://vancouverweekly-local.local/wp-content/uploads/2017/11/COCO_D23_RGB_c365_15d_pub2.pub16.358.jpg
65930,"Collected consciousness: Thurston Moore Group reaches higher state at the Imperial",http://vancouverweekly-local.local/collected-consciousness-thurston-moore-group-reaches-higher-state-at-the-imperial-57587-2/,http://vancouverweekly-local.local/wp-admin/post.php?post=65930&action=edit,publish,2,0,1,image_free,https://web.archive.org/web/20170609135359im_/http://vancouverweekly-local.local/wp-content/uploads/2017/05/IMG_1468-2-e1494513369454.jpg
65935,"Colter Wall brings down-home prairie folk to the West Coast",http://vancouverweekly-local.local/colter-wall-brings-down-home-prairie-folk-to-the-west-coast/,http://vancouverweekly-local.local/wp-admin/post.php?post=65935&action=edit,publish,2,0,1,image_free,https://web.archive.org/web/20180504002042im_/http://vancouverweekly-local.local/wp-content/uploads/2017/10/COLTER-WALL-FINAL-1024x731.jpg
65943,"Comedy-Rich Robin Hood: Prince of Tease Hits Bullseye at Performance Works",http://vancouverweekly-local.local/comedy-rich-robin-hood-prince-of-tease-hits-bullseye-at-performance-works-57609-2/,http://vancouverweekly-local.local/wp-admin/post.php?post=65943&action=edit,publish,2,0,1,image_free,https://web.archive.org/web/20170609135605im_/http://vancouverweekly-local.local/wp-content/uploads/2017/05/18193787_776919462465029_2133597034929330501_n.jpg
65997,"Constantines Still Shine Brightly After Fifteen Years",http://vancouverweekly-local.local/constantines-still-shine-brightly-fifteen-years/,http://vancouverweekly-local.local/wp-admin/post.php?post=65997&action=edit,publish,2,0,0,image_free,https://web.archive.org/web/20171019042906im_/http://vancouverweekly-local.local/wp-content/uploads/2014/10/Cons-Press1.jpg
66000,"Contra Code’s album release hard-edged and harmonious",http://vancouverweekly-local.local/contra-codes-album-release-hard-edged-and-harmonious/,http://vancouverweekly-local.local/wp-admin/post.php?post=66000&action=edit,publish,2,0,0,image_free,https://web.archive.org/web/20180202202900im_/http://vancouverweekly-local.local/wp-content/uploads/2015/09/cherylpost-1024x576.jpg
66007,"“Crash Landing On You”: a tale of forbidden but prevailing love",http://vancouverweekly-local.local/crash-landing-on-you-a-tale-of-forbidden-but-prevailing-love-70603-2/,http://vancouverweekly-local.local/wp-admin/post.php?post=66007&action=edit,publish,2,0,0,image_free,https://web.archive.org/web/20200421133544im_/http://vancouverweekly-local.local/wp-content/uploads/2020/04/960x0.png
66009,"Creative Freedom Proves to be Only a Stones Throw Away",http://vancouverweekly-local.local/creative-freedom-stones-throw-away/,http://vancouverweekly-local.local/wp-admin/post.php?post=66009&action=edit,publish,2,0,0,image_free,https://web.archive.org/web/20140318063455im_/http://vancouverweekly-local.local/wp-content/uploads/2014/03/Still-MadlibPBW-Pals.jpg
66017,"Cut Copy… Paste – ‘Free Your Mind’ Will Not Blow Any",http://vancouverweekly-local.local/cut-copy-paste-free-your-mind-will-not-blow-any/,http://vancouverweekly-local.local/wp-admin/post.php?post=66017&action=edit,publish,2,0,0,image_free,https://web.archive.org/web/20131208130440im_/http://vancouverweekly-local.local/wp-content/uploads/2013/11/Cut-Copy-Free-Your-Mind-800x800.jpg
66020,"Damian Marley wows the Commodore with a night of unforgettable reggae",http://vancouverweekly-local.local/damian-marley-wows-the-commodore-with-a-night-of-unforgettable-reggae/,http://vancouverweekly-local.local/wp-admin/post.php?post=66020&action=edit,publish,2,0,1,image_free,https://web.archive.org/web/20171003102124im_/http://vancouverweekly-local.local/wp-content/uploads/2017/09/SEPT.26_D.MARLEY_RYAN_JOHNSON_7-e1506620129475.jpg
66026,"Dan Mangan Launches New Ep ‘Unmake’",http://vancouverweekly-local.local/dan-mangan-launches-new-ep-unmake-55703-2/,http://vancouverweekly-local.local/wp-admin/post.php?post=66026&action=edit,publish,2,0,0,image_free,https://web.archive.org/web/20190425034233im_/http://vancouverweekly-local.local/wp-content/uploads/2016/06/image001.jpg
66030,"Dan Mangan Reveals New Video For ‘Race To The Bottom’",http://vancouverweekly-local.local/dan-mangans-reveals-new-video-for-race-to-the-bottom-56072-2/,http://vancouverweekly-local.local/wp-admin/post.php?post=66030&action=edit,publish,2,0,1,image_free,https://web.archive.org/web/20171104064050im_/http://vancouverweekly-local.local/wp-content/uploads/2016/08/DM_hires1_NormanWong.jpg
66031,"Dance Your Way Back to the 50’s with Red Rock Diner",http://vancouverweekly-local.local/dance-way-back-50s-red-rock-diner/,http://vancouverweekly-local.local/wp-admin/post.php?post=66031&action=edit,publish,2,0,1,image_free,https://web.archive.org/web/20180526001531im_/http://vancouverweekly-local.local/wp-content/uploads/2014/08/Red_Rock_0125.jpg
66042,"Daughter’s Elena Tonra Talks New Record and Her Intimate Relationship with Sad Songs",http://vancouverweekly-local.local/daughters-elena-tonra-talks-new-record-and-her-intimate-relationship-with-sad-songs-53716-2/,http://vancouverweekly-local.local/wp-admin/post.php?post=66042&action=edit,publish,2,0,0,image_free,https://web.archive.org/web/20160317162956im_/http://vancouverweekly-local.local/wp-content/uploads/2016/03/Daughter_hires-1.jpg
66047,"The Starman sounds off: David Bowie and the power of the celebrity artist",http://vancouverweekly-local.local/david-bowie-and-the-power-of-the-celebrity-artist-52680-2/,http://vancouverweekly-local.local/wp-admin/post.php?post=66047&action=edit,publish,2,0,0,image_free,https://web.archive.org/web/20160718170848im_/http://vancouverweekly-local.local/wp-content/uploads/2016/01/david-bowie-2013.jpg
66053,"Deadpool’s Dead Cool Debut",http://vancouverweekly-local.local/deadpools-dead-cool-debut-52936-2/,http://vancouverweekly-local.local/wp-admin/post.php?post=66053&action=edit,publish,2,0,0,image_free,https://web.archive.org/web/20160305173756im_/http://vancouverweekly-local.local/wp-content/uploads/2016/02/deadpool-gallery-03-gallery-image.jpg
66055,"Deafhood and the importance of learning a first language in early childhood",http://vancouverweekly-local.local/deafhood-and-the-importance-of-learning-a-first-language-in-early-childhood-59204-2/,http://vancouverweekly-local.local/wp-admin/post.php?post=66055&action=edit,publish,2,0,1,image_free,https://web.archive.org/web/20171130194324im_/http://vancouverweekly-local.local/wp-content/uploads/2017/11/IMG_0589.jpg
66057,"Dear Father’s new EP is sad, and for a good cause",http://vancouverweekly-local.local/dear-fathers-new-ep-is-sad-and-for-a-good-cause/,http://vancouverweekly-local.local/wp-admin/post.php?post=66057&action=edit,publish,2,0,0,image_free,https://web.archive.org/web/20200815185355im_/http://vancouverweekly-local.local/wp-content/uploads/2020/05/at-home-ep.png
66060,"Death Cab for Cutie and Metric partner up live",http://vancouverweekly-local.local/death-cab-for-cutie-and-metric-partner-up-live/,http://vancouverweekly-local.local/wp-admin/post.php?post=66060&action=edit,publish,2,0,1,image_free,https://web.archive.org/web/20160412141337im_/http://vancouverweekly-local.local/wp-content/uploads/2016/04/12891004_870956973013583_8016118249831608250_o.jpg
66061,"Death Valley Girls and the Shivas bring psychedelic energy to East Van",http://vancouverweekly-local.local/death-valley-girls-and-the-shivas-bring-psychedelic-energy-to-east-van-57386-2/,http://vancouverweekly-local.local/wp-admin/post.php?post=66061&action=edit,publish,2,0,1,image_free,https://web.archive.org/web/20170420060000im_/http://vancouverweekly-local.local/wp-content/uploads/2017/03/DeathVallyGirls3.jpg
66067,"Depeche Mode soars with Spirit",http://vancouverweekly-local.local/depeche-mode-soars-with-spirit-58949-2/,http://vancouverweekly-local.local/wp-admin/post.php?post=66067&action=edit,publish,2,0,1,image_free,https://web.archive.org/web/20171106173830im_/http://vancouverweekly-local.local/wp-content/uploads/2017/10/RLJ4883-e1509219374563.jpg
66070,"Destroyer takes on Vancouver’s Commodore Ballroom",http://vancouverweekly-local.local/destroyer-takes-on-vancouvers-commodore-ballroom-60004-2/,http://vancouverweekly-local.local/wp-admin/post.php?post=66070&action=edit,publish,2,0,0,image_free,https://web.archive.org/web/20180215025611im_/http://vancouverweekly-local.local/wp-content/uploads/2018/02/destroyer-2015-fabiola-1200x800-02.jpg
66075,"DIIV, No Joy, and Sunflower Bean get elemental at Fortune Sound Club",http://vancouverweekly-local.local/diiv-no-joy-and-sunflower-bean-get-elemental-at-fortune-sound-club/,http://vancouverweekly-local.local/wp-admin/post.php?post=66075&action=edit,publish,2,0,1,image_free,https://web.archive.org/web/20170527100536im_/http://vancouverweekly-local.local/wp-content/uploads/2015/10/DIIV_SANDYKIM-1024x691.jpg
66080,"Dinosaur Jr. strain the ears in more ways than one at the Commodore Ballroom",http://vancouverweekly-local.local/dinosaur-jr-strain-the-ears-in-more-ways-than-one-at-the-commodore-ballroom-56527-2/,http://vancouverweekly-local.local/wp-admin/post.php?post=66080&action=edit,publish,2,0,0,image_free,https://web.archive.org/web/20161112122939im_/http://vancouverweekly-local.local/wp-content/uploads/2016/10/Dinosaur-Jr-3-1000x800.jpg
66082,"Discover Boating in Beautiful British Columbia",http://vancouverweekly-local.local/discover-boating-in-beautiful-british-columbia-56070-2/,http://vancouverweekly-local.local/wp-admin/post.php?post=66082&action=edit,publish,2,0,1,image_free,https://web.archive.org/web/20160828052503im_/http://vancouverweekly-local.local/wp-content/uploads/2016/08/0a7b6aa11c0301429586d2330998dc57.jpg
66093,"Dolly Parton: pure, simple, vivacious",http://vancouverweekly-local.local/dolly-parton-pure-simple-vivacious-56421-2/,http://vancouverweekly-local.local/wp-admin/post.php?post=66093&action=edit,publish,2,0,0,image_free,https://web.archive.org/web/20200929072743im_/http://vancouverweekly-local.local/wp-content/uploads/2016/09/dolly-parton-press-2015-billboard-650-promo.jpg
66101,"Donna Missal’s Mystical New Single “Slide”",http://vancouverweekly-local.local/donna-missals-mystical-new-single-slide-56269-2/,http://vancouverweekly-local.local/wp-admin/post.php?post=66101&action=edit,publish,2,0,0,image_free,https://web.archive.org/web/20190825220357im_/http://vancouverweekly-local.local/wp-content/uploads/2016/09/Donna-Missal-Sick-on-Indie-Trendsetters-banner.jpg
66105,"Douglas Walbourne-Gough Breathes New Life into Marginalized Community in ‘Crow Gulch’",http://vancouverweekly-local.local/douglas-walbourne-gough-breathes-new-life-into-marginalized-community-in-crow-gulch-68395-2/,http://vancouverweekly-local.local/wp-admin/post.php?post=66105&action=edit,publish,2,0,0,image_free,https://web.archive.org/web/20191207100208im_/http://vancouverweekly-local.local/wp-content/uploads/2019/11/W1819_Mbrp_Directory_Walbourne-Gough-Douglas-1600x1066.jpg
66113,"Dreaming of angels with The xx",http://vancouverweekly-local.local/dreaming-of-angels-with-the-xx-57542-2/,http://vancouverweekly-local.local/wp-admin/post.php?post=66113&action=edit,publish,2,0,1,image_free,https://web.archive.org/web/20170515112313im_/http://vancouverweekly-local.local/wp-content/uploads/2017/05/xx-savageonline.jpg
66121,"Dua Lipa’s concert demystifies the dark-pop genre",http://vancouverweekly-local.local/dua-lipas-concert-demystifies-the-dark-pop-genre-60050-2/,http://vancouverweekly-local.local/wp-admin/post.php?post=66121&action=edit,publish,2,0,0,image_free,https://web.archive.org/web/20180226084659im_/http://vancouverweekly-local.local/wp-content/uploads/2018/02/Home-page-image-resized.jpg
66142,"Elliphant in ‘Couver, How To Live Life Golden",http://vancouverweekly-local.local/elliphant-in-couver-how-to-live-life-golden-55173-2/,http://vancouverweekly-local.local/wp-admin/post.php?post=66142&action=edit,publish,2,0,0,image_free,https://web.archive.org/web/20180304022544im_/http://vancouverweekly-local.local/wp-content/uploads/2016/05/elleleli32.jpg
66143,"Elton John says farewell to Vancouver fans … for three nights",http://vancouverweekly-local.local/elton-john-says-farewell-to-vancouver-fans-for-three-nights-67745-2/,http://vancouverweekly-local.local/wp-admin/post.php?post=66143&action=edit,publish,2,0,1,image_free,https://web.archive.org/web/20191114021627im_/http://vancouverweekly-local.local/wp-content/uploads/2019/09/RLJ_4854.jpg
66147,"Emancipator’s Loci Records Showcase Tour serves up brand new flavours and fan favourites",http://vancouverweekly-local.local/emancipators-loci-records-showcase-tour-serves-up-brand-new-flavours-and-fan-favourites-56839-2/,http://vancouverweekly-local.local/wp-admin/post.php?post=66147&action=edit,publish,2,0,0,image_free,https://web.archive.org/web/20171121092322im_/http://vancouverweekly-local.local/wp-content/uploads/2016/11/EMANCIPATOR_PRESSPIC_COUCH.jpg
66151,"Emotionally Sincere: The Pains of Being Pure at Heart’s ‘Days of Abandon’",http://vancouverweekly-local.local/emotionally-sincere-pains-pure-hearts-days-abandon/,http://vancouverweekly-local.local/wp-admin/post.php?post=66151&action=edit,publish,2,0,0,image_free,https://web.archive.org/web/20190921235938im_/http://vancouverweekly-local.local/wp-content/uploads/2014/05/pains-of-being-pure-at-heart-days-of-abadon.jpg
66156,"Enter Shikari – Educating and unifying, one track at a time",http://vancouverweekly-local.local/enter-shikari-educating-and-unifying-one-track-at-a-time-59932-2/,http://vancouverweekly-local.local/wp-admin/post.php?post=66156&action=edit,publish,2,0,0,image_free,https://web.archive.org/web/20180211080204im_/http://vancouverweekly-local.local/wp-content/uploads/2018/02/Enter-Shikari-Press-Photo.jpg
66157,"Enter to Win: 2 Tickets to Burlesque Star Wars: A Nude Hope @ Rio Theatre – December 14, 2013",http://vancouverweekly-local.local/enter-to-win-2-tickets-to-burlesque-star-wars-a-nude-hope-rio-theatre-december-14-2013/,http://vancouverweekly-local.local/wp-admin/post.php?post=66157&action=edit,publish,2,0,0,image_free,https://web.archive.org/web/20131208154957im_/http://vancouverweekly-local.local/wp-content/uploads/2013/11/star_wars_burlesque-08.jpg
66158,"Enter to Win: Small Stage Point 5 at The Emerald – July 4, 2014",http://vancouverweekly-local.local/enter-win-small-stage-point-5-emerald-july-4-2014/,http://vancouverweekly-local.local/wp-admin/post.php?post=66158&action=edit,publish,2,0,0,image_free,https://web.archive.org/web/20140707144559im_/http://vancouverweekly-local.local/wp-content/uploads/2014/06/DSC4204-copy.jpg
66161,"Enter to Win Tickets to Moscow Virtuosi Chamber Orchestra at the Chan Centre – May 6, 2014",http://vancouverweekly-local.local/enter-win-tickets-moscow-virtuosi-chamber-orchestra-chan-centre-may-6-2014/,http://vancouverweekly-local.local/wp-admin/post.php?post=66161&action=edit,publish,2,0,0,image_free,https://web.archive.org/web/20140415230736im_/http://vancouverweekly-local.local/wp-content/uploads/2014/04/Moscow-Virtuosi_1-copy.jpg
66163,"Enter to Win Tickets to Pete Yorn at the Imperial – May 29, 2014",http://vancouverweekly-local.local/enter-win-tickets-pete-yorn-imperial-may-29-2014/,http://vancouverweekly-local.local/wp-admin/post.php?post=66163&action=edit,publish,2,0,0,image_free,https://web.archive.org/web/20140507014453im_/http://vancouverweekly-local.local/wp-content/uploads/2014/05/pete-yorn-3.jpg
66169,"Eric Anders aims for Eleven Nine after five years away from studio",http://vancouverweekly-local.local/eric-anders-aims-for-eleven-nine-after-five-years-away-from-studio-57606-2/,http://vancouverweekly-local.local/wp-admin/post.php?post=66169&action=edit,publish,2,0,0,image_free,https://web.archive.org/web/20171110061753im_/http://vancouverweekly-local.local/wp-content/uploads/2017/05/eric.anders.pub_-1024x687.jpg
66171,"Eric Andre brings Adult Swim insanity to the Commodore Ballroom",http://vancouverweekly-local.local/eric-andre-brings-adult-swim-insanity-to-the-commodore-ballroom-56200-2/,http://vancouverweekly-local.local/wp-admin/post.php?post=66171&action=edit,publish,2,0,0,image_free,https://web.archive.org/web/20160830141237im_/http://vancouverweekly-local.local/wp-content/uploads/2016/08/MV5BMTY0Nzc3ODcxMF5BMl5BanBnXkFtZTgwMTc4NTMyMTE@._V1_SY1000_CR0012941000_AL_.jpg
66176,"Evacuations, air quality advisories continue in B.C. amid wildfires",http://vancouverweekly-local.local/evacuations-air-quality-advisories-continue-in-b-c-amid-wildfires/,http://vancouverweekly-local.local/wp-admin/post.php?post=66176&action=edit,publish,2,0,1,image_free,https://web.archive.org/web/20190916060731im_/http://vancouverweekly-local.local/wp-content/uploads/2015/07/South_BC-NW_USA-relief_CaribooplusChilcotin.png
66178,"Every Thing Will Be Fine is a sentimental late-career experiment in 3D",http://vancouverweekly-local.local/every-thing-will-be-fine-is-a-sentimental-late-career-experiment-in-3d/,http://vancouverweekly-local.local/wp-admin/post.php?post=66178&action=edit,publish,2,0,0,image_free,https://web.archive.org/web/20190821002242im_/http://vancouverweekly-local.local/wp-content/uploads/2015/12/Every-Thing-Will-Be-Fine.jpg
66180,"Everything certainly is possible with Enter Shikari",http://vancouverweekly-local.local/everything-certainly-is-possible-with-enter-shikari/,http://vancouverweekly-local.local/wp-admin/post.php?post=66180&action=edit,publish,2,0,1,image_free,https://web.archive.org/web/20200422150525im_/http://vancouverweekly-local.local/wp-content/uploads/2020/04/EnterShikari_-849.jpg
66182,"Everything coming together for Alex Little & the Suspicious Minds",http://vancouverweekly-local.local/everything-coming-together-for-alex-little-and-the-suspicious-minds/,http://vancouverweekly-local.local/wp-admin/post.php?post=66182&action=edit,publish,2,0,0,image_free,https://web.archive.org/web/20191207093805im_/http://vancouverweekly-local.local/wp-content/uploads/2019/11/Alex-Little-Promo-Photo-2018.jpg
66188,"Ex Machina: Man or Machine?",http://vancouverweekly-local.local/ex-machina-man-or-machine/,http://vancouverweekly-local.local/wp-admin/post.php?post=66188&action=edit,publish,2,0,0,image_free,https://web.archive.org/web/20150518030348im_/http://vancouverweekly-local.local/wp-content/uploads/2015/04/ExMachina-e1429048381905.jpg
66190,"Exploring Faith, Feminism and Authority in Novitiate",http://vancouverweekly-local.local/exploring-faith-feminism-authority-novitiate/,http://vancouverweekly-local.local/wp-admin/post.php?post=66190&action=edit,publish,2,0,0,image_free,https://web.archive.org/web/20171111052403im_/http://vancouverweekly-local.local/wp-content/uploads/2017/11/novitiate_01.jpg
66193,"“The Face of Love”: Annette Bening’s Face of Grief",http://vancouverweekly-local.local/face-love-annette-benings-face-grief/,http://vancouverweekly-local.local/wp-admin/post.php?post=66193&action=edit,publish,2,0,0,image_free,https://web.archive.org/web/20140406104026im_/http://vancouverweekly-local.local/wp-content/uploads/2014/04/2.jpg
66196,"Facebook Tweaks its Algorithm to Fight Clickbait",http://vancouverweekly-local.local/facebook-tweaks-its-algorithm-to-fight-clickbait-56028-2/,http://vancouverweekly-local.local/wp-admin/post.php?post=66196&action=edit,publish,2,0,1,image_free,https://web.archive.org/web/20160826073212im_/http://vancouverweekly-local.local/wp-content/uploads/2016/08/clickbait.jpg
66205,"Father John Misty brings his rock god poetry to Vancouver",http://vancouverweekly-local.local/father-john-misty-brings-his-rock-god-poetry-to-vancouver-54668-2/,http://vancouverweekly-local.local/wp-admin/post.php?post=66205&action=edit,publish,2,0,0,image_free,https://web.archive.org/web/20160503181638im_/http://vancouverweekly-local.local/wp-content/uploads/2016/04/12523075_915410351899883_1199729423184983543_n.png
66208,"Feels Like Norah Jones Might Want To Be Home",http://vancouverweekly-local.local/feels-like-norah-jones-might-want-to-be-home-56580-2/,http://vancouverweekly-local.local/wp-admin/post.php?post=66208&action=edit,publish,2,0,1,image_free,https://web.archive.org/web/20161110142417im_/http://vancouverweekly-local.local/wp-content/uploads/2016/10/norah-jones-3-credit-autumn-dewilde_wide-de35809ebbb951f585ddbb9e8a4bc5888acc5077.jpg
66220,"Find Out Why Vancouverites Couldn’t Stop Foot-stomping to the Devil Makes Three",http://vancouverweekly-local.local/find-out-why-vancouverites-couldnt-stop-foot-stomping-to-the-devil-makes-three-52766-2/,http://vancouverweekly-local.local/wp-admin/post.php?post=66220&action=edit,publish,2,0,0,image_free,https://web.archive.org/web/20160129230739im_/http://vancouverweekly-local.local/wp-content/uploads/2016/01/devil.png
66245,"Fool for Love: Theatre with Messy Guts",http://vancouverweekly-local.local/fool-for-love-theatre-with-messy-guts/,http://vancouverweekly-local.local/wp-admin/post.php?post=66245&action=edit,publish,2,0,0,image_free,https://web.archive.org/web/20150516230333im_/http://vancouverweekly-local.local/wp-content/uploads/2015/05/Fool-For-Love.jpg
66247,"Foreign Beggars bring cheeky London grime to Vancouver",http://vancouverweekly-local.local/foreign-beggars-bring-cheeky-london-grime-to-vancouver-59145-2/,http://vancouverweekly-local.local/wp-admin/post.php?post=66247&action=edit,publish,2,0,1,image_free,https://web.archive.org/web/20171125185344im_/http://vancouverweekly-local.local/wp-content/uploads/2017/11/Foreign-Beggars-Promo-Pic.jpg
66248,"Former Eskimos linebacker Rennie Curran grateful for chance with B.C. Lions",http://vancouverweekly-local.local/former-eskimos-linebacker-rennie-curran-grateful-for-chance-with-b-c-lions/,http://vancouverweekly-local.local/wp-admin/post.php?post=66248&action=edit,publish,2,0,1,image_free,https://web.archive.org/web/20181104041223im_/http://vancouverweekly-local.local/wp-content/uploads/2015/09/CPT115300568_high.jpg
66252,"Former officer who lied to inquiry gets two years jail and a year probation",http://vancouverweekly-local.local/former-officer-who-lied-to-inquiry-gets-two-years-jail-and-a-year-probation/,http://vancouverweekly-local.local/wp-admin/post.php?post=66252&action=edit,publish,2,0,1,image_free,https://web.archive.org/web/20171008082340im_/http://vancouverweekly-local.local/wp-content/uploads/2015/07/CPT107289066_high-218x300.jpg
66255,"Foxygen hits home with Hang",http://vancouverweekly-local.local/foxygen-hits-home-with-hang-57658-2/,http://vancouverweekly-local.local/wp-admin/post.php?post=66255&action=edit,publish,2,0,1,image_free,https://web.archive.org/web/20170607023234im_/http://vancouverweekly-local.local/wp-content/uploads/2017/06/Foxygen-David-Lacroix.jpg
66265,"Freak Heat Waves announce Canadian tour, release “Design of Success” video",http://vancouverweekly-local.local/freak-heat-waves-announce-canadian-tour-release-design-of-success-video/,http://vancouverweekly-local.local/wp-admin/post.php?post=66265&action=edit,publish,2,0,0,image_free,https://web.archive.org/web/20150628164643im_/http://vancouverweekly-local.local/wp-content/uploads/2015/06/FHW-1024x1024.jpg
66267,"Freshly minted: Needles//Pins’ Adam Solomonian talks new album on a new label",http://vancouverweekly-local.local/freshly-minted-needlespins-adam-solomonian-talks-new-album-on-a-new-label/,http://vancouverweekly-local.local/wp-admin/post.php?post=66267&action=edit,publish,2,0,1,image_free,https://web.archive.org/web/20170719062441im_/http://vancouverweekly-local.local/wp-content/uploads/2017/07/pins-needles-photo-by-Timothy-Nguyen.jpg
66268,"From Bin Laden to Bush…Who’s Got The Biggest Mouth In The World?",http://vancouverweekly-local.local/from-bin-laden-to-bushwhos-got-the-biggest-mouth-in-the-world-53073-2/,http://vancouverweekly-local.local/wp-admin/post.php?post=66268&action=edit,publish,2,0,1,image_free,https://web.archive.org/web/20170701063756im_/http://vancouverweekly-local.local/wp-content/uploads/2016/02/Bigmouth-image-high-res-credit-Maya-Wilsens-1.jpg
66270,"From Bonnie Lasses To Ballsy Bastards: VIBF Is At Its Best",http://vancouverweekly-local.local/from-bonnie-lasses-to-ballsy-bastards-vibf-is-at-its-best-55149-2/,http://vancouverweekly-local.local/wp-admin/post.php?post=66270&action=edit,publish,2,0,1,image_free,https://web.archive.org/web/20171008114428im_/http://vancouverweekly-local.local/wp-content/uploads/2016/05/Freaky_Candy_pic-by-Marco-Felix-984x500.jpg
66272,"From Queen Bey to Queen D, Divinity Roxx ImPossible",http://vancouverweekly-local.local/from-queen-bey-to-queen-d-divinity-roxx-impossible-55544-2/,http://vancouverweekly-local.local/wp-admin/post.php?post=66272&action=edit,publish,2,0,0,image_free,https://web.archive.org/web/20160708192608im_/http://vancouverweekly-local.local/wp-content/uploads/2016/06/bannerroxx.jpg
66274,"Fucked Up “Sun Glass” Video",http://vancouverweekly-local.local/fucked-sun-glass-video/,http://vancouverweekly-local.local/wp-admin/post.php?post=66274&action=edit,publish,2,0,0,image_free,https://web.archive.org/web/20190721212118im_/http://vancouverweekly-local.local/wp-content/uploads/2019/07/VFMF-2019-Big-Box-300X250.jpg
66278,"Gary Clark Jr.: The Blues Burn Brightly",http://vancouverweekly-local.local/gary-clark-jr-the-blues-burn-brightly/,http://vancouverweekly-local.local/wp-admin/post.php?post=66278&action=edit,publish,2,0,0,image_free,https://web.archive.org/web/20151129065254im_/http://vancouverweekly-local.local/wp-content/uploads/2013/11/gary-clark-jr.-2_wide-37f39a7552bf0ecb8ae47f53e8716135ff0f66b8-s6-c30.jpg
66283,"Gemma Bovary is an intriguing intellectual treat",http://vancouverweekly-local.local/gemma-bovary-intriguing-intellectual-treat/,http://vancouverweekly-local.local/wp-admin/post.php?post=66283&action=edit,publish,2,0,0,image_free,https://web.archive.org/web/20150206200030im_/http://vancouverweekly-local.local/wp-content/uploads/2014/12/gemma-bovary-is-an-intriguing-in.jpg
66286,"George Orwell’s pre-war Coming Up for Air resonates with today’s anxieties",http://vancouverweekly-local.local/george-orwells-pre-war-coming-up-for-air-resonates-with-todays-anxieties-59116-2/,http://vancouverweekly-local.local/wp-admin/post.php?post=66286&action=edit,publish,2,0,1,image_free,https://web.archive.org/web/20171121100520im_/http://vancouverweekly-local.local/wp-content/uploads/2017/11/Coming-Up-For-Air-gasmask_lrg-Actor-Bernard-Cuffling-Photo-Ted-Cole_preview.jpg
66289,"Get to Know Ziggy Alberts, Vancouver’s new favourite one-man-act",http://vancouverweekly-local.local/get-to-know-ziggy-alberts-vancouvers-new-favourite-one-man-act-67677-2/,http://vancouverweekly-local.local/wp-admin/post.php?post=66289&action=edit,publish,2,0,1,image_free,https://web.archive.org/web/20190923224020im_/http://vancouverweekly-local.local/wp-content/uploads/2019/09/Ziggy-Alberts-PRINT_Photo-credit_Zach-Sanders.jpg
66291,"Getting high on humans with Oh Wonder",http://vancouverweekly-local.local/getting-high-on-humans-with-oh-wonder/,http://vancouverweekly-local.local/wp-admin/post.php?post=66291&action=edit,publish,2,0,1,image_free,https://web.archive.org/web/20170912041339im_/http://vancouverweekly-local.local/wp-content/uploads/2017/09/Oh-Wonder.jpg
66294,"“Girl 27″: Potentially Compelling Story Falls Flat in Wrong Hands",http://vancouverweekly-local.local/girl-27-potentially-compelling-story-falls-flat-in-wrong-hands/,http://vancouverweekly-local.local/wp-admin/post.php?post=66294&action=edit,publish,2,0,0,image_free,https://web.archive.org/web/20131209052754im_/http://vancouverweekly-local.local/wp-content/uploads/2013/11/girl27.jpg
66296,"Gisto Video Premiere, All By Myself",http://vancouverweekly-local.local/gisto-video-premiere-all-by-myself-59512-2/,http://vancouverweekly-local.local/wp-admin/post.php?post=66296&action=edit,publish,2,0,0,image_free,https://web.archive.org/web/20171228032107im_/http://vancouverweekly-local.local/wp-content/uploads/2017/12/DR1tZMBWAAEQajb.jpg
66300,"“GLOW: The Story of the Gorgeous Ladies of Wrestling”: Tales of Friendship and Personal Empowerment",http://vancouverweekly-local.local/glow-the-story-of-the-gorgeous-ladies-of-wrestling/,http://vancouverweekly-local.local/wp-admin/post.php?post=66300&action=edit,publish,2,0,0,image_free,https://web.archive.org/web/20140129024855im_/http://vancouverweekly-local.local/wp-content/uploads/2014/01/glow_the_story_of_the_gorgeous_ladies_of_wrestling_xlg.jpg
66302,"Godflesh a human experience",http://vancouverweekly-local.local/godflesh-a-human-experience/,http://vancouverweekly-local.local/wp-admin/post.php?post=66302&action=edit,publish,2,0,0,image_free,https://web.archive.org/web/20180512092709im_/http://vancouverweekly-local.local/wp-content/uploads/2015/10/godflesh-tickets_10-03-15_17_555cbc29b47d6.jpg
66316,"Good Business Practices in Budapest",http://vancouverweekly-local.local/good-business-practices-in-budapest-59956-2/,http://vancouverweekly-local.local/wp-admin/post.php?post=66316&action=edit,publish,2,0,1,image_free,https://web.archive.org/web/20180211080255im_/http://vancouverweekly-local.local/wp-content/uploads/2018/02/BUDAPEST.jpg
66318,"Good Luck Lies in Odd Numbers with The Merry Wives of Windsor",http://vancouverweekly-local.local/good-luck-lies-in-odd-numbers-with-the-merry-wives-of-windsor-55836-2/,http://vancouverweekly-local.local/wp-admin/post.php?post=66318&action=edit,publish,2,0,1,image_free,https://web.archive.org/web/20160708192838im_/http://vancouverweekly-local.local/wp-content/uploads/2016/07/Photo-1.jpg
66319,"‘Good People’ Shows Us The Ugly Underbelly Of Success",http://vancouverweekly-local.local/good-people-shows-us-the-ugly-underbelly-of-success/,http://vancouverweekly-local.local/wp-admin/post.php?post=66319&action=edit,publish,2,0,1,image_free,https://web.archive.org/web/20160413063658im_/http://vancouverweekly-local.local/wp-content/uploads/2016/04/Good_People_0082-1.jpg
66320,"For No Good Reason: A Visual Buffet",http://vancouverweekly-local.local/good-reason-visual-buffet/,http://vancouverweekly-local.local/wp-admin/post.php?post=66320&action=edit,publish,2,0,0,image_free,https://web.archive.org/web/20140518124210im_/http://vancouverweekly-local.local/wp-content/uploads/2014/05/f64d3d44-5beb-44ed-982e-b94a6c158957.jpg
66321,"Goorin Bros. Hat Shop Sells Style Not Fashion",http://vancouverweekly-local.local/goorin-bros-hat-shop-sells-style-fashion/,http://vancouverweekly-local.local/wp-admin/post.php?post=66321&action=edit,publish,2,0,0,image_free,https://web.archive.org/web/20140317221101im_/http://vancouverweekly-local.local/wp-content/uploads/2014/02/Twist_and_Shout09-2.jpg
66331,"Gramatik draws out a sweaty EDM crowd",http://vancouverweekly-local.local/gramatik-draws-out-a-sweaty-edm-crowd/,http://vancouverweekly-local.local/wp-admin/post.php?post=66331&action=edit,publish,2,0,0,image_free,https://web.archive.org/web/20150807190637im_/http://vancouverweekly-local.local/wp-content/uploads/2015/04/gram1-1024x682.jpg
66333,"Preview: “Grandma’s 80th Surprise” – how a mixed-race relationship leads to familial problems",http://vancouverweekly-local.local/grandmas-80th-surprise-how-a-mixed-race-relationship-leads-to-familial-problems-69576-2/,http://vancouverweekly-local.local/wp-admin/post.php?post=66333&action=edit,publish,2,0,0,image_free,https://web.archive.org/web/20200422172341im_/http://vancouverweekly-local.local/wp-content/uploads/2020/01/Screen-Shot-2020-01-18-at-9.53.14-AM.png
66336,"Great Track by Leagues Just in Time for Weekend: ‘New Money’",http://vancouverweekly-local.local/great-track-by-leagues-just-in-time-for-weekend-new-money56033-2/,http://vancouverweekly-local.local/wp-admin/post.php?post=66336&action=edit,publish,2,0,0,image_free,https://web.archive.org/web/20180414143219im_/http://vancouverweekly-local.local/wp-content/uploads/2016/08/unnamed.jpg
66337,"The Green Fog reconfigures the image of a masterpiece — Live!",http://vancouverweekly-local.local/green-fog-reconfigures-image-masterpiece-live/,http://vancouverweekly-local.local/wp-admin/post.php?post=66337&action=edit,publish,2,0,0,image_free,https://web.archive.org/web/20171016221815im_/http://vancouverweekly-local.local/wp-content/uploads/2017/10/The-Green-Fog.jpg
66350,"Grounders find their footing at the Media Club",http://vancouverweekly-local.local/grounders-find-their-footing-at-the-media-club/,http://vancouverweekly-local.local/wp-admin/post.php?post=66350&action=edit,publish,2,0,1,image_free,https://web.archive.org/web/20190921173053im_/http://vancouverweekly-local.local/wp-content/uploads/2015/09/grounders_maxhurd001-1024x678.jpg
66351,"Groupoem fills the pews with Dirt Church",http://vancouverweekly-local.local/groupoem-fills-the-pews-with-dirt-church-57947-2/,http://vancouverweekly-local.local/wp-admin/post.php?post=66351&action=edit,publish,2,0,0,image_free,https://web.archive.org/web/20170729212914im_/http://vancouverweekly-local.local/wp-content/uploads/2017/07/Groupoem-1987-at-Gainsville.jpg
66360,"Halifax’s Bloody Diamonds Ready To Bring Their Gothic Hard Rock To West Coast",http://vancouverweekly-local.local/halifaxs-bloody-diamonds-ready-bring-gothic-hard-rock-west-coast/,http://vancouverweekly-local.local/wp-admin/post.php?post=66360&action=edit,publish,2,0,0,image_free,https://web.archive.org/web/20180711083352im_/http://vancouverweekly-local.local/wp-content/uploads/2014/06/BD_Squared_Duo_Press_Shot619f91.jpg
66377,"HEALTH makes the right kind of noise",http://vancouverweekly-local.local/health-makes-the-right-kind-of-noise/,http://vancouverweekly-local.local/wp-admin/post.php?post=66377&action=edit,publish,2,0,0,image_free,https://web.archive.org/web/20160111205310im_/http://vancouverweekly-local.local/wp-content/uploads/2015/12/HEALTH_Sesse_Lind-Copy.jpg
66387,"High art meets mystery in Loving Vincent",http://vancouverweekly-local.local/high-art-meets-mystery-in-loving-vincent-58788-2/,http://vancouverweekly-local.local/wp-admin/post.php?post=66387&action=edit,publish,2,0,1,image_free,https://web.archive.org/web/20171026123555im_/http://vancouverweekly-local.local/wp-content/uploads/2017/10/28d9d205-4ffb-4b63-98d1-9bc58240e0e3.jpg
66389,"‘High as Hope’ is Florence + the Machine’s most personal, intimate album yet",http://vancouverweekly-local.local/high-as-hope-is-florence-the-machines-most-personal-intimate-album-yet-60973-2/,http://vancouverweekly-local.local/wp-admin/post.php?post=66389&action=edit,publish,2,0,0,image_free,https://web.archive.org/web/20180701214155im_/http://vancouverweekly-local.local/wp-content/uploads/2018/06/TELEMMGLPICT000166453764_trans_NvBQzQNjv4BqB9TNGSg3mw1zIYGf6IZil7T5LfTkYhqvBvjfatlPy1M.jpeg
66391,"High energy and riveting sounds continue at Vancouver Folk Music Festival",http://vancouverweekly-local.local/high-energy-and-riveting-sounds-continue-at-vancouver-folk-music-festival-55919-2/,http://vancouverweekly-local.local/wp-admin/post.php?post=66391&action=edit,publish,2,0,1,image_free,https://web.archive.org/web/20160718153005im_/http://vancouverweekly-local.local/wp-content/uploads/2016/07/Screen-Shot-2016-07-17-at-9.56.08-AM.png
66401,"History is not in the past, but in the present",http://vancouverweekly-local.local/history-is-not-in-the-past-but-in-the-present-57294-2/,http://vancouverweekly-local.local/wp-admin/post.php?post=66401&action=edit,publish,2,0,1,image_free,https://web.archive.org/web/20170429020703im_/http://vancouverweekly-local.local/wp-content/uploads/2017/03/6bbac4d9-bdd8-4d22-aae4-fa76fe7ab6a0.jpg
66407,"Holy Fuck sends listeners to another dimension",http://vancouverweekly-local.local/holy-fuck-sends-listeners-to-another-dimension/,http://vancouverweekly-local.local/wp-admin/post.php?post=66407&action=edit,publish,2,0,1,image_free,https://web.archive.org/web/20191018154921im_/http://vancouverweekly-local.local/wp-content/uploads/2017/01/20170119-IMG_0460.jpg
66411,"Home Cooking: With Argos up next, Lions want to reassert dominance at B.C. Place",http://vancouverweekly-local.local/home-cooking-with-argos-up-next-lions-want-to-reassert-dominance-at-b-c-place/,http://vancouverweekly-local.local/wp-admin/post.php?post=66411&action=edit,publish,2,0,1,image_free,https://web.archive.org/web/20171008141347im_/http://vancouverweekly-local.local/wp-content/uploads/2015/07/CPT105288737_high.jpg
66414,"Home Struggles: Sporting Kansas City downs Vancouver Whitecaps 1-0",http://vancouverweekly-local.local/home-struggles-sporting-kansas-city-downs-vancouver-whitecaps-1-0/,http://vancouverweekly-local.local/wp-admin/post.php?post=66414&action=edit,publish,2,0,1,image_free,https://web.archive.org/web/20190921153932im_/http://vancouverweekly-local.local/wp-content/uploads/2015/07/VCRD116285862_high.jpg
66416,"Hong Sang-soo continues his run of unpredictable comedies with “Right Now, Wrong Then”",http://vancouverweekly-local.local/hong-sang-soo-continues-his-run-of-unpredictable-comedies-with-right-now-wrong-then/,http://vancouverweekly-local.local/wp-admin/post.php?post=66416&action=edit,publish,2,0,0,image_free,https://web.archive.org/web/20190821122021im_/http://vancouverweekly-local.local/wp-content/uploads/2015/09/Right-Now-Wrong-Then.jpg
66417,"Hooray for PJ Masks Live Performance at the Queen E",http://vancouverweekly-local.local/hooray-for-pj-masks-live-performance-at-the-queen-e-62878-2/,http://vancouverweekly-local.local/wp-admin/post.php?post=66417&action=edit,publish,2,0,0,image_free,https://web.archive.org/web/20190213153622im_/http://vancouverweekly-local.local/wp-content/uploads/2019/02/PJMASK-HERO1.jpg
66419,"Hot Brown Honey delivers anti-patriarchy deprogramming that’s punchy, colourful, and irresistibly fun",http://vancouverweekly-local.local/hot-brown-honey-delivers-anti-patriarchy-deprogramming-thats-punchy-colourful-and-irresistibly-fun-63712-2/,http://vancouverweekly-local.local/wp-admin/post.php?post=66419&action=edit,publish,2,0,0,image_free,https://web.archive.org/web/20190327122042im_/http://vancouverweekly-local.local/wp-content/uploads/2019/03/art_hottickethothoneybrown_2669.jpg
66421,"Hot Chip DJs bring a new sound to Vancouver",http://vancouverweekly-local.local/hot-chip-djs-bring-a-new-sound-to-vancouver-59219-2/,http://vancouverweekly-local.local/wp-admin/post.php?post=66421&action=edit,publish,2,0,1,image_free,https://web.archive.org/web/20171201062530im_/http://vancouverweekly-local.local/wp-content/uploads/2017/11/Hot-Chip.png
66423,"Hot Welcome Home For Alt-Country Rockers Real Ponchos",http://vancouverweekly-local.local/hot-welcome-home-alt-country-rockers-real-ponchos/,http://vancouverweekly-local.local/wp-admin/post.php?post=66423&action=edit,publish,2,0,0,image_free,https://web.archive.org/web/20180115134607im_/http://vancouverweekly-local.local/wp-content/uploads/2014/06/RealPonchos_Pic1.jpg
66424,"Hotel Mira prove their boundaries are limitless with latest album ‘Perfectionism’",http://vancouverweekly-local.local/hotel-mira-prove-their-boundaries-are-limitless-with-latest-album-perfectionism/,http://vancouverweekly-local.local/wp-admin/post.php?post=66424&action=edit,publish,2,0,0,image_free,https://web.archive.org/web/20200422113927im_/http://vancouverweekly-local.local/wp-content/uploads/2020/03/image002-3-e1584581824742.jpg
66430,"How employers can prepare the workplace for cannabis legalization",http://vancouverweekly-local.local/how-employers-can-prepare-the-workplace-for-cannabis-legalization-60853-2/,http://vancouverweekly-local.local/wp-admin/post.php?post=66430&action=edit,publish,2,0,0,image_free,https://web.archive.org/web/20180611012807im_/http://vancouverweekly-local.local/wp-content/uploads/2018/06/cannabis-testing.jpg
66432,"How Renaissance Man Sluka Gifts Us With Introversion",http://vancouverweekly-local.local/how-renaissance-man-sluka-gifts-us-with-introversion-55970-2/,http://vancouverweekly-local.local/wp-admin/post.php?post=66432&action=edit,publish,2,0,0,image_free,https://web.archive.org/web/20160801170519im_/http://vancouverweekly-local.local/wp-content/uploads/2016/07/Introversions-CD-Cover-1-1.jpg
66436,"How Stevie Nicks Blinded You With Nostalgia",http://vancouverweekly-local.local/how-stevie-nicks-blinded-you-with-nostalgia-56904-2/,http://vancouverweekly-local.local/wp-admin/post.php?post=66436&action=edit,publish,2,0,1,image_free,https://web.archive.org/web/20190826071031im_/http://vancouverweekly-local.local/wp-content/uploads/2016/12/62nd-annual-bmi-pop-awards-arrivals.jpeg-1280x960.jpg
66437,"How Sun Grown Cultivation of Medicinal Marijuana Will Protect B.C.’s Backyards",http://vancouverweekly-local.local/how-sun-grown-cultivation-of-medicinal-marijuana-will-protect-b-c-s-backyards-54776-2/,http://vancouverweekly-local.local/wp-admin/post.php?post=66437&action=edit,publish,2,0,1,image_free,https://web.archive.org/web/20160503181410im_/http://vancouverweekly-local.local/wp-content/uploads/2016/04/1-Q8pK10bHvRNtSI6NyCMQ9Q.jpeg
66443,"How to find your voice as a new chef in Vancouver",http://vancouverweekly-local.local/how-to-find-your-voice-as-a-new-chef-in-vancouver-59946-2/,http://vancouverweekly-local.local/wp-admin/post.php?post=66443&action=edit,publish,2,0,1,image_free,https://web.archive.org/web/20180211080056im_/http://vancouverweekly-local.local/wp-content/uploads/2018/02/BrianSkinner-headshot-e1463500435373.jpg
66456,"How to unravel notions of sex, consent, and monogamy",http://vancouverweekly-local.local/how-to-unravel-notions-of-sex-consent-and-monogamy-59896-2/,http://vancouverweekly-local.local/wp-admin/post.php?post=66456&action=edit,publish,2,0,1,image_free,https://web.archive.org/web/20180206125645im_/http://vancouverweekly-local.local/wp-content/uploads/2018/02/pablo-heimplatz-275438.jpg
66462,"Huey Lewis pleases with hits, and that’s no news",http://vancouverweekly-local.local/huey-lewis-pleases-hits-thats-no-news/,http://vancouverweekly-local.local/wp-admin/post.php?post=66462&action=edit,publish,2,0,0,image_free,https://web.archive.org/web/20170905010634im_/http://vancouverweekly-local.local/wp-content/uploads/2017/08/Huey-Lewis-and-the-News-img01-USE.jpg
66469,"The Humanness of John Hirsch",http://vancouverweekly-local.local/humanness-john-hirsch/,http://vancouverweekly-local.local/wp-admin/post.php?post=66469&action=edit,publish,2,0,0,image_free,https://web.archive.org/web/20140318063211im_/http://vancouverweekly-local.local/wp-content/uploads/2014/03/Hirsch-show-image-150x150.jpg
66470,"Hunting’s ‘Whatever You Need’ sets band in a new direction",http://vancouverweekly-local.local/huntings-whatever-you-need-sets-band-in-a-new-direction/,http://vancouverweekly-local.local/wp-admin/post.php?post=66470&action=edit,publish,2,0,1,image_free,https://web.archive.org/web/20191113055918im_/http://vancouverweekly-local.local/wp-content/uploads/2019/10/Johann-Wall-HUNTING-PRESS-PHOTO.jpg
66471,"Ian Thornley on touring 20 years after Big Wreck’s Debut",http://vancouverweekly-local.local/ian-thornley-on-touring-20-years-after-big-wrecks-debut-60111-2/,http://vancouverweekly-local.local/wp-admin/post.php?post=66471&action=edit,publish,2,0,1,image_free,https://web.archive.org/web/20180226034650im_/http://vancouverweekly-local.local/wp-content/uploads/2018/02/big_wreck_fb_08-1500x1000.jpg
66491,"In Good Time, Robert Pattison’s charisma meets a relentless New York midnight",http://vancouverweekly-local.local/in-good-time-robert-pattisons-charisma-meets-a-relentless-new-york-midnight-58140-2/,http://vancouverweekly-local.local/wp-admin/post.php?post=66491&action=edit,publish,2,0,0,image_free,https://web.archive.org/web/20170901121315im_/http://vancouverweekly-local.local/wp-content/uploads/2017/08/Good-Time.jpg
66494,"In Spielberg’s The Post, hindsight and nostalgia reign",http://vancouverweekly-local.local/in-spielbergs-the-post-hindsight-and-nostalgia-reign-59568-2/,http://vancouverweekly-local.local/wp-admin/post.php?post=66494&action=edit,publish,2,0,0,image_free,https://web.archive.org/web/20180115132809im_/http://vancouverweekly-local.local/wp-content/uploads/2018/01/The-Post.jpg
66496,"In Time to Come counters official time capsules with a critical self-portrait of Singapore",http://vancouverweekly-local.local/in-time-to-come-counters-official-time-capsules-with-a-critical-self-portrait-of-singapore-58617-2/,http://vancouverweekly-local.local/wp-admin/post.php?post=66496&action=edit,publish,2,0,0,image_free,https://web.archive.org/web/20171016035715im_/http://vancouverweekly-local.local/wp-content/uploads/2017/10/In-Time-to-Come.jpg
66500,"“Indie Game the Movie”: Highs and Lows of Indie Game Development",http://vancouverweekly-local.local/indie-game-movie-highs-lows-indie-game-development/,http://vancouverweekly-local.local/wp-admin/post.php?post=66500&action=edit,publish,2,0,0,image_free,https://web.archive.org/web/20140101203707im_/http://vancouverweekly-local.local/wp-content/uploads/2013/12/indiegame.jpg
66504,"Inside every human is a story written in genetic code",http://vancouverweekly-local.local/inside-every-human-is-a-story-written-in-genetic-code-68543-2/,http://vancouverweekly-local.local/wp-admin/post.php?post=66504&action=edit,publish,2,0,0,image_free,https://web.archive.org/web/20191207103838im_/http://vancouverweekly-local.local/wp-content/uploads/2019/11/artem-maltsev-sVFcKZDzBDg-unsplash-1.jpg
66508,"Installation of heritage-style lamp posts and suicide prevention fencing on Burrard Bridge",http://vancouverweekly-local.local/installation-of-heritage-style-lamp-posts-and-suicide-prevention-fencing-on-burrard-bridge-56671-2/,http://vancouverweekly-local.local/wp-admin/post.php?post=66508&action=edit,publish,2,0,0,image_free,https://web.archive.org/web/20161112190611im_/http://vancouverweekly-local.local/wp-content/uploads/2016/11/Screen-Shot-2016-11-08-at-12.56.09-PM.png
66510,"INTERVIEW: Band of Rascals hits the road with Tempest",http://vancouverweekly-local.local/interview-band-rascals-hits-road-tempest/,http://vancouverweekly-local.local/wp-admin/post.php?post=66510&action=edit,publish,2,0,1,image_free,https://web.archive.org/web/20171006141750im_/http://vancouverweekly-local.local/wp-content/uploads/2017/10/Colin-Smith-Photography.jpg
66511,"INTERVIEW – Blitzen Trapper’s Eric Earley",http://vancouverweekly-local.local/interview-blitzen-trappers-eric-earley-57678-2/,http://vancouverweekly-local.local/wp-admin/post.php?post=66511&action=edit,publish,2,0,0,image_free,https://web.archive.org/web/20170626025252im_/http://vancouverweekly-local.local/wp-content/uploads/2017/06/blitz.jpg
66514,"INTERVIEW: Indie-pop trio LANY talks tour life",http://vancouverweekly-local.local/interview-indie-pop-trio-lany-talks-tour-life/,http://vancouverweekly-local.local/wp-admin/post.php?post=66514&action=edit,publish,2,0,1,image_free,https://web.archive.org/web/20171111204443im_/http://vancouverweekly-local.local/wp-content/uploads/2017/11/LANY-9611-4-2.jpg
66521,"INTERVIEW: Life on the road suits Spoon",http://vancouverweekly-local.local/interview-life-road-suits-spoon/,http://vancouverweekly-local.local/wp-admin/post.php?post=66521&action=edit,publish,2,0,1,image_free,https://web.archive.org/web/20170905010708im_/http://vancouverweekly-local.local/wp-content/uploads/2017/08/Spoon_by_Zackery_Michael_lo-res.jpg
66525,"INTERVIEW: Reflecting with Creedence Clearwater Revisited",http://vancouverweekly-local.local/interview-reflecting-with-creedence-clearwater-revisited/,http://vancouverweekly-local.local/wp-admin/post.php?post=66525&action=edit,publish,2,0,1,image_free,https://web.archive.org/web/20170814185719im_/http://vancouverweekly-local.local/wp-content/uploads/2017/08/Photo-by-Jeff-Dow.jpg
66526,"INTERVIEW: Silversun Pickups are ‘Feeling Better’ and coming to Vancouver",http://vancouverweekly-local.local/interview-silversun-pickups-feeling-better-coming-vancouver/,http://vancouverweekly-local.local/wp-admin/post.php?post=66526&action=edit,publish,2,0,1,image_free,https://web.archive.org/web/20171024203901im_/http://vancouverweekly-local.local/wp-content/uploads/2017/10/20wattsmag.jpg
66527,"Into The Wild and Thirsty Hearts Of Thorin Loek",http://vancouverweekly-local.local/into-the-wild-and-thirsty-hearts-of-thorin-loek-57066-2/,http://vancouverweekly-local.local/wp-admin/post.php?post=66527&action=edit,publish,2,0,0,image_free,https://web.archive.org/web/20170209021143im_/http://vancouverweekly-local.local/wp-content/uploads/2017/01/DSC01237.jpg
66529,"Introducing Cassidy Waring and her new single “Nostalgia”",http://vancouverweekly-local.local/introducing-cassidy-waring-and-her-new-single-nostalgia/,http://vancouverweekly-local.local/wp-admin/post.php?post=66529&action=edit,publish,2,0,0,image_free,https://web.archive.org/web/20191113045245im_/http://vancouverweekly-local.local/wp-content/uploads/2019/10/71103412_2621216464589580_3679138212036476928_n.jpg
66530,"Introducing Tambino and his debut EP",http://vancouverweekly-local.local/introducing-tambino-and-his-debut-ep/,http://vancouverweekly-local.local/wp-admin/post.php?post=66530&action=edit,publish,2,0,1,image_free,https://web.archive.org/web/20200521130702im_/http://vancouverweekly-local.local/wp-content/uploads/2020/05/tambino_TaylorAntisdel.jpg
66531,"An Introverted Yet Powerful Film: The Innocents",http://vancouverweekly-local.local/introverted-yet-powerful-film-innocents/,http://vancouverweekly-local.local/wp-admin/post.php?post=66531&action=edit,publish,2,0,1,image_free,https://web.archive.org/web/20160802085451im_/http://vancouverweekly-local.local/wp-content/uploads/2016/07/bf604f1a-2899-4378-bb29-59e13835a5b7.jpg
66560,"Is a Continuous Cycle Systemic with Totemic?",http://vancouverweekly-local.local/is-a-continuous-cycle-systemic-with-totemic-56055-2/,http://vancouverweekly-local.local/wp-admin/post.php?post=66560&action=edit,publish,2,0,0,image_free,https://web.archive.org/web/20160828054219im_/http://vancouverweekly-local.local/wp-content/uploads/2016/08/HarvestDJ.jpg
66562,"Is Aesop Rock still fresh at forty?",http://vancouverweekly-local.local/is-aesop-rock-still-fresh-at-forty-56973-2/,http://vancouverweekly-local.local/wp-admin/post.php?post=66562&action=edit,publish,2,0,1,image_free,https://web.archive.org/web/20191114002952im_/http://vancouverweekly-local.local/wp-content/uploads/2016/12/920x1240.jpg
66565,"Is Drizzy Drake The New 6ix04 God?",http://vancouverweekly-local.local/is-drizzy-drake-the-new-6ix04-god-56405-2/,http://vancouverweekly-local.local/wp-admin/post.php?post=66565&action=edit,publish,2,0,0,image_free,https://web.archive.org/web/20190821111747im_/http://vancouverweekly-local.local/wp-content/uploads/2016/09/drake-childs-play-video-houston-640x427.jpg
66566,"It Feels So Different",http://vancouverweekly-local.local/it-feels-so-different/,http://vancouverweekly-local.local/wp-admin/post.php?post=66566&action=edit,publish,2,0,1,image_free,https://web.archive.org/web/20200422152106im_/http://vancouverweekly-local.local/wp-content/uploads/2020/02/DSC_9626-Edit-e1580673624707.jpg
66568,"It may take forty years to make but you can find dessert in a glass",http://vancouverweekly-local.local/it-may-take-forty-years-to-make-but-you-can-find-dessert-in-a-glass-60245-2/,http://vancouverweekly-local.local/wp-admin/post.php?post=66568&action=edit,publish,2,0,1,image_free,https://web.archive.org/web/20180314095748im_/http://vancouverweekly-local.local/wp-content/uploads/2018/03/unnamed-1.jpg
66569,"“Itaewon Class” offers heartfuls of soft tofu soup",http://vancouverweekly-local.local/itaewon-class-offers-heartfuls-of-soft-tofu-soup-70583-2/,http://vancouverweekly-local.local/wp-admin/post.php?post=66569&action=edit,publish,2,0,0,image_free,https://web.archive.org/web/20200422151350im_/http://vancouverweekly-local.local/wp-content/uploads/2020/04/Screen-Shot-2020-04-09-at-10.10.24-AM.png
66766,"Jabberwocky takes an honest look in the mirror and through the looking glass",http://vancouverweekly-local.local/jabberwocky-takes-an-honest-look-in-the-mirror-and-through-the-looking-glass-60000-2/,http://vancouverweekly-local.local/wp-admin/post.php?post=66766&action=edit,publish,2,0,1,image_free,https://web.archive.org/web/20180215025616im_/http://vancouverweekly-local.local/wp-content/uploads/2018/02/Old-Trout-Jabberwocky-Jason-Stang-Photography-_Ma-Pa-Rabbit_-1024x682.jpg
66769,"Jack Johnson gives Vancouver the perfect soundtrack to a summer day",http://vancouverweekly-local.local/jack-johnson-gives-vancouver-the-perfect-soundtrack-to-a-summer-day/,http://vancouverweekly-local.local/wp-admin/post.php?post=66769&action=edit,publish,2,0,1,image_free,https://web.archive.org/web/20170729212920im_/http://vancouverweekly-local.local/wp-content/uploads/2017/07/JACK-JOHNSON_175-e1500892299556.jpg
66775,"James Bay left Vancouver craving more of his electricity",http://vancouverweekly-local.local/james-bay-left-vancouver-craving-more-of-his-electricity-63922-2/,http://vancouverweekly-local.local/wp-admin/post.php?post=66775&action=edit,publish,2,0,1,image_free,https://web.archive.org/web/20190403123827im_/http://vancouverweekly-local.local/wp-content/uploads/2019/04/james-bay-ellen-2018-billboard-1548.jpg
66783,"Janeane Garofalo Rants and Raves",http://vancouverweekly-local.local/janeane-garofalo-rants-and-raves/,http://vancouverweekly-local.local/wp-admin/post.php?post=66783&action=edit,publish,2,0,0,image_free,https://web.archive.org/web/20160305042716im_/http://vancouverweekly-local.local/wp-content/uploads/2016/02/ifyouwill-jg02.jpg
66787,"Japandroids realize dream at homecoming Commodore show",http://vancouverweekly-local.local/japandroids-realize-dream-at-homecoming-commodore-show-57349-2/,http://vancouverweekly-local.local/wp-admin/post.php?post=66787&action=edit,publish,2,0,1,image_free,https://web.archive.org/web/20170420055956im_/http://vancouverweekly-local.local/wp-content/uploads/2017/03/Japandroids_Main2_CamiloChristen.jpg
66789,"Japanese beetlemania may soon be sweeping Vancouver",http://vancouverweekly-local.local/japanese-beetlemania-may-soon-be-sweeping-vancouver-61024-2/,http://vancouverweekly-local.local/wp-admin/post.php?post=66789&action=edit,publish,2,0,1,image_free,https://web.archive.org/web/20180703184024im_/http://vancouverweekly-local.local/wp-content/uploads/2018/06/japanese_beetle.jpg
66792,"Jay Pharoah pulls out his most famous impressions for JFL NorthWest",http://vancouverweekly-local.local/jay-pharoah-pulls-out-his-most-famous-impressions-for-jfl-northwest-60267-2/,http://vancouverweekly-local.local/wp-admin/post.php?post=66792&action=edit,publish,2,0,0,image_free,https://web.archive.org/web/20180317094918im_/http://vancouverweekly-local.local/wp-content/uploads/2018/03/171013-Wilstein-Jay-Pharoah-profile-hero_fwsvi1.jpg
66802,"Jessica Lea Mayfield gives timeless performance at the Cobalt Cabaret",http://vancouverweekly-local.local/jessica-lea-mayfield-gives-timeless-performance-at-the-cobalt-cabaret-59910-2/,http://vancouverweekly-local.local/wp-admin/post.php?post=66802&action=edit,publish,2,0,0,image_free,https://web.archive.org/web/20180206072828im_/http://vancouverweekly-local.local/wp-content/uploads/2018/02/jessica-lea-mayfield-press-photo-by-Ebru-Yildiz-2017-billboard-1548.jpg
66806,"JFL Northwest promises to make Vancouver laugh with stellar 2017 line-up",http://vancouverweekly-local.local/jfl-northwest-promises-to-make-vancouver-laugh-with-stellar-2017-line-up-56869-2/,http://vancouverweekly-local.local/wp-admin/post.php?post=66806&action=edit,publish,2,0,1,image_free,https://web.archive.org/web/20190821023323im_/http://vancouverweekly-local.local/wp-content/uploads/2016/12/Sarah-Silverman.jpg
66809,"Jitters Vibrates with Nerves and Hilarity",http://vancouverweekly-local.local/jitters-vibrates-with-nerves-and-hilarity-59916-2/,http://vancouverweekly-local.local/wp-admin/post.php?post=66809&action=edit,publish,2,0,1,image_free,https://web.archive.org/web/20200815185029im_/http://vancouverweekly-local.local/wp-content/uploads/2018/02/jitters-dress-271.jpg
66815,"Joey Bada$$ leaves the Vogue Devastated",http://vancouverweekly-local.local/joey-bada-leaves-the-vogue-devastated-60647-2/,http://vancouverweekly-local.local/wp-admin/post.php?post=66815&action=edit,publish,2,0,1,image_free,https://web.archive.org/web/20180519144911im_/http://vancouverweekly-local.local/wp-content/uploads/2018/05/32454267_1526564074119533_1676007903753928704_o.jpg
66816,"John Maus’ profound sadness: dark synths and release at the Rickshaw",http://vancouverweekly-local.local/john-maus-profound-sadness-dark-synths-and-release-at-the-rickshaw-62443-2/,http://vancouverweekly-local.local/wp-admin/post.php?post=66816&action=edit,publish,2,0,0,image_free,https://web.archive.org/web/20181208010826im_/http://vancouverweekly-local.local/wp-content/uploads/2018/12/JohnMaus.jpg
66817,"John Mayer gives Vancouver a grateful, fun, guitar-riddled performance",http://vancouverweekly-local.local/john-mayer-gives-vancouver-a-grateful-fun-guitar-riddled-performance-57491-2/,http://vancouverweekly-local.local/wp-admin/post.php?post=66817&action=edit,publish,2,0,1,image_free,https://web.archive.org/web/20170426120559im_/http://vancouverweekly-local.local/wp-content/uploads/2017/04/RLJ_5986-2-e1492828211280.jpg
66819,"Joining in solidarity: Vancouver takes on the Women’s March",http://vancouverweekly-local.local/joining-in-solidarity-vancouver-takes-on-the-womens-march-57025-2/,http://vancouverweekly-local.local/wp-admin/post.php?post=66819&action=edit,publish,2,0,0,image_free,https://web.archive.org/web/20170224043327im_/http://vancouverweekly-local.local/wp-content/uploads/2017/01/Womens-March-logo.jpg
66820,"Joji delivers laughs and captivating tracks to Fortune Sound Club",http://vancouverweekly-local.local/joji-delivers-laughs-and-captivating-tracks-to-fortune-sound-club-63255-2/,http://vancouverweekly-local.local/wp-admin/post.php?post=66820&action=edit,publish,2,0,0,image_free,https://web.archive.org/web/20191114020153im_/http://vancouverweekly-local.local/wp-content/uploads/2019/02/joji.jpg
66832,"Jorja Smith and Kali Uchis are sisters in soul at the PNE Forum",http://vancouverweekly-local.local/jorja-smith-and-kali-uchis-are-sisters-in-soul-at-the-pne-forum-65155-2/,http://vancouverweekly-local.local/wp-admin/post.php?post=66832&action=edit,publish,2,0,0,image_free,https://web.archive.org/web/20190826072245im_/http://vancouverweekly-local.local/wp-content/uploads/2019/05/jorja-kali-bn-1.jpg
66838,"Julia Holter shows sold out Vancouver crowd who’s really in control",http://vancouverweekly-local.local/julia-holter-shows-sold-out-vancouver-crowd-whos-really-in-control/,http://vancouverweekly-local.local/wp-admin/post.php?post=66838&action=edit,publish,2,0,1,image_free,https://web.archive.org/web/20160212030433im_/http://vancouverweekly-local.local/wp-content/uploads/2016/02/12710879_838829359559678_5775597718074369351_o.jpg
66843,"Juliette Lewis Kills But Can She Lick Celebrity Status?",http://vancouverweekly-local.local/juliette-lewis-kills-but-can-she-lick-celebrity-status-56377-2/,http://vancouverweekly-local.local/wp-admin/post.php?post=66843&action=edit,publish,2,0,1,image_free,https://web.archive.org/web/20160927211725im_/http://vancouverweekly-local.local/wp-content/uploads/2016/09/N7O7240.jpg
66866,"Kaytranada Hypnotizes Celebrities",http://vancouverweekly-local.local/kaytranada-hypnotizes-celebrities/,http://vancouverweekly-local.local/wp-admin/post.php?post=66866&action=edit,publish,2,0,0,image_free,https://web.archive.org/web/20180105003534im_/http://vancouverweekly-local.local/wp-content/uploads/2014/10/Kaytrapress2.jpg
66870,"Kendrick Lamar gives roaring bare bones performance in Vancouver",http://vancouverweekly-local.local/kendrick-lamar-gives-roaring-bare-bones-performance-in-vancouver/,http://vancouverweekly-local.local/wp-admin/post.php?post=66870&action=edit,publish,2,0,1,image_free,https://web.archive.org/web/20170814185629im_/http://vancouverweekly-local.local/wp-content/uploads/2017/08/kendrick-lamar-complex.com_.jpg
66876,"Kid Congo & the Pink Monkey Birds play with vigour despite mild Vancouver crowd",http://vancouverweekly-local.local/kid-congo-the-pink-monkey-birds-play-with-vigour-despite-mild-vancouver-crowd-55139-2/,http://vancouverweekly-local.local/wp-admin/post.php?post=66876&action=edit,publish,2,0,1,image_free,https://web.archive.org/web/20180202204953im_/http://vancouverweekly-local.local/wp-content/uploads/2016/05/Screen-Shot-2016-05-09-at-7.30.59-PM.png
66902,"King Charles III Reimagines Royal Family with Shakespearean Flair",http://vancouverweekly-local.local/king-charles-iii-reimagines-royal-family-with-shakespearean-flair-58920-2/,http://vancouverweekly-local.local/wp-admin/post.php?post=66902&action=edit,publish,2,0,1,image_free,https://web.archive.org/web/20171111055049im_/http://vancouverweekly-local.local/wp-content/uploads/2017/10/king-charles-dress-68.jpg
66903,"King Gizzard & the Lizard Wizard give Vancouver a taste of Microtonal Banana",http://vancouverweekly-local.local/king-gizzard-the-lizard-wizard-give-vancouver-a-taste-of-microtonal-banana-57453-2/,http://vancouverweekly-local.local/wp-admin/post.php?post=66903&action=edit,publish,2,0,1,image_free,https://web.archive.org/web/20170426120620im_/http://vancouverweekly-local.local/wp-content/uploads/2017/04/King-Gizzard-David-Lacroix.jpg
66905,"King Khan’s Latest Is an All-Around Gem",http://vancouverweekly-local.local/king-khans-latest-is-an-all-around-gem/,http://vancouverweekly-local.local/wp-admin/post.php?post=66905&action=edit,publish,2,0,0,image_free,https://web.archive.org/web/20190921150429im_/http://vancouverweekly-local.local/wp-content/uploads/2013/11/KingKhan_AlbumArt-800x800.jpg
66910,"Kismet Asks the Big Questions",http://vancouverweekly-local.local/kismet-asks-the-big-questions-69951-2/,http://vancouverweekly-local.local/wp-admin/post.php?post=66910&action=edit,publish,2,0,0,image_free,https://web.archive.org/web/20200520184708im_/http://vancouverweekly-local.local/wp-content/uploads/2020/02/KISMET.png
66914,"Kitty Nights Tribute To The B52’s is a Party Out of Bounds",http://vancouverweekly-local.local/kitty-nights-tribute-to-the-b52s-is-a-party-out-of-bounds/,http://vancouverweekly-local.local/wp-admin/post.php?post=66914&action=edit,publish,2,0,1,image_free,https://web.archive.org/web/20170609135926im_/http://vancouverweekly-local.local/wp-content/uploads/2017/05/B52ss.jpg
66973,"La Luz Keep Summer Vibes Alive at the Electric Owl",http://vancouverweekly-local.local/la-luz-keep-summer-vibes-alive-electric-owl/,http://vancouverweekly-local.local/wp-admin/post.php?post=66973&action=edit,publish,2,0,0,image_free,https://web.archive.org/web/20190821111411im_/http://vancouverweekly-local.local/wp-content/uploads/2014/09/LaLuz1.jpg
66975,"La Roux Leads Technicolour Dance Party at the Commodore",http://vancouverweekly-local.local/la-roux-leads-technicolour-dance-party-commodore/,http://vancouverweekly-local.local/wp-admin/post.php?post=66975&action=edit,publish,2,0,0,image_free,https://web.archive.org/web/20180526001910im_/http://vancouverweekly-local.local/wp-content/uploads/2014/09/la_roux11_website_image_andrewwhittongallery_wxga.jpg
66978,"Lady Bird is an inventive mixture of the comfortable and uncomfortable parts of growing up",http://vancouverweekly-local.local/lady-bird-is-an-inventive-mixture-of-the-comfortable-and-uncomfortable-parts-of-growing-up-59155-2/,http://vancouverweekly-local.local/wp-admin/post.php?post=66978&action=edit,publish,2,0,0,image_free,https://web.archive.org/web/20171201062959im_/http://vancouverweekly-local.local/wp-content/uploads/2017/11/Lady-Bird.jpg
66979,"Lady Gaga brings it all home, and then some…",http://vancouverweekly-local.local/lady-gaga-brings-it-all-home-and-then-some/,http://vancouverweekly-local.local/wp-admin/post.php?post=66979&action=edit,publish,2,0,1,image_free,https://web.archive.org/web/20170806085541im_/http://vancouverweekly-local.local/wp-content/uploads/2017/08/Lady-Gaga.jpg
66981,"Lady Gaga’s ‘Chromatica’ is extravagant and personal",http://vancouverweekly-local.local/lady-gagas-chromatica-is-extravagant-and-personal/,http://vancouverweekly-local.local/wp-admin/post.php?post=66981&action=edit,publish,2,0,0,image_free,https://web.archive.org/web/20200723153245im_/http://vancouverweekly-local.local/wp-content/uploads/2020/06/Albumism_LadyGaga_MainImage1.jpg
66986,"Lamb of God gives back in the face of death",http://vancouverweekly-local.local/lamb-of-god-gives-back-in-the-face-of-death/,http://vancouverweekly-local.local/wp-admin/post.php?post=66986&action=edit,publish,2,0,1,image_free,https://web.archive.org/web/20171008181632im_/http://vancouverweekly-local.local/wp-content/uploads/2016/11/LambOfGod-2015-2.jpg
66987,"Last Flag Flying tries to lend some sentimental dignity to the scattered veterans of American wars",http://vancouverweekly-local.local/last-flag-flying-tries-to-lend-some-sentimental-dignity-to-the-scattered-veterans-of-american-wars-59240-2/,http://vancouverweekly-local.local/wp-admin/post.php?post=66987&action=edit,publish,2,0,0,image_free,https://web.archive.org/web/20171207124315im_/http://vancouverweekly-local.local/wp-content/uploads/2017/11/Last-Flag-Flying.jpg
66989,"Laughing in the Face of Depravity, The Society for the Destitute Presents Titus Bouffonius",http://vancouverweekly-local.local/laughing-in-the-face-of-depravity-the-society-for-the-destitute-presents-titus-bouffonius-59216-2/,http://vancouverweekly-local.local/wp-admin/post.php?post=66989&action=edit,publish,2,0,0,image_free,https://web.archive.org/web/20171201191752im_/http://vancouverweekly-local.local/wp-content/uploads/2017/11/maxresdefault.jpg
66991,"Lauryn Hill proves her lasting relevance at election night performance",http://vancouverweekly-local.local/lauryn-hill-proves-her-lasting-relevance-at-election-night-performance-56708-2/,http://vancouverweekly-local.local/wp-admin/post.php?post=66991&action=edit,publish,2,0,0,image_free,https://web.archive.org/web/20161112130602im_/http://vancouverweekly-local.local/wp-content/uploads/2016/11/lauryn-hill-billboard-650_0.jpg
66994,"Leaving Eden Proves a Challenge For Holly Montgomery",http://vancouverweekly-local.local/leaving-eden-proves-a-challenge-for-holly-montgomery-56135-2/,http://vancouverweekly-local.local/wp-admin/post.php?post=66994&action=edit,publish,2,0,0,image_free,https://web.archive.org/web/20160824082144im_/http://vancouverweekly-local.local/wp-content/uploads/2016/08/unspecified-1-1.jpg
67001,"Legendary Neil Diamond shines brightly in Vancouver",http://vancouverweekly-local.local/legendary-neil-diamond-shines-brightly-in-vancouver-57951-2/,http://vancouverweekly-local.local/wp-admin/post.php?post=67001&action=edit,publish,2,0,1,image_free,https://web.archive.org/web/20170729212924im_/http://vancouverweekly-local.local/wp-content/uploads/2017/07/NIEL-DIAMOND@ROGERS-JULY24-2017-_137.jpg
67003,"Les Filles Du Roi Tells a Powerful Story of Canada’s History",http://vancouverweekly-local.local/les-filles-du-roi-tells-a-powerful-story-of-canadas-history-60677-2/,http://vancouverweekly-local.local/wp-admin/post.php?post=67003&action=edit,publish,2,0,0,image_free,https://web.archive.org/web/20180607171015im_/http://vancouverweekly-local.local/wp-content/uploads/2018/05/Les-Filles-1-photo-by-Tim-Matheson.jpg
67005,"Lessons on Startup Success: Get Comfortable with Being Uncomfortable",http://vancouverweekly-local.local/lessons-on-startup-success-get-comfortable-with-being-uncomfortable-56020-2/,http://vancouverweekly-local.local/wp-admin/post.php?post=67005&action=edit,publish,2,0,1,image_free,https://web.archive.org/web/20160828053838im_/http://vancouverweekly-local.local/wp-content/uploads/2016/08/1-YcuVXmN_VudzrTDhwg_1yA.png
67018,"Levitation Vancouver: not quite ripe but well on its way",http://vancouverweekly-local.local/levitation-vancouver-not-quite-ripe-but-well-on-its-way/,http://vancouverweekly-local.local/wp-admin/post.php?post=67018&action=edit,publish,2,0,0,image_free,https://web.archive.org/web/20151025102619im_/http://vancouverweekly-local.local/wp-content/uploads/2015/06/kt-rs.jpg
67019,"Levitation’s Rickshaw launch sure to be festival’s heaviest event",http://vancouverweekly-local.local/levitations-rickshaw-launch-sure-to-be-festivals-heaviest-event-55707-2/,http://vancouverweekly-local.local/wp-admin/post.php?post=67019&action=edit,publish,2,0,1,image_free,https://web.archive.org/web/20190821002413im_/http://vancouverweekly-local.local/wp-content/uploads/2016/06/1889082_859908364091367_5889840840782312327_o.jpg
67040,"Like Magic, These Boys Have Found Lightnin’ in a Bottle",http://vancouverweekly-local.local/like-magic-these-boys-have-found-lightnin-in-a-bottle-55819-2/,http://vancouverweekly-local.local/wp-admin/post.php?post=67040&action=edit,publish,2,0,0,image_free,https://web.archive.org/web/20160708133115im_/http://vancouverweekly-local.local/wp-content/uploads/2016/06/2016-04-19-1461087855-1753524-unspecified.jpg
67043,"Lions already looking at the standings ahead of Roughriders’ visit",http://vancouverweekly-local.local/lions-already-looking-at-the-standings-ahead-of-roughriders-visit/,http://vancouverweekly-local.local/wp-admin/post.php?post=67043&action=edit,publish,2,0,1,image_free,https://web.archive.org/web/20171008135608im_/http://vancouverweekly-local.local/wp-content/uploads/2015/07/ajw102283867_high.jpg
67044,"Lions come back from 11 points down late to stun Roughriders 35-32 in overtime",http://vancouverweekly-local.local/lions-come-back-from-11-points-down-late-to-stun-roughriders-35-32-in-overtime/,http://vancouverweekly-local.local/wp-admin/post.php?post=67044&action=edit,publish,2,0,1,image_free,https://web.archive.org/web/20190826090644im_/http://vancouverweekly-local.local/wp-content/uploads/2015/07/VCRD238285366_high.jpg
67048,"Little Dickens, Big Laughs",http://vancouverweekly-local.local/little-dickens-big-laughs-62499-2/,http://vancouverweekly-local.local/wp-admin/post.php?post=67048&action=edit,publish,2,0,0,image_free,https://web.archive.org/web/20181218070201im_/http://vancouverweekly-local.local/wp-content/uploads/2018/12/Esme-Massengill-16411_RGB-1024x679.jpg
67050,"Live Stream of The Railtown Sessions with Rob Butterfield",http://vancouverweekly-local.local/live-stream-of-the-railtown-sessions-with-rob-butterfield-56104-2/,http://vancouverweekly-local.local/wp-admin/post.php?post=67050&action=edit,publish,2,0,0,image_free,https://web.archive.org/web/20160828055150im_/http://vancouverweekly-local.local/wp-content/uploads/2016/08/Screen-Shot-2016-08-12-at-1.43.36-PM.png
67051,"Lizzo spreads body positivity and love at her unifying Vancouver debut",http://vancouverweekly-local.local/lizzo-spreads-body-positivity-love-unifying-vancouver-debut/,http://vancouverweekly-local.local/wp-admin/post.php?post=67051&action=edit,publish,2,0,1,image_free,https://web.archive.org/web/20200807182446im_/http://vancouverweekly-local.local/wp-content/uploads/2017/01/lizzo-bn.jpg
67053,"Local electronic duo recognized for bringing the funk to Canadians",http://vancouverweekly-local.local/local-electronic-duo-recognized-for-bringing-the-funk-to-canadians/,http://vancouverweekly-local.local/wp-admin/post.php?post=67053&action=edit,publish,2,0,0,image_free,https://web.archive.org/web/20201214190132im_/http://vancouverweekly-local.local/wp-content/uploads/2020/12/TFHPic1_Credit-RobCampbell.jpg
67059,"New Vancouver startup brings together flowers, people, and the best plant-based pastries at Olive + Ruby this Valentine’s Day",http://vancouverweekly-local.local/look-whats-blooming-in-vancouver-new-vancouver-startup-brings-together-flowers-people-and-the-best-plant-based-pastries-at-olive-ruby-on-valentines-day-63589-2/,http://vancouverweekly-local.local/wp-admin/post.php?post=67059&action=edit,publish,2,0,1,image_free,https://web.archive.org/web/20200918094203im_/http://vancouverweekly-local.local/wp-content/uploads/2020/02/AfterlightImage-2.jpeg
67071,"The Lovers Cabaret Presents: Mistresses – The Encore",http://vancouverweekly-local.local/lovers-cabaret-presents-mistresses-encore/,http://vancouverweekly-local.local/wp-admin/post.php?post=67071&action=edit,publish,2,0,1,image_free,https://web.archive.org/web/20180526001224im_/http://vancouverweekly-local.local/wp-content/uploads/2014/09/10615985_830067587037313_2865680465140298366_n.jpg
67073,"Low & Mono make high double bill",http://vancouverweekly-local.local/low-mono-make-high-double-bill/,http://vancouverweekly-local.local/wp-admin/post.php?post=67073&action=edit,publish,2,0,0,image_free,https://web.archive.org/web/20171007213802im_/http://vancouverweekly-local.local/wp-content/uploads/2017/06/subpop.jpg
67082,"M. Ward puts on a classically beautiful show at The Imperial",http://vancouverweekly-local.local/m-ward-puts-on-a-classically-beautiful-show-at-the-imperial-60970-2/,http://vancouverweekly-local.local/wp-admin/post.php?post=67082&action=edit,publish,2,0,0,image_free,https://web.archive.org/web/20180626031545im_/http://vancouverweekly-local.local/wp-content/uploads/2018/06/m_ward.jpg
67087,"Mac DeMarco turns Vogue Theatre into a madhouse",http://vancouverweekly-local.local/mac-demarco-turns-vogue-theatre-into-a-madhouse58247-2/,http://vancouverweekly-local.local/wp-admin/post.php?post=67087&action=edit,publish,2,0,1,image_free,https://web.archive.org/web/20170924203630im_/http://vancouverweekly-local.local/wp-content/uploads/2017/09/Mac-Demarco-bn.jpg
67093,"Madchild underwhelming in homecoming",http://vancouverweekly-local.local/madchild-underwhelming-homecoming/,http://vancouverweekly-local.local/wp-admin/post.php?post=67093&action=edit,publish,2,0,1,image_free,https://web.archive.org/web/20180526001849im_/http://vancouverweekly-local.local/wp-content/uploads/2015/01/10931232_662423667200249_8890550399500024377_n.jpg
67096,"Maggie’s Plan: Parenthood and Love Triangles",http://vancouverweekly-local.local/maggies-plan-parenthood-and-love-triangles-55617-2/,http://vancouverweekly-local.local/wp-admin/post.php?post=67096&action=edit,publish,2,0,0,image_free,https://web.archive.org/web/20160708192712im_/http://vancouverweekly-local.local/wp-content/uploads/2016/06/maggiesplan.jpg
67101,"Margaret Cho takes on Vancouver for JFL Northwest",http://vancouverweekly-local.local/margaret-cho-takes-on-vancouver-for-jfl-northwest-53113-2/,http://vancouverweekly-local.local/wp-admin/post.php?post=67101&action=edit,publish,2,0,1,image_free,https://web.archive.org/web/20160305173122im_/http://vancouverweekly-local.local/wp-content/uploads/2016/02/22964262333_abc3b6fb12_b.jpg
67103,"Marianas Trench carve out a place for pop punk in 2019",http://vancouverweekly-local.local/marianas-trench-carve-out-a-place-for-pop-punk-in-2019-63891-2/,http://vancouverweekly-local.local/wp-admin/post.php?post=67103&action=edit,publish,2,0,1,image_free,https://web.archive.org/web/20190402233503im_/http://vancouverweekly-local.local/wp-content/uploads/2019/03/Josh-Ramsay-Marianas-Trench.jpg
67109,"MARINA closes out tour with birthday show at Orpheum",http://vancouverweekly-local.local/marina-closes-out-tour-with-birthday-show-at-orpheum/,http://vancouverweekly-local.local/wp-admin/post.php?post=67109&action=edit,publish,2,0,0,image_free,https://web.archive.org/web/20191113045854im_/http://vancouverweekly-local.local/wp-content/uploads/2019/10/Marina-Diamandis.jpg
67125,"Matt and Kim: the crowd brings it",http://vancouverweekly-local.local/matt-and-kim-the-crowd-brings-it/,http://vancouverweekly-local.local/wp-admin/post.php?post=67125&action=edit,publish,2,0,1,image_free,https://web.archive.org/web/20190821120614im_/http://vancouverweekly-local.local/wp-content/uploads/2015/08/MattandKim_Credit-Matt-Miller_Hi-Res1-1024x848.jpg
67126,"Matt Andersen releases track ‘Let’s Get Back’ in anticipation of new record Honest Man",http://vancouverweekly-local.local/matt-andersen-releases-track-lets-get-back-in-anticipation-of-new-record-honest-man-50440/,http://vancouverweekly-local.local/wp-admin/post.php?post=67126&action=edit,publish,2,0,0,image_free,https://web.archive.org/web/20190719090349im_/http://vancouverweekly-local.local/wp-content/uploads/2019/07/VFMF-2019-Big-Box-300X250.jpg
67129,"Matthew Good delivers A+ performance at first of three sold out Vancouver shows",http://vancouverweekly-local.local/matthew-good-delivers-a-performance-at-first-of-three-sold-out-vancouver-shows-57251-2/,http://vancouverweekly-local.local/wp-admin/post.php?post=67129&action=edit,publish,2,0,1,image_free,https://web.archive.org/web/20191121120719im_/http://vancouverweekly-local.local/wp-content/uploads/2017/02/matthew-good-review.jpg
67131,"Matthew Good’s ‘Chaotic Neutral’ an album built on trust",http://vancouverweekly-local.local/matthew-goods-chaotic-neutral-an-album-built-on-trust-2/,http://vancouverweekly-local.local/wp-admin/post.php?post=67131&action=edit,publish,2,0,0,image_free,https://web.archive.org/web/20151109123105im_/http://vancouverweekly-local.local/wp-content/uploads/2015/11/MATT-GOOD-7898_501-1024x683.jpg
67135,"Mayor’s Arts Awards honour outstanding members of Vancouver’s arts community",http://vancouverweekly-local.local/mayors-arts-awards-honour-outstanding-members-of-vancouvers-arts-community-56440-2/,http://vancouverweekly-local.local/wp-admin/post.php?post=67135&action=edit,publish,2,0,0,image_free,https://web.archive.org/web/20161112122950im_/http://vancouverweekly-local.local/wp-content/uploads/2016/09/o-GREGOR-ROBERTSON-facebook.jpg
67147,"Meditating on Murphy Beds",http://vancouverweekly-local.local/meditating-on-murphy-beds-60394-2/,http://vancouverweekly-local.local/wp-admin/post.php?post=67147&action=edit,publish,2,0,1,image_free,https://web.archive.org/web/20180403103040im_/http://vancouverweekly-local.local/wp-content/uploads/2018/03/MURPHY-BED.jpg
67154,"Menashe pulls at the heart with raw emotion",http://vancouverweekly-local.local/menashe-pulls-at-the-heart-with-raw-emotion-57976-2/,http://vancouverweekly-local.local/wp-admin/post.php?post=67154&action=edit,publish,2,0,0,image_free,https://web.archive.org/web/20170809234143im_/http://vancouverweekly-local.local/wp-content/uploads/2017/08/Menashe.jpg
67155,"Merchant’s Workshop Mushroom Risotto",http://vancouverweekly-local.local/merchants-workshop-mushroom-risotto-59534-2/,http://vancouverweekly-local.local/wp-admin/post.php?post=67155&action=edit,publish,2,0,1,image_free,https://web.archive.org/web/20180107225321im_/http://vancouverweekly-local.local/wp-content/uploads/2018/01/IMG_0616.jpg
67157,"Metro Vancouver residents say No to tax to fund transportation projects",http://vancouverweekly-local.local/metro-vancouver-residents-say-no-to-tax-to-fund-transportation-projects/,http://vancouverweekly-local.local/wp-admin/post.php?post=67157&action=edit,publish,2,0,1,image_free,https://web.archive.org/web/20190921171716im_/http://vancouverweekly-local.local/wp-content/uploads/2015/07/1024px-TransLink-V7217.jpg
67161,"Michael Che The Good-Natured Scoundrel",http://vancouverweekly-local.local/michael-che-the-good-natured-scoundrel-53697-2/,http://vancouverweekly-local.local/wp-admin/post.php?post=67161&action=edit,publish,2,0,0,image_free,https://web.archive.org/web/20160320111832im_/http://vancouverweekly-local.local/wp-content/uploads/2016/03/140228_2752899_Michael_Che_Stand_Up.jpg
67163,"Michael Franti & Spearhead bring a message of hope to Vancouver",http://vancouverweekly-local.local/michael-franti-spearhead-bring-a-message-of-hope-to-vancouver/,http://vancouverweekly-local.local/wp-admin/post.php?post=67163&action=edit,publish,2,0,1,image_free,https://web.archive.org/web/20190619023519im_/http://vancouverweekly-local.local/wp-content/uploads/2018/08/BET-michael_franti_and_spearhead-1100x1647.jpg
67166,"Michael Van & The Movers Make Way For A Little More Country",http://vancouverweekly-local.local/michael-van-the-movers-make-way-for-a-little-more-country-57012-2/,http://vancouverweekly-local.local/wp-admin/post.php?post=67166&action=edit,publish,2,0,0,image_free,https://web.archive.org/web/20170515093407im_/http://vancouverweekly-local.local/wp-content/uploads/2017/01/CountryCoverInsRight_02c.jpg
67171,"Miguel Gomes adapts Portugese politics with one foot inside, one outside the Arabian Nights",http://vancouverweekly-local.local/miguel-gomes-adapts-portugese-politics-with-one-foot-inside-one-outside-the-arabian-nights/,http://vancouverweekly-local.local/wp-admin/post.php?post=67171&action=edit,publish,2,0,0,image_free,https://web.archive.org/web/20180710005150im_/http://vancouverweekly-local.local/wp-content/uploads/2015/09/Arabian-Nights-Volume-One.jpg
67178,"Miley Cyrus sounds clarion call against controversial B.C. wolf kill",http://vancouverweekly-local.local/miley-cyrus-sounds-clarion-call-against-controversial-b-c-wolf-kill/,http://vancouverweekly-local.local/wp-admin/post.php?post=67178&action=edit,publish,2,0,0,image_free,https://web.archive.org/web/20190722142335im_/http://vancouverweekly-local.local/wp-content/uploads/2019/07/VFMF-2019-Big-Box-300X250.jpg
67181,"Minister Joly talks Creative Canada, Netflix partnership, pathways to arts funding at VIFF",http://vancouverweekly-local.local/minister-joly-talks-creative-canada-netflix-partnership-pathways-to-arts-funding-at-viff-58637-2/,http://vancouverweekly-local.local/wp-admin/post.php?post=67181&action=edit,publish,2,0,0,image_free,https://web.archive.org/web/20171011053834im_/http://vancouverweekly-local.local/wp-content/uploads/2017/10/Joly.png
67190,"Miss Quincy: rock n’ roll bush cook, blogger, pop-up restauranteer",http://vancouverweekly-local.local/miss-quincy-rock-n-roll-bush-cook-blogger-pop-restauranteer/,http://vancouverweekly-local.local/wp-admin/post.php?post=67190&action=edit,publish,2,0,0,image_free,https://web.archive.org/web/20151106090802im_/http://vancouverweekly-local.local/wp-content/uploads/2015/02/missquincy2.jpg
67197,"Mixing Minimalism with Risk in As I Lay Dying",http://vancouverweekly-local.local/mixing-minimalism-with-risk-in-as-i-lay-dying-57097-2/,http://vancouverweekly-local.local/wp-admin/post.php?post=67197&action=edit,publish,2,0,0,image_free,https://web.archive.org/web/20180326031541im_/http://vancouverweekly-local.local/wp-content/uploads/2017/01/As-I-Lay-Dying_credit-Katherine-Fleitas-e1478214946119-1200x590.jpg
67204,"Mom saves the day for Blind Pilot show at The Imperial",http://vancouverweekly-local.local/mom-saves-the-day-for-blind-pilot-show-at-the-imperial-61258-2/,http://vancouverweekly-local.local/wp-admin/post.php?post=67204&action=edit,publish,2,0,0,image_free,https://web.archive.org/web/20180725141611im_/http://vancouverweekly-local.local/wp-content/uploads/2018/07/blind-pilot-313695-1.jpg
67209,"Mother Mother battles nostalgia at 10-year celebration of classic album",http://vancouverweekly-local.local/mother-mother-battles-nostalgia-at-10-year-celebration-of-classic-album-60790-2/,http://vancouverweekly-local.local/wp-admin/post.php?post=67209&action=edit,publish,2,0,1,image_free,https://web.archive.org/web/20180607051026im_/http://vancouverweekly-local.local/wp-content/uploads/2018/06/IMG_6098.jpg
67211,"Mother Mother burns hotter than the sun at the Commodore",http://vancouverweekly-local.local/mother-mother-burns-hotter-than-the-sun-at-the-commodore-57392-2/,http://vancouverweekly-local.local/wp-admin/post.php?post=67211&action=edit,publish,2,0,1,image_free,https://web.archive.org/web/20191018163857im_/http://vancouverweekly-local.local/wp-content/uploads/2017/03/mother.jpg
67216,Motormouths,http://vancouverweekly-local.local/motormouths-60023-2/,http://vancouverweekly-local.local/wp-admin/post.php?post=67216&action=edit,publish,2,0,1,image_free,https://web.archive.org/web/20180215223839im_/http://vancouverweekly-local.local/wp-content/uploads/2018/02/motormouth.jpg
67218,"MOV presents New Exhibition ‘Vancouver in the Seventies: Photos from a Decade that Changed the City’",http://vancouverweekly-local.local/mov-presents-new-exhibition-vancouver-in-the-seventies-photos-from-a-decade-that-changed-the-city-56295-2/,http://vancouverweekly-local.local/wp-admin/post.php?post=67218&action=edit,publish,2,0,1,image_free,https://web.archive.org/web/20190618185420im_/http://vancouverweekly-local.local/wp-content/uploads/2016/09/70-3287-16.png
67221,"Mr. Peabody and Sherman: Where Absurdity Rules",http://vancouverweekly-local.local/mr-peabody-and-sherman-where-absurdity-rules/,http://vancouverweekly-local.local/wp-admin/post.php?post=67221&action=edit,publish,2,0,0,image_free,https://web.archive.org/web/20151023094732im_/http://vancouverweekly-local.local/wp-content/uploads/2014/03/mr-peabody-sherman-MPS_sq1300_s7_f278_4k_final_w2_0-2_rgb.jpg
67246,"New affordable homes and integrated health centre to be built in the Downtown Eastside",http://vancouverweekly-local.local/new-affordable-homes-and-integrated-health-centre-to-be-built-in-the-downtown-eastside-56524-2/,http://vancouverweekly-local.local/wp-admin/post.php?post=67246&action=edit,publish,2,0,0,image_free,https://web.archive.org/web/20170204130033im_/http://vancouverweekly-local.local/wp-content/uploads/2016/10/Screen-Shot-2016-10-06-at-4.06.25-PM.png
67252,"New Shawn Mrazek Lives! Single + KFB XMAS 7",http://vancouverweekly-local.local/new-shawn-mrazek-lives-single-kfb-xmas-7/,http://vancouverweekly-local.local/wp-admin/post.php?post=67252&action=edit,publish,2,0,0,image_free,https://web.archive.org/web/20190821032638im_/http://vancouverweekly-local.local/wp-content/uploads/2014/12/a0997614829_2-300x300.jpg
67265,"Nick Carter et al. rock it to the moon",http://vancouverweekly-local.local/nick-carter-et-al-rock-it-to-the-moon-56833-2/,http://vancouverweekly-local.local/wp-admin/post.php?post=67265&action=edit,publish,2,0,1,image_free,https://web.archive.org/web/20190618175829im_/http://vancouverweekly-local.local/wp-content/uploads/2016/11/15167470_1037156476393631_4437583939516413505_o.jpg
67268,"Nick Murphy (Chet Faker) hypnotizes fans at The Vogue Theatre",http://vancouverweekly-local.local/nick-murphy-chet-faker-hypnotizes-fans-at-the-vogue-theatre/,http://vancouverweekly-local.local/wp-admin/post.php?post=67268&action=edit,publish,2,0,1,image_free,https://web.archive.org/web/20171016035626im_/http://vancouverweekly-local.local/wp-content/uploads/2017/10/pitchfork.jpg
67273,"Aimee Mann and Ted Leo Bring Collaborative Project the Both to Vancouver",http://vancouverweekly-local.local/night-laughter-sarcasm-oh-music/,http://vancouverweekly-local.local/wp-admin/post.php?post=67273&action=edit,publish,2,0,0,image_free,https://web.archive.org/web/20160828055800im_/http://vancouverweekly-local.local/wp-content/uploads/2014/09/both.png
67280,"Ian Vanek and the Art of Motorcycle Maintenance",http://vancouverweekly-local.local/no-expectations-japanthers-ian-vanek-makes-solo-full-length-debut/,http://vancouverweekly-local.local/wp-admin/post.php?post=67280&action=edit,publish,2,0,0,image_free,https://web.archive.org/web/20150206052837im_/http://vancouverweekly-local.local/wp-content/uploads/2015/01/Howardian.jpg
67282,"No lateral movements: Jarrett Samson on Tough Age’s evolution",http://vancouverweekly-local.local/no-lateral-movements-jarrett-samson-on-tough-ages-evolution-57329-2/,http://vancouverweekly-local.local/wp-admin/post.php?post=67282&action=edit,publish,2,0,0,image_free,https://web.archive.org/web/20191205224930im_/http://vancouverweekly-local.local/wp-content/uploads/2017/03/unnamed-1.jpg
67283,"No Overdoses, Dancing Dads Highlight Successful Folk Fest",http://vancouverweekly-local.local/no-overdoses-dancing-dads-highlight-successful-folk-fest-55956-2/,http://vancouverweekly-local.local/wp-admin/post.php?post=67283&action=edit,publish,2,0,1,image_free,https://web.archive.org/web/20160720181119im_/http://vancouverweekly-local.local/wp-content/uploads/2016/07/IMG_6054.jpg
67287,"No Vacation Plans: Vancouver Whitecaps ready for packed summer schedule",http://vancouverweekly-local.local/no-vacation-plans-vancouver-whitecaps-ready-for-packed-summer-schedule/,http://vancouverweekly-local.local/wp-admin/post.php?post=67287&action=edit,publish,2,0,1,image_free,https://web.archive.org/web/20201021101155im_/http://vancouverweekly-local.local/wp-content/uploads/2015/07/08887612284586_high.jpg
67297,"Nothing is too racy for the mischievous Jim Norton",http://vancouverweekly-local.local/nothing-is-too-racy-for-the-mischievous-jim-norton-60214-2/,http://vancouverweekly-local.local/wp-admin/post.php?post=67297&action=edit,publish,2,0,0,image_free,https://web.archive.org/web/20180314095807im_/http://vancouverweekly-local.local/wp-content/uploads/2018/03/JFL-NorthWest-2018_Jim-Norton.jpg
67301,"O Christmas Tea is Bursting at The Seams",http://vancouverweekly-local.local/o-christmas-tea-is-bursting-at-the-seams-59347-2/,http://vancouverweekly-local.local/wp-admin/post.php?post=67301&action=edit,publish,2,0,1,image_free,https://web.archive.org/web/20171212115408im_/http://vancouverweekly-local.local/wp-content/uploads/2017/12/Jamesy-leaping.jpg
67305,"Odysseo by Cavalia Inspires Vancouver",http://vancouverweekly-local.local/odysseo-by-cavalia-inspires-vancouver/,http://vancouverweekly-local.local/wp-admin/post.php?post=67305&action=edit,publish,2,0,0,image_free,https://web.archive.org/web/20140101081410im_/http://vancouverweekly-local.local/wp-content/uploads/2013/12/22_0.jpg
67309,"Old Man Canyon lifts the blinders on rhetoric with A Grand Facade",http://vancouverweekly-local.local/old-man-canyon-lifts-the-blinders-on-rhetoric-with-a-grand-facade-62351-2/,http://vancouverweekly-local.local/wp-admin/post.php?post=67309&action=edit,publish,2,0,1,image_free,https://web.archive.org/web/20181126161514im_/http://vancouverweekly-local.local/wp-content/uploads/2018/11/Old-Man-Canyon-3-Cody-Briggs.jpg
67311,"On the value of Ambivalence",http://vancouverweekly-local.local/on-the-value-of-ambivalence-60373-2/,http://vancouverweekly-local.local/wp-admin/post.php?post=67311&action=edit,publish,2,0,1,image_free,https://web.archive.org/web/20180330030600im_/http://vancouverweekly-local.local/wp-content/uploads/2018/03/Ambivilent.jpg
67318,"The One Juan Wauters Live at the Fox",http://vancouverweekly-local.local/one-juan-wauters-live-fox/,http://vancouverweekly-local.local/wp-admin/post.php?post=67318&action=edit,publish,2,0,1,image_free,https://web.archive.org/web/20190820092828im_/http://vancouverweekly-local.local/wp-content/uploads/2014/05/CarmelleSafdie7.jpg
67320,"One More For Gord: Fundraiser",http://vancouverweekly-local.local/one-more-for-gord-fundraiser-56457-2/,http://vancouverweekly-local.local/wp-admin/post.php?post=67320&action=edit,publish,2,0,0,image_free,https://web.archive.org/web/20191022132651im_/http://vancouverweekly-local.local/wp-content/uploads/2016/09/14359125_10154372102990516_4061564476312637922_n.jpg
67338,"Orpheum audience gets a country/rock hybrid performance from Aerosmith frontman",http://vancouverweekly-local.local/orpheum-audience-gets-a-countryrock-hybrid-performance-from-aerosmith-frontman-55894-2/,http://vancouverweekly-local.local/wp-admin/post.php?post=67338&action=edit,publish,2,0,0,image_free,https://web.archive.org/web/20160718084232im_/http://vancouverweekly-local.local/wp-content/uploads/2016/07/steven-tyler-press-photo-2016.jpg
67342,"Ought: Did We Get What We Wanted?",http://vancouverweekly-local.local/ought-media-club-did-we-get-what-we-wanted/,http://vancouverweekly-local.local/wp-admin/post.php?post=67342&action=edit,publish,2,0,0,image_free,https://web.archive.org/web/20160424000210im_/http://vancouverweekly-local.local/wp-content/uploads/2014/10/Ought_Sunday.jpg
67415,"Park Board opens city’s newest park and asks residents to help name it",http://vancouverweekly-local.local/park-board-opens-citys-newest-park-and-asks-residents-to-help-name-it-56533-2/,http://vancouverweekly-local.local/wp-admin/post.php?post=67415&action=edit,publish,2,0,0,image_free,https://web.archive.org/web/20161112123246im_/http://vancouverweekly-local.local/wp-content/uploads/2016/10/Screen-Shot-2016-10-07-at-11.30.57-AM.png
67417,"Park Board takes steps towards second seniors’ centre in southeast Vancouver",http://vancouverweekly-local.local/park-board-takes-steps-towards-second-seniors-centre-in-southeast-vancouver-56386-2/,http://vancouverweekly-local.local/wp-admin/post.php?post=67417&action=edit,publish,2,0,0,image_free,https://web.archive.org/web/20170204062215im_/http://vancouverweekly-local.local/wp-content/uploads/2016/09/photo-1473381774514-35f53cac4302.jpg
67429,"Passenger takes Vancouver on a lively and touching musical journey",http://vancouverweekly-local.local/passenger-takes-vancouver-on-a-lively-and-touching-musical-journey-62116-2/,http://vancouverweekly-local.local/wp-admin/post.php?post=67429&action=edit,publish,2,0,1,image_free,https://web.archive.org/web/20190821025553im_/http://vancouverweekly-local.local/wp-content/uploads/2018/11/passenger_press-2012-650.jpg
67436,"“Pathways” delivers evocative performance with questionable intensity",http://vancouverweekly-local.local/pathways-delivers-evocative-performance-with-questionable-intensity-63839-2/,http://vancouverweekly-local.local/wp-admin/post.php?post=67436&action=edit,publish,2,0,0,image_free,https://web.archive.org/web/20190403002049im_/http://vancouverweekly-local.local/wp-content/uploads/2019/03/DSC_12781-1-e1552348536706.jpg
67440,"Paul McCartney gives Vancouver fans more hits than they can handle",http://vancouverweekly-local.local/paul-mccartney-gives-vancouver-fans-more-hits-than-they-can-handle-54811-2/,http://vancouverweekly-local.local/wp-admin/post.php?post=67440&action=edit,publish,2,0,1,image_free,https://web.archive.org/web/20160503181644im_/http://vancouverweekly-local.local/wp-content/uploads/2016/04/55385-show-65472.jpg
67446,"Peacocks in Surrey accused of fowl play",http://vancouverweekly-local.local/peacocks-in-surrey-accused-of-fowl-play-61245-2/,http://vancouverweekly-local.local/wp-admin/post.php?post=67446&action=edit,publish,2,0,0,image_free,https://web.archive.org/web/20180725141357im_/http://vancouverweekly-local.local/wp-content/uploads/2018/07/Peacock_-no-attribution-required.jpeg
67448,"Pemberton Fest Day Four: Dizzying Mystery Exclusion, A Creator,  and Plenty of Jam Left in Seattle Legends",http://vancouverweekly-local.local/pemberton-fest-day-four-dizzying-mystery-exclusion-a-creator-and-plenty-of-jam-left-in-seattle-legends-55961-2/,http://vancouverweekly-local.local/wp-admin/post.php?post=67448&action=edit,publish,2,0,1,image_free,https://web.archive.org/web/20160801170514im_/http://vancouverweekly-local.local/wp-content/uploads/2016/07/Screen-Shot-2016-07-19-at-10.34.56-AM.png
67449,"Pemberton Fest Day Three Willed to Die Antwoord",http://vancouverweekly-local.local/pemberton-fest-day-three-willed-to-die-antwoord-55942-2/,http://vancouverweekly-local.local/wp-admin/post.php?post=67449&action=edit,publish,2,0,1,image_free,https://web.archive.org/web/20171008152546im_/http://vancouverweekly-local.local/wp-content/uploads/2016/07/Screen-Shot-2016-07-18-at-9.55.50-AM.png
67450,"Pemberton Fest Game on",http://vancouverweekly-local.local/pemberton-fest-game-on-55921-2/,http://vancouverweekly-local.local/wp-admin/post.php?post=67450&action=edit,publish,2,0,1,image_free,https://web.archive.org/web/20190826072601im_/http://vancouverweekly-local.local/wp-content/uploads/2016/07/N7O0575.jpg
67451,"Pemberton Fest Opening Day Proves Young and Hungry Trumps Hall of Fame Complacency",http://vancouverweekly-local.local/pemberton-fest-opening-day-proves-young-and-hungry-trumps-hall-of-fame-complacency-55901-2/,http://vancouverweekly-local.local/wp-admin/post.php?post=67451&action=edit,publish,2,0,1,image_free,https://web.archive.org/web/20190820101013im_/http://vancouverweekly-local.local/wp-content/uploads/2016/07/unspecified.jpg
67687,"Photos of Colin James at The Orpheum Theatre",http://vancouverweekly-local.local/photos-of-colin-james-at-the-orpheum-theatre-57322-2/,http://vancouverweekly-local.local/wp-admin/post.php?post=67687&action=edit,publish,2,0,0,image_free,https://web.archive.org/web/20190721215909im_/http://vancouverweekly-local.local/wp-content/uploads/2019/07/VFMF-2019-Big-Box-300X250.jpg
67921,"Pianist Ludovico Einaudi takes Vancouver on a magical journey",http://vancouverweekly-local.local/pianist-ludovico-einaudi-takes-vancouver-on-a-magical-journey/,http://vancouverweekly-local.local/wp-admin/post.php?post=67921&action=edit,publish,2,0,1,image_free,https://web.archive.org/web/20171028073035im_/http://vancouverweekly-local.local/wp-content/uploads/2017/10/www.ludovicoeinaudi.com_.jpg
67939,"PNE AND Vancity Give Volunteers Credit For Zero Waste Day",http://vancouverweekly-local.local/pne-vancity-give-volunteers-credit-zero-waste-day/,http://vancouverweekly-local.local/wp-admin/post.php?post=67939&action=edit,publish,2,0,0,image_free,https://web.archive.org/web/20180526001027im_/http://vancouverweekly-local.local/wp-content/uploads/2014/09/IMG_20140827_214254.jpg
67944,"Pole Dancing… not just for professional stage dancers",http://vancouverweekly-local.local/pole-dancing-not-just-for-professional-stage-dancers-57055-2/,http://vancouverweekly-local.local/wp-admin/post.php?post=67944&action=edit,publish,2,0,0,image_free,https://web.archive.org/web/20191114021050im_/http://vancouverweekly-local.local/wp-content/uploads/2017/01/Taboo-1.jpg
67948,"Political activist Joan Baez shares her story",http://vancouverweekly-local.local/political-activist-joan-baez-shares-story/,http://vancouverweekly-local.local/wp-admin/post.php?post=67948&action=edit,publish,2,0,0,image_free,https://web.archive.org/web/20141201072605im_/http://vancouverweekly-local.local/wp-content/uploads/2014/11/joan_baez3.jpg
67950,"Poor air quality in Whistler from wildfires as B.C. battles 182 blazes",http://vancouverweekly-local.local/poor-air-quality-in-whistler-from-wildfires-as-b-c-battles-182-blazes/,http://vancouverweekly-local.local/wp-admin/post.php?post=67950&action=edit,publish,2,0,1,image_free,https://web.archive.org/web/20190821032000im_/http://vancouverweekly-local.local/wp-content/uploads/2015/07/VCRD113284507_high.jpg
67951,"Pop Punk very much alive at the Vogue Theatre",http://vancouverweekly-local.local/pop-punk-very-much-alive-at-the-vogue-theatre-67673-2/,http://vancouverweekly-local.local/wp-admin/post.php?post=67951&action=edit,publish,2,0,1,image_free,https://web.archive.org/web/20190924032605im_/http://vancouverweekly-local.local/wp-content/uploads/2019/09/TWY_SPIN_1_FINAL-1523282021-1475x1000.jpg
67958,"Postmodern Jukebox makes time travel possible at the Vogue Theatre",http://vancouverweekly-local.local/postmodern-jukebox-makes-time-travel-possible-at-the-vogue-theatre-62416-2/,http://vancouverweekly-local.local/wp-admin/post.php?post=67958&action=edit,publish,2,0,1,image_free,https://web.archive.org/web/20181209085303im_/http://vancouverweekly-local.local/wp-content/uploads/2018/12/casey1-768x523.jpg
67979,"Ontario’s Dizzy take introspective approach on sophomore album",http://vancouverweekly-local.local/premiere-ontarios-dizzy-take-introspective-approach-on-sophomore-album/,http://vancouverweekly-local.local/wp-admin/post.php?post=67979&action=edit,publish,2,0,1,image_free,https://web.archive.org/web/20200808062534im_/http://vancouverweekly-local.local/wp-content/uploads/2020/07/dizzy-press-e1596063034271.png
67983,"Priests feel at home for better and worse",http://vancouverweekly-local.local/priests-feel-at-home-for-better-and-worse-57234-2/,http://vancouverweekly-local.local/wp-admin/post.php?post=67983&action=edit,publish,2,0,1,image_free,https://web.archive.org/web/20171030232743im_/http://vancouverweekly-local.local/wp-content/uploads/2017/02/NPR.jpg
67987,"Progressive rock is alive and well with Dungen & Wolf People",http://vancouverweekly-local.local/progressive-rock-is-alive-and-well-with-dungen-wolf-people/,http://vancouverweekly-local.local/wp-admin/post.php?post=67987&action=edit,publish,2,0,1,image_free,https://web.archive.org/web/20170825115238im_/http://vancouverweekly-local.local/wp-content/uploads/2017/08/dungen@fox-aug.7_7-e1502325156564.jpg
67989,"Prohibition Tasting Room Simplifies the Beer Experience",http://vancouverweekly-local.local/prohibition-tasting-room-simplifies-beer-experience/,http://vancouverweekly-local.local/wp-admin/post.php?post=67989&action=edit,publish,2,0,0,image_free,https://web.archive.org/web/20170505152855im_/http://vancouverweekly-local.local/wp-content/uploads/2014/06/prohibitiontastingroom.jpg
67991,"Proposed Empty Homes Tax approved to go to public consultation",http://vancouverweekly-local.local/proposed-empty-homes-tax-approved-to-go-to-public-consultation-56393-2/,http://vancouverweekly-local.local/wp-admin/post.php?post=67991&action=edit,publish,2,0,0,image_free,https://web.archive.org/web/20161112123009im_/http://vancouverweekly-local.local/wp-content/uploads/2016/09/o-VANCOUVER-HOUSE-570.jpg
67992,"Protomartyr compensate with humour at their Canadian debut",http://vancouverweekly-local.local/protomartyr-compensate-with-humour-at-their-canadian-debut-54002-2/,http://vancouverweekly-local.local/wp-admin/post.php?post=67992&action=edit,publish,2,0,1,image_free,https://web.archive.org/web/20160317162923im_/http://vancouverweekly-local.local/wp-content/uploads/2016/03/Protomartyr-by-Zak-Bratto3-1.jpg
67993,"Psychic TV broadcast happiness at Venue Nightclub",http://vancouverweekly-local.local/psychic-tv-broadcast-happiness-at-venue-nightclub-56513-2/,http://vancouverweekly-local.local/wp-admin/post.php?post=67993&action=edit,publish,2,0,0,image_free,https://web.archive.org/web/20161112122554im_/http://vancouverweekly-local.local/wp-content/uploads/2016/10/5636124.png
67995,"Public Opinion: Is Redevelopment destroying Vancouver’s Culture?",http://vancouverweekly-local.local/public-opinion-redevelopment-destroying-vancouvers-culture/,http://vancouverweekly-local.local/wp-admin/post.php?post=67995&action=edit,publish,2,0,0,image_free,https://web.archive.org/web/20140415132046im_/http://vancouverweekly-local.local/wp-content/uploads/2014/04/IMG_5616.jpg
68051,"Queen will rock you, with Adam Lambert’s help",http://vancouverweekly-local.local/queen-will-rock-you-with-adam-lamberts-help-57801-2/,http://vancouverweekly-local.local/wp-admin/post.php?post=68051&action=edit,publish,2,0,1,image_free,https://web.archive.org/web/20170709135603im_/http://vancouverweekly-local.local/wp-content/uploads/2017/07/DSC_3857-e1499132917844.jpg
68061,"Rain can’t stop the dancing at Rifflandia finale",http://vancouverweekly-local.local/rain-cant-stop-the-dancing-at-rifflandia-finale/,http://vancouverweekly-local.local/wp-admin/post.php?post=68061&action=edit,publish,2,0,1,image_free,https://web.archive.org/web/20171019035530im_/http://vancouverweekly-local.local/wp-content/uploads/2017/09/MG_0757-1.jpg
68063,"Rap collective Brockhampton display strong bonds and blazing verses",http://vancouverweekly-local.local/rap-collective-brockhampton-display-strong-bonds-and-blazing-verses/,http://vancouverweekly-local.local/wp-admin/post.php?post=68063&action=edit,publish,2,0,0,image_free,https://web.archive.org/web/20191113043959im_/http://vancouverweekly-local.local/wp-content/uploads/2019/10/71081525_635508960191439_5415297003921866752_n-3.jpg
68066,"Rave Noir: How to Flaunt the Law of Diminishing Returns",http://vancouverweekly-local.local/rave-noir-how-to-flaunt-the-law-of-diminishing-returns-55695-2/,http://vancouverweekly-local.local/wp-admin/post.php?post=68066&action=edit,publish,2,0,0,image_free,https://web.archive.org/web/20160708192628im_/http://vancouverweekly-local.local/wp-content/uploads/2016/06/flaunt-RAVE-NOIR-Cover-Art.jpg
68069,"RBG shows us the softer side of the infamous Supreme Court Justice",http://vancouverweekly-local.local/rbg-shows-us-the-softer-side-of-the-infamous-supreme-court-justice-60680-2/,http://vancouverweekly-local.local/wp-admin/post.php?post=68069&action=edit,publish,2,0,0,image_free,https://web.archive.org/web/20180607171600im_/http://vancouverweekly-local.local/wp-content/uploads/2018/05/0_BkhlKyjd9y3N_MMf.jpg
68073,"Read between the Lines with Only a Visitor",http://vancouverweekly-local.local/read-between-the-lines-with-only-a-visitor-57773-2/,http://vancouverweekly-local.local/wp-admin/post.php?post=68073&action=edit,publish,2,0,1,image_free,https://web.archive.org/web/20170719124647im_/http://vancouverweekly-local.local/wp-content/uploads/2017/07/pink-wall-high-res-cred-Mayan-Vered.jpg
68074,"Real feels at cartoon pop duo Prozzäk’s live return",http://vancouverweekly-local.local/real-feels-at-cartoon-pop-duo-prozzaks-live-return-56365-2/,http://vancouverweekly-local.local/wp-admin/post.php?post=68074&action=edit,publish,2,0,0,image_free,https://web.archive.org/web/20180105080741im_/http://vancouverweekly-local.local/wp-content/uploads/2016/09/Simon_and_Milo1-e1469128568881.jpg
68079,"“Red Obsession”: China’s Unquenchable Thirst for Luxury",http://vancouverweekly-local.local/red-obsession-chinas-unquenchable-thirst-for-luxury/,http://vancouverweekly-local.local/wp-admin/post.php?post=68079&action=edit,publish,2,0,0,image_free,https://web.archive.org/web/20131207070648im_/http://vancouverweekly-local.local/wp-content/uploads/2013/11/Red-Obsession.jpg
68080,"Redrick Sultan’s album release a night of technical wizardry",http://vancouverweekly-local.local/redrick-sultans-album-release-a-night-of-technical-wizardry-53586-2/,http://vancouverweekly-local.local/wp-admin/post.php?post=68080&action=edit,publish,2,0,1,image_free,https://web.archive.org/web/20160307115933im_/http://vancouverweekly-local.local/wp-content/uploads/2016/03/Redrick-Sultan-Band-Pic-Wide-Wreck-Beach.jpg
68081,"Reignwolf, No Sinner at VENUE",http://vancouverweekly-local.local/reignwolf-sinner-venue/,http://vancouverweekly-local.local/wp-admin/post.php?post=68081&action=edit,publish,2,0,0,image_free,https://web.archive.org/web/20190721222555im_/http://vancouverweekly-local.local/wp-content/uploads/2019/07/VFMF-2019-Big-Box-300X250.jpg
68082,"Reimagining A Genre: The Orville versus Star Trek: Discovery",http://vancouverweekly-local.local/reimagining-genre-orville-versus-star-trek-discovery/,http://vancouverweekly-local.local/wp-admin/post.php?post=68082&action=edit,publish,2,0,0,image_free,https://web.archive.org/web/20171022193453im_/http://vancouverweekly-local.local/wp-content/uploads/2017/10/maxresdefault.jpg
68116,"Revolutionising contemporary dance that will make you go Gaga",http://vancouverweekly-local.local/revolutionising-contemporary-dance-that-will-make-you-go-gaga-57370-2/,http://vancouverweekly-local.local/wp-admin/post.php?post=68116&action=edit,publish,2,0,0,image_free,https://web.archive.org/web/20170429022701im_/http://vancouverweekly-local.local/wp-content/uploads/2017/03/4-hi-res-mr-gaga-14-photo-by-gadi-dagon-1.jpg
68120,"Rickshaw Theatre to celebrate 7th anniversary with old and new friends",http://vancouverweekly-local.local/rickshaw-theatre-to-celebrate-7th-anniversary-with-old-and-new-friends-55833-2/,http://vancouverweekly-local.local/wp-admin/post.php?post=68120&action=edit,publish,2,0,0,image_free,https://web.archive.org/web/20160707015107im_/http://vancouverweekly-local.local/wp-content/uploads/2016/07/17.jpg
68126,"Rifflandia Music Festival sends off the summer with stellar lineup",http://vancouverweekly-local.local/rifflandia-music-festival-sends-off-the-summer-with-stellar-lineup/,http://vancouverweekly-local.local/wp-admin/post.php?post=68126&action=edit,publish,2,0,1,image_free,https://web.archive.org/web/20170924125359im_/http://vancouverweekly-local.local/wp-content/uploads/2017/09/rifflandia.jpg
68128,"Rihanna Wails But Tells Few Tales",http://vancouverweekly-local.local/rihanna-wails-but-tells-few-tales-54910-2/,http://vancouverweekly-local.local/wp-admin/post.php?post=68128&action=edit,publish,2,0,1,image_free,https://web.archive.org/web/20160503180413im_/http://vancouverweekly-local.local/wp-content/uploads/2016/04/Screen-Shot-2016-04-26-at-8.37.58-AM.png
68131,"Robin Richardson’s ‘Sit How You Want’ Stands up for all that is Human",http://vancouverweekly-local.local/robin-richardsons-sit-how-you-want-stands-up-for-all-that-is-human-60822-2/,http://vancouverweekly-local.local/wp-admin/post.php?post=68131&action=edit,publish,2,0,0,image_free,https://web.archive.org/web/20180611013950im_/http://vancouverweekly-local.local/wp-content/uploads/2018/06/sit-how-you-want-by-robin-richardson.png
68134,"Rock Ambleside Knocks it out of the Park",http://vancouverweekly-local.local/rock-ambleside-knocks-it-out-of-the-park-61390-2/,http://vancouverweekly-local.local/wp-admin/post.php?post=68134&action=edit,publish,2,0,1,image_free,https://web.archive.org/web/20190821002152im_/http://vancouverweekly-local.local/wp-content/uploads/2018/08/39725827_1657801280995811_7723555184915251200_n.jpg
68138,"Rogues Gallery Exposes All In Batman Burlesque 2/2",http://vancouverweekly-local.local/rogues-gallery-exposes-all-in-batman-burlesque-22-56845-2/,http://vancouverweekly-local.local/wp-admin/post.php?post=68138&action=edit,publish,2,0,0,image_free,https://web.archive.org/web/20171008113047im_/http://vancouverweekly-local.local/wp-content/uploads/2016/11/IMG_0239.jpg
68141,"“Room 237″: Shining a New Light on Kubrick’s Horrific Masterpiece",http://vancouverweekly-local.local/room-237-shining-a-new-light-on-kubricks-horrific-masterpiece/,http://vancouverweekly-local.local/wp-admin/post.php?post=68141&action=edit,publish,2,0,0,image_free,https://web.archive.org/web/20140504171705im_/http://vancouverweekly-local.local/wp-content/uploads/2014/01/room237.jpg
68143,"Rounding off the year with Jon and Roy",http://vancouverweekly-local.local/rounding-off-the-year-with-jon-and-roy/,http://vancouverweekly-local.local/wp-admin/post.php?post=68143&action=edit,publish,2,0,0,image_free,https://web.archive.org/web/20160111205330im_/http://vancouverweekly-local.local/wp-content/uploads/2016/01/Screen-Shot-2016-01-08-at-2.47.13-PM.png
68147,"Run the Jewels Lead “Fat Boys’ Cardio” at the Biltmore",http://vancouverweekly-local.local/run-jewels-lead-fat-boys-cardio-biltmore/,http://vancouverweekly-local.local/wp-admin/post.php?post=68147&action=edit,publish,2,0,0,image_free,https://web.archive.org/web/20180526001252im_/http://vancouverweekly-local.local/wp-content/uploads/2014/08/run-the-jewels.png
68150,"Run the Jewels play with extra fire at PNE Forum",http://vancouverweekly-local.local/run-the-jewels-play-with-extra-fire-at-pne-forum-57181-2/,http://vancouverweekly-local.local/wp-admin/post.php?post=68150&action=edit,publish,2,0,1,image_free,https://web.archive.org/web/20170213010840im_/http://vancouverweekly-local.local/wp-content/uploads/2017/02/16707356_1111560218953256_2114232178045384378_o.jpg
68153,"Rupi Kaur invites Vancouver to break all emotional boundaries",http://vancouverweekly-local.local/rupi-kaur-invites-vancouver-to-break-all-emotional-boundaries-62530-2/,http://vancouverweekly-local.local/wp-admin/post.php?post=68153&action=edit,publish,2,0,0,image_free,https://web.archive.org/web/20181218065625im_/http://vancouverweekly-local.local/wp-content/uploads/2018/12/Screen-Shot-2017-07-24-at-11.35.41-AM.jpg
68155,"Ryan Adams sings a sad song",http://vancouverweekly-local.local/ryan-adams-sings-a-sad-song-57787-2/,http://vancouverweekly-local.local/wp-admin/post.php?post=68155&action=edit,publish,2,0,1,image_free,https://web.archive.org/web/20170714113028im_/http://vancouverweekly-local.local/wp-content/uploads/2017/06/RyanAdams-1-2.jpg
68156,"Ryan Hemsworth on mixing things up in the music industry",http://vancouverweekly-local.local/ryan-hemsworth-on-mixing-things-up-in-the-music-industry-60613-2/,http://vancouverweekly-local.local/wp-admin/post.php?post=68156&action=edit,publish,2,0,0,image_free,https://web.archive.org/web/20180607171129im_/http://vancouverweekly-local.local/wp-content/uploads/2018/05/mus_ryanhemsworth2_2625.jpg
68162,"Saba keeps Westward Music Festival hype on its fourth and final day",http://vancouverweekly-local.local/saba-keeps-westward-music-festival-hype-on-its-fourth-and-final-day-61662-2/,http://vancouverweekly-local.local/wp-admin/post.php?post=68162&action=edit,publish,2,0,1,image_free,https://web.archive.org/web/20180925204140im_/http://vancouverweekly-local.local/wp-content/uploads/2018/09/mus-feature_saba-11-900.jpg
68163,"Sailor or Savior? Sturgill Simpson Impresses at The Vogue",http://vancouverweekly-local.local/sailor-or-savior-sturgill-simpson-impresses-at-the-vogue-56153-2/,http://vancouverweekly-local.local/wp-admin/post.php?post=68163&action=edit,publish,2,0,1,image_free,https://web.archive.org/web/20160828052514im_/http://vancouverweekly-local.local/wp-content/uploads/2016/08/unspecified-2.jpg
68164,"Saint Laurent: A Spin On Designer Drugs",http://vancouverweekly-local.local/saint-laurent46837/,http://vancouverweekly-local.local/wp-admin/post.php?post=68164&action=edit,publish,2,0,0,image_free,https://web.archive.org/web/20150609074609im_/http://vancouverweekly-local.local/wp-content/uploads/2015/05/4f8e78ec-73a0-46f1-ad8d-eea8ad0fc9a611.jpg
68165,"Sales Multiply For Ed Sheeran’s New Album, ‘X’",http://vancouverweekly-local.local/sales-multiply-ed-sheerans-new-album-x/,http://vancouverweekly-local.local/wp-admin/post.php?post=68165&action=edit,publish,2,0,1,image_free,https://web.archive.org/web/20160828054254im_/http://vancouverweekly-local.local/wp-content/uploads/2014/07/ED_SHEERAN_PUB3_CREDIT_BEN_WATTS-copy.jpg
68167,"Sam Coffey & the Iron Lungs don’t want to fuck around",http://vancouverweekly-local.local/sam-coffey-the-iron-lungs-dont-want-to-fuck-around-57617-2/,http://vancouverweekly-local.local/wp-admin/post.php?post=68167&action=edit,publish,2,0,0,image_free,https://web.archive.org/web/20170628215004im_/http://vancouverweekly-local.local/wp-content/uploads/2017/05/sam-coffey.jpg
68168,"Sam Roberts Band spreads their Human Heat at the Orpheum",http://vancouverweekly-local.local/sam-roberts-band-spreads-their-human-heat-at-the-orpheum-57178-2/,http://vancouverweekly-local.local/wp-admin/post.php?post=68168&action=edit,publish,2,0,1,image_free,https://web.archive.org/web/20170228104552im_/http://vancouverweekly-local.local/wp-content/uploads/2017/02/srb_group.jpg
68209,"ScreenTime Junkies",http://vancouverweekly-local.local/screentime-junkies-70434-2/,http://vancouverweekly-local.local/wp-admin/post.php?post=68209&action=edit,publish,2,0,1,image_free,https://web.archive.org/web/20200422150554im_/http://vancouverweekly-local.local/wp-content/uploads/2020/03/photo-by-Harrison-HAines-from-Pexels.jpeg
68260,"Shania Twain reclaims spotlight at Rogers Arena",http://vancouverweekly-local.local/shania-twain-reclaims-spotlight-at-rogers-arena-60579-2/,http://vancouverweekly-local.local/wp-admin/post.php?post=68260&action=edit,publish,2,0,0,image_free,https://web.archive.org/web/20180510094146im_/http://vancouverweekly-local.local/wp-content/uploads/2018/05/Shania-Twain-tour-news-660x450.jpg
68273,"Should Vancouver Experiment 1.3.2 with SakkieFTW?",http://vancouverweekly-local.local/should-vancouver-experiment-1-3-2-with-sakkieftw-56205-2/,http://vancouverweekly-local.local/wp-admin/post.php?post=68273&action=edit,publish,2,0,0,image_free,https://web.archive.org/web/20160902025449im_/http://vancouverweekly-local.local/wp-content/uploads/2016/08/unspecified-3.jpg
68274,"Should You Listen While Ramsey Prepares to See You Bleed?",http://vancouverweekly-local.local/should-you-listen-while-ramsey-prepares-to-see-you-bleed-56231-2/,http://vancouverweekly-local.local/wp-admin/post.php?post=68274&action=edit,publish,2,0,0,image_free,https://web.archive.org/web/20161112123142im_/http://vancouverweekly-local.local/wp-content/uploads/2016/09/unspecified-1.jpg
68302,"Singer-songwriter NEFE talks live music magic",http://vancouverweekly-local.local/singer-songwriter-nefe-talks-live-music-magic/,http://vancouverweekly-local.local/wp-admin/post.php?post=68302&action=edit,publish,2,0,0,image_free,https://web.archive.org/web/20180202133013im_/http://vancouverweekly-local.local/wp-content/uploads/2018/01/general_feature_bfae0aa64818bf94397c4297c31db089.jpg
68304,"Single In Vancouver? A New App That Might Just Solve Our City’s Dating Problems",http://vancouverweekly-local.local/single-in-vancouver-a-new-app-that-might-just-solve-our-citys-dating-problems/,http://vancouverweekly-local.local/wp-admin/post.php?post=68304&action=edit,publish,2,0,0,image_free,https://web.archive.org/web/20160116115310im_/http://vancouverweekly-local.local/wp-content/uploads/2016/01/bg-index-03.jpg
68308,"Six mezcals for six people on your gift list",http://vancouverweekly-local.local/six-mezcals-for-six-people-on-your-gift-list-59279-2/,http://vancouverweekly-local.local/wp-admin/post.php?post=68308&action=edit,publish,2,0,1,image_free,https://web.archive.org/web/20171212112240im_/http://vancouverweekly-local.local/wp-content/uploads/2017/12/display-above.jpg
68310,"“Skeletonwitch”: Despair and Chance in Lost Vocals",http://vancouverweekly-local.local/skeletonwitch-despair-and-chance-in-lost-vocals-54659-2/,http://vancouverweekly-local.local/wp-admin/post.php?post=68310&action=edit,publish,2,0,1,image_free,https://web.archive.org/web/20160503181024im_/http://vancouverweekly-local.local/wp-content/uploads/2016/04/Screen-Shot-2016-04-12-at-9.18.43-AM.png
68311,"“Skeletonwitch Interview”: Black & Thrashy in a VanCity Alley",http://vancouverweekly-local.local/skeletonwitch-interview-black-thrashy-in-a-vancity-alley-54663-2/,http://vancouverweekly-local.local/wp-admin/post.php?post=68311&action=edit,publish,2,0,1,image_free,https://web.archive.org/web/20160503181528im_/http://vancouverweekly-local.local/wp-content/uploads/2016/04/Screen-Shot-2016-04-12-at-4.01.41-PM.png
68313,"Skepta delivers a grimy performance at the Vogue Theatre",http://vancouverweekly-local.local/skepta-delivers-a-grimy-performance-at-the-vogue-theatre-57509-2/,http://vancouverweekly-local.local/wp-admin/post.php?post=68313&action=edit,publish,2,0,1,image_free,https://web.archive.org/web/20170429023601im_/http://vancouverweekly-local.local/wp-content/uploads/2017/04/Skepta-vancitybuzz.jpg
68315,"Skookum Festival day one shows off diverse lineup",http://vancouverweekly-local.local/skookum-shows-off-diverse-lineup-61480-2/,http://vancouverweekly-local.local/wp-admin/post.php?post=68315&action=edit,publish,2,0,1,image_free,https://web.archive.org/web/20180915013943im_/http://vancouverweekly-local.local/wp-content/uploads/2018/09/Screen-Shot-2018-09-08-at-11.23.35-AM-1.png
68317,"Skye Wallace in no rush to find her place",http://vancouverweekly-local.local/skye-wallace-in-no-rush-to-find-her-place-55790-2/,http://vancouverweekly-local.local/wp-admin/post.php?post=68317&action=edit,publish,2,0,0,image_free,https://web.archive.org/web/20160708170448im_/http://vancouverweekly-local.local/wp-content/uploads/2016/06/Skye-Wallace-Headshot-Photo.jpg
68326,"Sleeping Giant works with the strengths and limitations of coming-of-age drama",http://vancouverweekly-local.local/sleeping-giant-works-with-the-strengths-and-limitations-of-coming-of-age-drama/,http://vancouverweekly-local.local/wp-admin/post.php?post=68326&action=edit,publish,2,0,0,image_free,https://web.archive.org/web/20171229033743im_/http://vancouverweekly-local.local/wp-content/uploads/2015/10/Sleeping-Giant.jpg
68329,"Slowdive surfaces with taste and elegance",http://vancouverweekly-local.local/slowdive-surfaces-with-taste-and-elegance-58951-2/,http://vancouverweekly-local.local/wp-admin/post.php?post=68329&action=edit,publish,2,0,1,image_free,https://web.archive.org/web/20171106173155im_/http://vancouverweekly-local.local/wp-content/uploads/2017/11/The-Snipe-News.jpg
68330,"Sludge Metal Displays Why Orange Is The New Red",http://vancouverweekly-local.local/sludge-metal-displays-why-orange-is-the-new-red/,http://vancouverweekly-local.local/wp-admin/post.php?post=68330&action=edit,publish,2,0,1,image_free,https://web.archive.org/web/20160430201427im_/http://vancouverweekly-local.local/wp-content/uploads/2016/04/12998595_879307368845210_4696779759937058268_n.jpg
68331,"Smoke-filled air envelopes southern B.C., as provincial wildfires turn deadly",http://vancouverweekly-local.local/smoke-filled-air-envelopes-southern-b-c-as-provincial-wildfires-turn-deadly/,http://vancouverweekly-local.local/wp-admin/post.php?post=68331&action=edit,publish,2,0,1,image_free,https://web.archive.org/web/20191209002556im_/http://vancouverweekly-local.local/wp-content/uploads/2015/07/JOHV141284181_high.jpg
68332,"Snoop Dogg gives Vancouver some classic Doggystyle",http://vancouverweekly-local.local/snoop-dogg-gives-vancouver-some-classic-doggystyle-57459-2/,http://vancouverweekly-local.local/wp-admin/post.php?post=68332&action=edit,publish,2,0,1,image_free,https://web.archive.org/web/20170501200603im_/http://vancouverweekly-local.local/wp-content/uploads/2017/04/snoop.jpg
68333,"Snoop Dogg showed Vancouver how to party like it’s the 1990s",http://vancouverweekly-local.local/snoop-dogg-showed-vancouver-how-to-party-like-its-the-1990s-63253-2/,http://vancouverweekly-local.local/wp-admin/post.php?post=68333&action=edit,publish,2,0,1,image_free,https://web.archive.org/web/20190824072136im_/http://vancouverweekly-local.local/wp-content/uploads/2019/02/RLJ_2360.jpg
68334,"Snow mitigation work continues overnight",http://vancouverweekly-local.local/snow-mitigation-work-continues-overnight-56864-2/,http://vancouverweekly-local.local/wp-admin/post.php?post=68334&action=edit,publish,2,0,0,image_free,https://web.archive.org/web/20171007104754im_/http://vancouverweekly-local.local/wp-content/uploads/2016/12/IMG_8418.png
68338,"Solids: Music You Can Feel",http://vancouverweekly-local.local/solids-music-can-feel/,http://vancouverweekly-local.local/wp-admin/post.php?post=68338&action=edit,publish,2,0,0,image_free,https://web.archive.org/web/20190825010618im_/http://vancouverweekly-local.local/wp-content/uploads/2014/03/Solids_MarineAnaisHaddadi.jpeg
68365,"Stanley Park will be temporarily closed tonight and tomorrow morning due to expected high winds",http://vancouverweekly-local.local/stanley-park-will-temporarily-closed-tonight-tomorrow-morning-due-expected-high-winds/,http://vancouverweekly-local.local/wp-admin/post.php?post=68365&action=edit,publish,2,0,0,image_free,https://web.archive.org/web/20161112123014im_/http://vancouverweekly-local.local/wp-content/uploads/2016/10/Stanley_Park_1999_Rain.jpg
68368,"Stargazers look up for double treat but clouds are a factor in some places",http://vancouverweekly-local.local/stargazers-look-up-for-double-treat-but-clouds-are-a-factor-in-some-places/,http://vancouverweekly-local.local/wp-admin/post.php?post=68368&action=edit,publish,2,0,1,image_free,https://web.archive.org/web/20180317173416im_/http://vancouverweekly-local.local/wp-content/uploads/2015/09/EDM102301281_high.jpg
68371,"Stars lights up the Vogue",http://vancouverweekly-local.local/stars-lights-up-the-vogue-60926-2/,http://vancouverweekly-local.local/wp-admin/post.php?post=68371&action=edit,publish,2,0,0,image_free,https://web.archive.org/web/20180621072504im_/http://vancouverweekly-local.local/wp-content/uploads/2018/06/B97514676Z.120151022175616000G6RBCEC8.11.jpg
68372,"Startup Weekend 2017 Brings Together Entrepreneurs to Pitch Bold Visions",http://vancouverweekly-local.local/startup-weekend-2017-brings-together-entrepreneurs-to-pitch-bold-visions-59231-2/,http://vancouverweekly-local.local/wp-admin/post.php?post=68372&action=edit,publish,2,0,0,image_free,https://web.archive.org/web/20171201172857im_/http://vancouverweekly-local.local/wp-content/uploads/2017/11/DSC04250.jpg
68380,"Stephen Jenkinson reveals the secret to dying wisely",http://vancouverweekly-local.local/stephen-jenkinson-reveals-the-secret-to-dying-wisely-59150-2/,http://vancouverweekly-local.local/wp-admin/post.php?post=68380&action=edit,publish,2,0,1,image_free,https://web.archive.org/web/20171124112924im_/http://vancouverweekly-local.local/wp-content/uploads/2017/11/Stephen-Jenkinson-MTS-MSW-Founder-of-The-Orphan-Wisdom-School.jpg
68384,"Stiff fines ahead for property owners that don’t comply with new empty home tax requirements",http://vancouverweekly-local.local/stiff-fines-ahead-for-property-owners-that-dont-comply-with-new-empty-home-tax-requirements-59026-2/,http://vancouverweekly-local.local/wp-admin/post.php?post=68384&action=edit,publish,2,0,1,image_free,https://web.archive.org/web/20171112060634im_/http://vancouverweekly-local.local/wp-content/uploads/2017/11/unnamed.jpg
68391,"Strathcona breakfast program serves over 11,000 meals in five months",http://vancouverweekly-local.local/strathcona-breakfast-program-serves-over-11000-meals-in-five-months-56282-2/,http://vancouverweekly-local.local/wp-admin/post.php?post=68391&action=edit,publish,2,0,0,image_free,https://web.archive.org/web/20190618201554im_/http://vancouverweekly-local.local/wp-content/uploads/2016/09/herschel-naturespath-5.jpg
68394,"Study on B.C. First Nations stone tools finds glacier brought mountain to man",http://vancouverweekly-local.local/study-on-b-c-first-nations-stone-tools-finds-glacier-brought-mountain-to-man/,http://vancouverweekly-local.local/wp-admin/post.php?post=68394&action=edit,publish,2,0,1,image_free,https://web.archive.org/web/20171030230415im_/http://vancouverweekly-local.local/wp-content/uploads/2015/09/artifact299748_high.jpg
68405,"Surprise protest in English Bay draws crowds",http://vancouverweekly-local.local/surprise-protest-in-english-bay-draws-crowds/,http://vancouverweekly-local.local/wp-admin/post.php?post=68405&action=edit,publish,2,0,0,image_free,https://web.archive.org/web/20150515020648im_/http://vancouverweekly-local.local/wp-content/uploads/2015/04/IMG_9547.jpg
68410,"Swedish songstress LÉON enchants Vancouver audience",http://vancouverweekly-local.local/swedish-songstress-leon-enchants-vancouver-audience-58737-2/,http://vancouverweekly-local.local/wp-admin/post.php?post=68410&action=edit,publish,2,0,1,image_free,https://web.archive.org/web/20171027013938im_/http://vancouverweekly-local.local/wp-content/uploads/2017/10/leon-singer-2.jpg
68412,"Switchfoot packs the Queen Elizabeth Theatre with feel-good vibes",http://vancouverweekly-local.local/switchfoot-packs-the-queen-elizabeth-theatre-with-feel-good-vibes-57149-2/,http://vancouverweekly-local.local/wp-admin/post.php?post=68412&action=edit,publish,2,0,1,image_free,https://web.archive.org/web/20170211122554im_/http://vancouverweekly-local.local/wp-content/uploads/2017/02/Nm0kuCMwPHFYCPYyZhXAGMGK-xJM6rP07dQf2w23SF0.jpg
68414,"Switchfoot transcends the boundaries of genre",http://vancouverweekly-local.local/switchfoot-transcends-the-boundaries-of-genre-57100-2/,http://vancouverweekly-local.local/wp-admin/post.php?post=68414&action=edit,publish,2,0,1,image_free,https://web.archive.org/web/20170430114051im_/http://vancouverweekly-local.local/wp-content/uploads/2017/02/Switchfoot-Black-and-White-Photo-Credit-Robbie-Jeffers.jpg
68418,"Swollen Members MC talks diversification and lessons learned after early success",http://vancouverweekly-local.local/swollen-members-mc-talks-diversification-and-lessons-learned-after-early-success-59659-2/,http://vancouverweekly-local.local/wp-admin/post.php?post=68418&action=edit,publish,2,0,0,image_free,https://web.archive.org/web/20180119210744im_/http://vancouverweekly-local.local/wp-content/uploads/2018/01/prevail.png
68419,"Synergy in composition: Nils Frahm plays the Orpheum",http://vancouverweekly-local.local/synergy-in-composition-nils-frahm-plays-the-orpheum-63411-2/,http://vancouverweekly-local.local/wp-admin/post.php?post=68419&action=edit,publish,2,0,1,image_free,https://web.archive.org/web/20190826091524im_/http://vancouverweekly-local.local/wp-content/uploads/2019/03/nils-frahm-2-bn.jpg
68421,"Taking Their Chances: Whitecaps finally click in front of goal in 3-1 victory",http://vancouverweekly-local.local/taking-their-chances-whitecaps-finally-click-in-front-of-goal-in-3-1-victory/,http://vancouverweekly-local.local/wp-admin/post.php?post=68421&action=edit,publish,2,0,1,image_free,https://web.archive.org/web/20190916065837im_/http://vancouverweekly-local.local/wp-content/uploads/2015/07/JOHV113289803_high.jpg
68422,"Tal Bachman Uncertain About How To Make His Mark Again",http://vancouverweekly-local.local/tal-bachman-uncertain-about-how-to-make-his-mark-again-54140-2/,http://vancouverweekly-local.local/wp-admin/post.php?post=68422&action=edit,publish,2,0,1,image_free,https://web.archive.org/web/20160413063711im_/http://vancouverweekly-local.local/wp-content/uploads/2016/03/tal-1.jpg
68429,"Talk: Chris Arsenault on Brazil’s battle to save the Amazon",http://vancouverweekly-local.local/talk-chris-arsenault-brazils-battle-save-amazon/,http://vancouverweekly-local.local/wp-admin/post.php?post=68429&action=edit,publish,2,0,0,image_free,https://web.archive.org/web/20170127081119im_/http://vancouverweekly-local.local/wp-content/uploads/2017/01/chris_index.jpg
68431,"Tame Impala Scores Grammy Nomination for ‘Currents’",http://vancouverweekly-local.local/tame-impala-scores-grammy-nomination-for-currents/,http://vancouverweekly-local.local/wp-admin/post.php?post=68431&action=edit,publish,2,0,0,image_free,https://web.archive.org/web/20190719075943im_/http://vancouverweekly-local.local/wp-content/uploads/2019/07/VFMF-2019-Big-Box-300X250.jpg
68442,"Tanya Gallagher : Carry Me Back To Old Virginia",http://vancouverweekly-local.local/tanya-gallagher-carry-me-back-to-old-virginia-56625-2/,http://vancouverweekly-local.local/wp-admin/post.php?post=68442&action=edit,publish,2,0,0,image_free,https://web.archive.org/web/20161027130719im_/http://vancouverweekly-local.local/wp-content/uploads/2016/10/Tanya-Gallagher-Press-Photo1-1.jpg
68447,"Tasseomancy Unveil New Track “Missoula”",http://vancouverweekly-local.local/tasseomancy-unveil-new-track-missoula-56429-2/,http://vancouverweekly-local.local/wp-admin/post.php?post=68447&action=edit,publish,2,0,0,image_free,https://web.archive.org/web/20190619010922im_/http://vancouverweekly-local.local/wp-content/uploads/2016/09/0003542553_10.jpg
68451,"Tech leaders under fire by Conservative MP",http://vancouverweekly-local.local/tech-leaders-under-fire-by-conservative-mp/,http://vancouverweekly-local.local/wp-admin/post.php?post=68451&action=edit,publish,2,0,0,image_free,https://web.archive.org/web/20150517193622im_/http://vancouverweekly-local.local/wp-content/uploads/2015/05/lauriehawn610px.jpg
68453,"Tech N9ne delivers old-school thrills",http://vancouverweekly-local.local/tech-n9ne-delivers-old-school-thrills-63800-2/,http://vancouverweekly-local.local/wp-admin/post.php?post=68453&action=edit,publish,2,0,1,image_free,https://web.archive.org/web/20190328051320im_/http://vancouverweekly-local.local/wp-content/uploads/2019/03/Tech-N9ne-2018-cr-denny-illic-billboard-1548.jpg
68459,"Tegan and Sara celebrate 10 years of ‘The Con,’ supporting LGBTQ causes with tour",http://vancouverweekly-local.local/tegan-and-sara-celebrate-10-years-of-the-con-supporting-lgbtq-causes-with-tour-58899-2/,http://vancouverweekly-local.local/wp-admin/post.php?post=68459&action=edit,publish,2,0,1,image_free,https://web.archive.org/web/20171111062153im_/http://vancouverweekly-local.local/wp-content/uploads/2017/10/tegan-and-sara.jpg
68469,"“Tent City, U.S.A.”: Overly Optimistic, Overtly Staged, But Hopeful Nonetheless",http://vancouverweekly-local.local/tent-city-u-s-a-overly-optimistic-overtly-staged-but-hopeful-nonetheless/,http://vancouverweekly-local.local/wp-admin/post.php?post=68469&action=edit,publish,2,0,0,image_free,https://web.archive.org/web/20140425062544im_/http://vancouverweekly-local.local/wp-content/uploads/2013/12/TentCity2.jpg
68470,"Tera Melos Frontman Nick Reinhart Talks Summer Projects and Doing What It Takes To Return To Vancouver",http://vancouverweekly-local.local/tera-melos-frontman-nick-reinhart-talks-summer-projects-takes-return-vancouver/,http://vancouverweekly-local.local/wp-admin/post.php?post=68470&action=edit,publish,2,0,0,image_free,https://web.archive.org/web/20170613045422im_/http://vancouverweekly-local.local/wp-content/uploads/2014/05/teramelos2013.jpg
68477,"The Amazing Nina Simone: Fittingly Beautiful, Remarkably Flawed",http://vancouverweekly-local.local/the-amazing-nina-simone-fittingly-beautiful-remarkably-flawed-55854-2/,http://vancouverweekly-local.local/wp-admin/post.php?post=68477&action=edit,publish,2,0,1,image_free,https://web.archive.org/web/20160708192849im_/http://vancouverweekly-local.local/wp-content/uploads/2016/07/Screen-Shot-2016-07-06-at-7.12.39-PM-1.png
68478,"The Amazing Spiderman 2: Praise for the Effects",http://vancouverweekly-local.local/the-amazing-spiderman-2-praisefor-the-effects/,http://vancouverweekly-local.local/wp-admin/post.php?post=68478&action=edit,publish,2,0,0,image_free,https://web.archive.org/web/20140518124220im_/http://vancouverweekly-local.local/wp-content/uploads/2014/05/SPDM_1.jpg
68484,"The Beaches provide Vancouver relief from the winter blues",http://vancouverweekly-local.local/the-beaches-provide-vancouver-relief-from-the-winter-blues/,http://vancouverweekly-local.local/wp-admin/post.php?post=68484&action=edit,publish,2,0,1,image_free,https://web.archive.org/web/20200929141522im_/http://vancouverweekly-local.local/wp-content/uploads/2020/02/RLJ_2350.jpg
68486,"The Beirut Evolution Continues",http://vancouverweekly-local.local/the-beirut-evolution-continues-63159-2/,http://vancouverweekly-local.local/wp-admin/post.php?post=68486&action=edit,publish,2,0,1,image_free,https://web.archive.org/web/20190327173834im_/http://vancouverweekly-local.local/wp-content/uploads/2019/02/Beirut-1-by-Olga-Baczynska.jpg
68491,"The Black Angels’ Death March descends on Vancouver",http://vancouverweekly-local.local/the-black-angels-death-march-descends-on-vancouver-58883-2/,http://vancouverweekly-local.local/wp-admin/post.php?post=68491&action=edit,publish,2,0,0,image_free,https://web.archive.org/web/20171029224443im_/http://vancouverweekly-local.local/wp-content/uploads/2017/10/black-angels.jpg
68494,"The Brian Jonestown Massacre make Vancouver levitate at long-awaited return",http://vancouverweekly-local.local/the-brian-jonestown-massacre-make-vancouver-levitate-at-long-awaited-return-55370-2/,http://vancouverweekly-local.local/wp-admin/post.php?post=68494&action=edit,publish,2,0,1,image_free,https://web.archive.org/web/20160530162846im_/http://vancouverweekly-local.local/wp-content/uploads/2016/05/brianjonestownmassacre-bradley-garner.jpg
68495,"The Brian Jonestown Massacre offers up a set that is unapologetically them in Vancouver",http://vancouverweekly-local.local/the-brian-jonestown-massacre-offers-up-a-set-that-is-unapologetically-them-in-vancouver-60703-2/,http://vancouverweekly-local.local/wp-admin/post.php?post=68495&action=edit,publish,2,0,0,image_free,https://web.archive.org/web/20180607171208im_/http://vancouverweekly-local.local/wp-content/uploads/2018/05/brian-jonestown-massacre-new-album.jpg
68499,"The Complete Experience: The Ghost of a Saber Tooth Tiger at the Imperial",http://vancouverweekly-local.local/the-complete-experience-the-ghost-of-a-saber-tooth-tiger-at-the-imperial/,http://vancouverweekly-local.local/wp-admin/post.php?post=68499&action=edit,publish,2,0,0,image_free,https://web.archive.org/web/20190618230927im_/http://vancouverweekly-local.local/wp-content/uploads/2014/05/GOASTT_press_1.jpg
68503,"The Daughter opens up, and misjudges, an Ibsen play",http://vancouverweekly-local.local/the-daughter-opens-up-and-misjudges-an-ibsen-play/,http://vancouverweekly-local.local/wp-admin/post.php?post=68503&action=edit,publish,2,0,0,image_free,https://web.archive.org/web/20160701002749im_/http://vancouverweekly-local.local/wp-content/uploads/2015/09/The-Daughter.jpg
68504,"The Decemberists delight diehard fans at the Orpheum Theatre",http://vancouverweekly-local.local/the-decemberists-delight-diehard-fans-at-the-orpheum-theatre/,http://vancouverweekly-local.local/wp-admin/post.php?post=68504&action=edit,publish,2,0,1,image_free,https://web.archive.org/web/20170814185724im_/http://vancouverweekly-local.local/wp-content/uploads/2017/08/Stereogum.jpg
68510,"The Eternal Tides Paints Images of Myth and Ritual",http://vancouverweekly-local.local/the-eternal-tides-paints-images-of-myth-and-ritual-59959-2/,http://vancouverweekly-local.local/wp-admin/post.php?post=68510&action=edit,publish,2,0,1,image_free,https://web.archive.org/web/20180211080420im_/http://vancouverweekly-local.local/wp-content/uploads/2018/02/tsai.jpg
68513,"The Fault in Our Stars: An Emotional Ride",http://vancouverweekly-local.local/the-fault-in-our-stars-emotional-ride/,http://vancouverweekly-local.local/wp-admin/post.php?post=68513&action=edit,publish,2,0,0,image_free,https://web.archive.org/web/20151022234349im_/http://vancouverweekly-local.local/wp-content/uploads/2014/06/fault-in-our-stars-poster.jpg
68515,"The Fighter & The Kid",http://vancouverweekly-local.local/the-fighter-the-kid-57052-2/,http://vancouverweekly-local.local/wp-admin/post.php?post=68515&action=edit,publish,2,0,0,image_free,https://web.archive.org/web/20170628190238im_/http://vancouverweekly-local.local/wp-content/uploads/2017/01/unnamed-5.jpg
68517,"The Flaming Lips keep one toe in the real world at Queen Elizabeth Theatre",http://vancouverweekly-local.local/the-flaming-lips-keep-one-toe-in-the-real-world-at-queen-elizabeth-theatre-57597-2/,http://vancouverweekly-local.local/wp-admin/post.php?post=68517&action=edit,publish,2,0,1,image_free,https://web.archive.org/web/20170609141227im_/http://vancouverweekly-local.local/wp-content/uploads/2017/05/RLJ_5494.jpg
68525,"“The Great Beauty”: A Beautiful, Elegant Masterpiece For the Soul",http://vancouverweekly-local.local/the-great-beauty-a-beautiful-elegant-masterpiece-for-the-soul/,http://vancouverweekly-local.local/wp-admin/post.php?post=68525&action=edit,publish,2,0,0,image_free,https://web.archive.org/web/20140129053542im_/http://vancouverweekly-local.local/wp-content/uploads/2014/01/32_Toni_Servillo_foto_di_Gianni_Fiorito_053131.jpg
68534,"The History of the World (Based on Banalities) Shimmers with Magic",http://vancouverweekly-local.local/the-history-of-the-world-based-on-banalities-shimmers-with-magic-60571-2/,http://vancouverweekly-local.local/wp-admin/post.php?post=68534&action=edit,publish,2,0,1,image_free,https://web.archive.org/web/20180509163736im_/http://vancouverweekly-local.local/wp-content/uploads/2018/05/druk_geschiedenis10cphiledeprez-1024x683.jpg
68535,"The Human Library Has Arrived",http://vancouverweekly-local.local/the-human-library-has-arrived-56481-2/,http://vancouverweekly-local.local/wp-admin/post.php?post=68535&action=edit,publish,2,0,0,image_free,https://web.archive.org/web/20210122230239im_/http://vancouverweekly-local.local/wp-content/uploads/2016/09/unnamed-2.jpg
68538,"The Killers take fans on a journey of highs and lows, new and old",http://vancouverweekly-local.local/the-killers-take-fans-on-a-journey-of-highs-and-lows-new-and-old-59321-2/,http://vancouverweekly-local.local/wp-admin/post.php?post=68538&action=edit,publish,2,0,1,image_free,https://web.archive.org/web/20171212021438im_/http://vancouverweekly-local.local/wp-content/uploads/2017/12/D04_9669-Killers-Hyde-Park-credit-Rob-Loud.jpg
68541,"The Life Eclectic with Seu Jorge",http://vancouverweekly-local.local/the-life-eclectic-with-seu-jorge-56791-2/,http://vancouverweekly-local.local/wp-admin/post.php?post=68541&action=edit,publish,2,0,0,image_free,https://web.archive.org/web/20200920033110im_/http://vancouverweekly-local.local/wp-content/uploads/2016/11/SEU_JORGE_THUMBNAIL.png
68544,"Premiere – The Long War release music video for “Endless Summer”",http://vancouverweekly-local.local/the-long-war-is-about-to-release-your-new-summer-anthem/,http://vancouverweekly-local.local/wp-admin/post.php?post=68544&action=edit,publish,2,0,1,image_free,https://web.archive.org/web/20200722224958im_/http://vancouverweekly-local.local/wp-content/uploads/2020/06/Promo-Photo-by-Jack-Madeley-.jpg
68546,"The Lost City of Z turns an unsolved mystery into a grand personal saga",http://vancouverweekly-local.local/the-lost-city-of-z-turns-an-unsolved-mystery-into-a-grand-personal-saga-57496-2/,http://vancouverweekly-local.local/wp-admin/post.php?post=68546&action=edit,publish,2,0,0,image_free,https://web.archive.org/web/20170430114056im_/http://vancouverweekly-local.local/wp-content/uploads/2017/04/The-Lost-City-of-Z.jpg
68548,"The Main Stage Vancouver Folk Music Festival Lineup Revealed",http://vancouverweekly-local.local/the-main-stage-vancouver-folk-music-festival-lineup-revealed/,http://vancouverweekly-local.local/wp-admin/post.php?post=68548&action=edit,publish,2,0,1,image_free,https://web.archive.org/web/20190619024717im_/http://vancouverweekly-local.local/wp-content/uploads/2016/06/05530004-4_wide-d71b1a39838a97d321c1a9c733aa6dea98ee535f.jpg
68550,"The Maine loosens up a shy crowd of alternative rockers at Rio Theatre",http://vancouverweekly-local.local/the-maine-loosens-up-a-shy-crowd-of-alternative-rockers-at-rio-theatre-60444-2/,http://vancouverweekly-local.local/wp-admin/post.php?post=68550&action=edit,publish,2,0,0,image_free,https://web.archive.org/web/20180414092608im_/http://vancouverweekly-local.local/wp-content/uploads/2018/04/150828085910-01-the-maine-exlarge-169.jpg
68551,"The Matchmaker offers a few inspired moments of slapstick and some surprises",http://vancouverweekly-local.local/the-matchmaker-offers-a-few-inspired-moments-of-slapstick-and-some-surprises-62811-2/,http://vancouverweekly-local.local/wp-admin/post.php?post=68551&action=edit,publish,2,0,1,image_free,https://web.archive.org/web/20190208165849im_/http://vancouverweekly-local.local/wp-content/uploads/2019/02/matchmaker-dress-104.jpg
68553,"The Melvins Prove Why It’s Good To Be King",http://vancouverweekly-local.local/the-melvins-prove-why-its-good-to-be-king-55095-2/,http://vancouverweekly-local.local/wp-admin/post.php?post=68553&action=edit,publish,2,0,1,image_free,https://web.archive.org/web/20171008133251im_/http://vancouverweekly-local.local/wp-content/uploads/2016/05/N7O4891.jpg
68555,"The National Proves They Still Got It",http://vancouverweekly-local.local/the-national-proves-they-still-got-it-67506-2/,http://vancouverweekly-local.local/wp-admin/post.php?post=68555&action=edit,publish,2,0,1,image_free,https://web.archive.org/web/20190922002124im_/http://vancouverweekly-local.local/wp-content/uploads/2019/09/the-national-2019-world-tour-i-am-easy-to-find.png
68557,"The Newest Creed is II Much of a Good Thing",http://vancouverweekly-local.local/the-newest-creed-is-ii-much-of-a-good-thing-62339-2/,http://vancouverweekly-local.local/wp-admin/post.php?post=68557&action=edit,publish,2,0,0,image_free,https://web.archive.org/web/20181124031911im_/http://vancouverweekly-local.local/wp-content/uploads/2018/11/XMDWPQI3BFAMBBK57HFRZFPGNU.jpg
68563,"The Offspring & Sublime with Rome serve double dose of 90s rock",http://vancouverweekly-local.local/the-offspring-sublime-with-rome-serve-double-dose-of-90s-rock/,http://vancouverweekly-local.local/wp-admin/post.php?post=68563&action=edit,publish,2,0,1,image_free,https://web.archive.org/web/20170719121849im_/http://vancouverweekly-local.local/wp-content/uploads/2017/07/RLJ_7541-e1499684014465.jpg
68564,"The old-school is still worth tasting at the Vancouver International Wine Festival",http://vancouverweekly-local.local/the-old-school-is-still-worth-tasting-at-the-vancouver-international-wine-festival-60123-2/,http://vancouverweekly-local.local/wp-admin/post.php?post=68564&action=edit,publish,2,0,0,image_free,https://web.archive.org/web/20180226084316im_/http://vancouverweekly-local.local/wp-content/uploads/2018/02/Screen-Shot-2018-02-23-at-2.04.37-PM.png
68565,"The Ones We Leave Behind Traces the Lonely Heart",http://vancouverweekly-local.local/the-ones-we-leave-behind-traces-the-lonely-heart-62079-2/,http://vancouverweekly-local.local/wp-admin/post.php?post=68565&action=edit,publish,2,0,1,image_free,https://web.archive.org/web/20181103112150im_/http://vancouverweekly-local.local/wp-content/uploads/2018/10/RS0_9008-1024x683.jpg
68566,"The Pen Is Mightier Than The Selfie",http://vancouverweekly-local.local/the-pen-is-mightier-than-the-selfie-57093-2/,http://vancouverweekly-local.local/wp-admin/post.php?post=68566&action=edit,publish,2,0,0,image_free,https://web.archive.org/web/20170131224939im_/http://vancouverweekly-local.local/wp-content/uploads/2017/01/PointBlankPoets_credit-artist-1200x590.jpg
68570,"The (Post) Mistress Hits Vancouver With Scandalous Secrets",http://vancouverweekly-local.local/the-post-mistress-hits-vancouver-with-scandalous-secrets-52948-2/,http://vancouverweekly-local.local/wp-admin/post.php?post=68570&action=edit,publish,2,0,1,image_free,https://web.archive.org/web/20170701062156im_/http://vancouverweekly-local.local/wp-content/uploads/2016/02/Patricia-Cano-in-The-Post-Mistress.jpg
68571,"The Power of Floating: This Treatment Will Give You Exactly What You Need",http://vancouverweekly-local.local/the-power-of-floating-this-treatment-will-give-you-exactly-what-you-need-52784-2/,http://vancouverweekly-local.local/wp-admin/post.php?post=68571&action=edit,publish,2,0,1,image_free,https://web.archive.org/web/20160131152631im_/http://vancouverweekly-local.local/wp-content/uploads/2016/01/floatpod.jpg
68572,"The Psychedelic Furs bring Heaven back to the Commodore",http://vancouverweekly-local.local/the-psychedelic-furs-bring-heaven-back-to-the-commodore-57920-2/,http://vancouverweekly-local.local/wp-admin/post.php?post=68572&action=edit,publish,2,0,1,image_free,https://web.archive.org/web/20170729212909im_/http://vancouverweekly-local.local/wp-content/uploads/2017/07/20246418_1258835537559056_8984398077905638572_n.jpg
68576,"The Revenant is a clanging, stereotypical trek through America’s colonial past",http://vancouverweekly-local.local/the-revenant-is-a-clanging-stereotypical-trek-through-americas-colonial-past/,http://vancouverweekly-local.local/wp-admin/post.php?post=68576&action=edit,publish,2,0,0,image_free,https://web.archive.org/web/20180206131413im_/http://vancouverweekly-local.local/wp-content/uploads/2015/12/2990.jpg
68582,"The Screaming Eagle Of Soul Shows Vancouver How To Love",http://vancouverweekly-local.local/the-screaming-eagle-of-soul-shows-vancouver-how-to-love-55339-2/,http://vancouverweekly-local.local/wp-admin/post.php?post=68582&action=edit,publish,2,0,1,image_free,https://web.archive.org/web/20160601141529im_/http://vancouverweekly-local.local/wp-content/uploads/2016/05/N7O9975.jpg
68585,"The Soft Moon indulges East Van in apocalyptic sound",http://vancouverweekly-local.local/the-soft-moon-indulges-east-van-in-apocalyptic-sound-60438-2/,http://vancouverweekly-local.local/wp-admin/post.php?post=68585&action=edit,publish,2,0,1,image_free,https://web.archive.org/web/20180414092959im_/http://vancouverweekly-local.local/wp-content/uploads/2018/04/The-Soft-Moon-Photo-by-Dennis-Shoenberg-800x539.jpg
68586,"The Soft Moon make stark impression at Venue Nightclub",http://vancouverweekly-local.local/the-soft-moon-make-stark-impression-at-venue-nightclub-52875-2/,http://vancouverweekly-local.local/wp-admin/post.php?post=68586&action=edit,publish,2,0,1,image_free,https://web.archive.org/web/20160210023123im_/http://vancouverweekly-local.local/wp-content/uploads/2016/02/dennis.png
68587,"The Sonics are still living loud",http://vancouverweekly-local.local/the-sonics-are-still-living-loud-57789-2/,http://vancouverweekly-local.local/wp-admin/post.php?post=68587&action=edit,publish,2,0,1,image_free,https://web.archive.org/web/20170714112719im_/http://vancouverweekly-local.local/wp-content/uploads/2017/07/VW-the-Sonics-3.jpg
68591,"The Spirit of Revolt in Pancho Villa from a Safe Distance, an Opera",http://vancouverweekly-local.local/the-spirit-of-revolt-in-pancho-villa-from-a-safe-distance-an-opera-62872-2/,http://vancouverweekly-local.local/wp-admin/post.php?post=68591&action=edit,publish,2,0,0,image_free,https://web.archive.org/web/20190213153511im_/http://vancouverweekly-local.local/wp-content/uploads/2019/02/PUSH-2019-–-1.jpg
68596,"The Truth Behind What It’s Like To Vacation Like A Celeb",http://vancouverweekly-local.local/the-truth-behind-what-its-like-to-vacation-like-a-celeb-55785-2/,http://vancouverweekly-local.local/wp-admin/post.php?post=68596&action=edit,publish,2,0,0,image_free,https://web.archive.org/web/20160708170453im_/http://vancouverweekly-local.local/wp-content/uploads/2016/06/The_Beverly_Hills_Hotel.jpg
68599,"The Uncaped Crusaders: A ‘Batlesque’ Tribute to Batman – 1/2",http://vancouverweekly-local.local/the-uncaped-crusaders-a-batlesque-tribute-to-batman-12-56842-2/,http://vancouverweekly-local.local/wp-admin/post.php?post=68599&action=edit,publish,2,0,0,image_free,https://web.archive.org/web/20191214005020im_/http://vancouverweekly-local.local/wp-content/uploads/2016/11/screen-capture-24.png
68602,"The Vancouver Christmas Market returns",http://vancouverweekly-local.local/the-vancouver-christmas-market-returns/,http://vancouverweekly-local.local/wp-admin/post.php?post=68602&action=edit,publish,2,0,0,image_free,https://web.archive.org/web/20160201074528im_/http://vancouverweekly-local.local/wp-content/uploads/2015/11/Glühwein-e1410884987933.jpg
68603,"The Vancouver Folk Music Festival Feels Are Real",http://vancouverweekly-local.local/the-vancouver-folk-music-festival-feels-are-real-55914-2/,http://vancouverweekly-local.local/wp-admin/post.php?post=68603&action=edit,publish,2,0,0,image_free,https://web.archive.org/web/20200928055324im_/http://vancouverweekly-local.local/wp-content/uploads/2016/07/13700983_929733987135881_2811394502765614607_o.jpg
68607,"The Venerable W. is a careful portrait for the leader of Myanmar’s ongoing genocide",http://vancouverweekly-local.local/the-venerable-w-is-a-careful-portrait-for-the-leader-of-myanmars-ongoing-genocide-58641-2/,http://vancouverweekly-local.local/wp-admin/post.php?post=68607&action=edit,publish,2,0,0,image_free,https://web.archive.org/web/20171014023808im_/http://vancouverweekly-local.local/wp-content/uploads/2017/10/The-Venerable-W.jpg
68608,"The Warrior Who Would Rule: Bard on the Beach Unleashes Coriolanus",http://vancouverweekly-local.local/the-warrior-who-would-rule-bard-on-the-beach-unleashes-coriolanus-67407-2/,http://vancouverweekly-local.local/wp-admin/post.php?post=68608&action=edit,publish,2,0,1,image_free,https://web.archive.org/web/20190904213437im_/http://vancouverweekly-local.local/wp-content/uploads/2019/08/139A0834d.jpg
68611,"The weird and wonderful puppetry of Multiple Organism",http://vancouverweekly-local.local/the-weird-and-wonderful-puppetry-of-multiple-organism-63836-2/,http://vancouverweekly-local.local/wp-admin/post.php?post=68611&action=edit,publish,2,0,0,image_free,https://web.archive.org/web/20190403123830im_/http://vancouverweekly-local.local/wp-content/uploads/2019/03/0.jpg
68619,"The Wicked Winter’s Eve Of A New Lost Girls Burlesque",http://vancouverweekly-local.local/the-wicked-winters-eve-of-a-new-lost-girls-burlesque-57017-2/,http://vancouverweekly-local.local/wp-admin/post.php?post=68619&action=edit,publish,2,0,1,image_free,https://web.archive.org/web/20170505152910im_/http://vancouverweekly-local.local/wp-content/uploads/2017/01/unspecified-2.jpg
68621,"The Wolfmother Changes Her Coat, But Not Her Ways",http://vancouverweekly-local.local/the-wolfmother-changes-her-coat-but-not-her-ways-54548-2/,http://vancouverweekly-local.local/wp-admin/post.php?post=68621&action=edit,publish,2,0,1,image_free,https://web.archive.org/web/20160412141403im_/http://vancouverweekly-local.local/wp-content/uploads/2016/04/IMG_8880.jpg
68625,"The Zombies immortalize Oddessy & Oracle",http://vancouverweekly-local.local/the-zombies-immortalize-oddessy-oracle-57517-2/,http://vancouverweekly-local.local/wp-admin/post.php?post=68625&action=edit,publish,2,0,1,image_free,https://web.archive.org/web/20170521064225im_/http://vancouverweekly-local.local/wp-content/uploads/2017/04/18056652_1181224455320165_5803701784509320752_n.jpg
68627,"“There’s still miracles happening all the time”",http://vancouverweekly-local.local/theres-still-miracles-happening-all-the-time-murray-lightburn-talks-new-dears-album-and-the-bands-20th-anniversary/,http://vancouverweekly-local.local/wp-admin/post.php?post=68627&action=edit,publish,2,0,0,image_free,https://web.archive.org/web/20151106145720im_/http://vancouverweekly-local.local/wp-content/uploads/2015/09/TheDearsPressPhoto-Copy-1024x682.jpg
68628,"These Days, Jackson Browne is pretty alright",http://vancouverweekly-local.local/these-days-jackson-browne-is-pretty-alright-57547-2/,http://vancouverweekly-local.local/wp-admin/post.php?post=68628&action=edit,publish,2,0,0,image_free,https://web.archive.org/web/20170506073836im_/http://vancouverweekly-local.local/wp-content/uploads/2017/05/straight.jpg
68634,"This Bacardi Zombie Cocktail is the Missing Ingredient to Your Halloween Party",http://vancouverweekly-local.local/this-bacardi-zombie-cocktail-is-the-missing-ingredient-to-your-halloween-party-62082-2/,http://vancouverweekly-local.local/wp-admin/post.php?post=68634&action=edit,publish,2,0,1,image_free,https://web.archive.org/web/20191208232150im_/http://vancouverweekly-local.local/wp-content/uploads/2018/10/Bacardi-Zombie-Cocktail.png
68636,"This Is What Life Looks Like",http://vancouverweekly-local.local/this-is-what-life-looks-like-57314-2/,http://vancouverweekly-local.local/wp-admin/post.php?post=68636&action=edit,publish,2,0,0,image_free,https://web.archive.org/web/20170317141518im_/http://vancouverweekly-local.local/wp-content/uploads/2017/03/Screen-Shot-2017-03-07-at-8.01.02-PM.png
68640,"This year’s Hump! Film Festival served up some fun erotic flicks",http://vancouverweekly-local.local/this-years-hump-film-festival-served-up-some-fun-erotic-flicks-61840-2/,http://vancouverweekly-local.local/wp-admin/post.php?post=68640&action=edit,publish,2,0,0,image_free,https://web.archive.org/web/20180927174628im_/http://vancouverweekly-local.local/wp-content/uploads/2018/09/humpfilmfest.jpg
68643,"Three Billboards Outside Ebbing, Missouri pits a town against a grieving, seething mother",http://vancouverweekly-local.local/three-billboards-outside-ebbing-missouri-pits-town-grieving-seething-mother/,http://vancouverweekly-local.local/wp-admin/post.php?post=68643&action=edit,publish,2,0,0,image_free,https://web.archive.org/web/20190619172021im_/http://vancouverweekly-local.local/wp-content/uploads/2017/11/Three-Billboards.jpg
68650,"Throwing rocks against the cave wall",http://vancouverweekly-local.local/throwing-rocks-against-the-cave-wall/,http://vancouverweekly-local.local/wp-admin/post.php?post=68650&action=edit,publish,2,0,0,image_free,https://web.archive.org/web/20200422112412im_/http://vancouverweekly-local.local/wp-content/uploads/2020/04/A-253257-1335878903.jpeg-1.jpg
68655,"Tim & Eric’s 10th Anniversary Tour serves up edgy, surrealist comedy",http://vancouverweekly-local.local/tim-erics-10th-anniversary-tour-serves-up-edgy-surrealist-comedy/,http://vancouverweekly-local.local/wp-admin/post.php?post=68655&action=edit,publish,2,0,1,image_free,https://web.archive.org/web/20170814203806im_/http://vancouverweekly-local.local/wp-content/uploads/2017/08/rollingstone.jpg
68660,"Time and time again",http://vancouverweekly-local.local/time-and-time-again-60081-2/,http://vancouverweekly-local.local/wp-admin/post.php?post=68660&action=edit,publish,2,0,1,image_free,https://web.archive.org/web/20180226084321im_/http://vancouverweekly-local.local/wp-content/uploads/2018/02/TIME.jpg
68667,"Tod Hughes Makes Time Stand Still",http://vancouverweekly-local.local/tod-hughes-makes-time-stand-still-56006-2/,http://vancouverweekly-local.local/wp-admin/post.php?post=68667&action=edit,publish,2,0,0,image_free,https://web.archive.org/web/20160807170409im_/http://vancouverweekly-local.local/wp-content/uploads/2016/08/unspecified.jpg
68671,"Tom Lee Music to Open Doors of Flagship Store with Weekend-Long Grand Opening",http://vancouverweekly-local.local/tom-lee-music-to-open-doors-of-flagship-store-with-weekend-long-grand-opening-57634-2/,http://vancouverweekly-local.local/wp-admin/post.php?post=68671&action=edit,publish,2,0,0,image_free,https://web.archive.org/web/20170603074033im_/http://vancouverweekly-local.local/wp-content/uploads/2017/05/roberta-sorge-125543.jpg
68674,"Tom Segura tackles taboos and humours of day-to-day life during JFL NorthWest",http://vancouverweekly-local.local/tom-segura-tackles-taboos-and-humours-of-day-to-day-life-during-jfl-northwest/,http://vancouverweekly-local.local/wp-admin/post.php?post=68674&action=edit,publish,2,0,0,image_free,https://web.archive.org/web/20170521174649im_/http://vancouverweekly-local.local/wp-content/uploads/2017/03/tom.jpg
68675,"Tones and I dances one more time at the Imperial",http://vancouverweekly-local.local/tones-and-i-dances-one-more-time-at-the-imperial/,http://vancouverweekly-local.local/wp-admin/post.php?post=68675&action=edit,publish,2,0,0,image_free,https://web.archive.org/web/20200422172640im_/http://vancouverweekly-local.local/wp-content/uploads/2020/02/Snowed-In-Comedy-Tour-Jan-24-001.jpg
68677,"Tool tightens grip on Vancouver",http://vancouverweekly-local.local/tool-tightens-grip-on-vancouver-57727-2/,http://vancouverweekly-local.local/wp-admin/post.php?post=68677&action=edit,publish,2,0,1,image_free,https://web.archive.org/web/20170623133520im_/http://vancouverweekly-local.local/wp-content/uploads/2017/06/1_Tool-Rogers_Arena-20170615-13-of-14-e1497605742956.jpg
68679,"The Top 5 Reasons to Taste Beer in the Mountains",http://vancouverweekly-local.local/top-5-reasons-taste-beer-mountains/,http://vancouverweekly-local.local/wp-admin/post.php?post=68679&action=edit,publish,2,0,0,image_free,https://web.archive.org/web/20170916141701im_/http://vancouverweekly-local.local/wp-content/uploads/2017/09/20140913-P1980706-21.jpg
68681,"Top Shelf At The Penthouse With Retro Strip Show III",http://vancouverweekly-local.local/top-shelf-at-the-penthouse-with-retro-strip-show-iii-57129-2/,http://vancouverweekly-local.local/wp-admin/post.php?post=68681&action=edit,publish,2,0,1,image_free,https://web.archive.org/web/20180323110415im_/http://vancouverweekly-local.local/wp-content/uploads/2017/02/IMG_2260.jpg
68682,"Topdog/Underdog Plays It Close to the Heart",http://vancouverweekly-local.local/topdogunderdog-plays-it-close-to-the-heart-59773-2/,http://vancouverweekly-local.local/wp-admin/post.php?post=68682&action=edit,publish,2,0,1,image_free,https://web.archive.org/web/20180202151350im_/http://vancouverweekly-local.local/wp-content/uploads/2018/01/topdog-underdog-96.jpg
68687,"Toro y Moi y Vancouver, live at the Biltmore",http://vancouverweekly-local.local/toro-y-moi-y-vancouver-live-at-the-biltmore/,http://vancouverweekly-local.local/wp-admin/post.php?post=68687&action=edit,publish,2,0,1,image_free,https://web.archive.org/web/20171005023149im_/http://vancouverweekly-local.local/wp-content/uploads/2015/09/toro1.jpg
68688,"Toronto Argonauts storm back from 21-0 deficit, stun B.C. Lions 30-27",http://vancouverweekly-local.local/toronto-argonauts-storm-back-from-21-0-deficit-stun-b-c-lions-30-27/,http://vancouverweekly-local.local/wp-admin/post.php?post=68688&action=edit,publish,2,0,1,image_free,https://web.archive.org/web/20171008193759im_/http://vancouverweekly-local.local/wp-content/uploads/2015/07/VCRD214289337_high.jpg
68692,"Tove Lo claims her throne at the Vogue",http://vancouverweekly-local.local/tove-lo-claims-her-throne-at-the-vogue/,http://vancouverweekly-local.local/wp-admin/post.php?post=68692&action=edit,publish,2,0,0,image_free,https://web.archive.org/web/20200422130454im_/http://vancouverweekly-local.local/wp-content/uploads/2020/02/Snowed-In-Comedy-Tour-Jan-24-001-1.jpg
68695,"TR/ST releases ‘The Destroyer – 2,’ the second half of a double album",http://vancouverweekly-local.local/tr-st-releases-the-destroyer-2-the-second-half-of-a-double-album/,http://vancouverweekly-local.local/wp-admin/post.php?post=68695&action=edit,publish,2,0,1,image_free,https://web.archive.org/web/20191113041435im_/http://vancouverweekly-local.local/wp-content/uploads/2019/10/71081525_635508960191439_5415297003921866752_n-4.jpg
68696,"Tragedy, grief, and homecoming fuel Rural Alberta Advantage’s return to Canada",http://vancouverweekly-local.local/tragedy-grief-and-homecoming-fuel-rural-alberta-advantages-return-to-canada-59222-2/,http://vancouverweekly-local.local/wp-admin/post.php?post=68696&action=edit,publish,2,0,0,image_free,https://web.archive.org/web/20171126194036im_/http://vancouverweekly-local.local/wp-content/uploads/2017/11/AB_Rockpile_Rural-Alberta-Advantage_D.jpg
68698,"Tragedy + Public Forum = Cathartic for Mark Hughes at The Fringe",http://vancouverweekly-local.local/tragedy-public-forum-cathartic-for-mark-hughes-at-the-fringe-56285-2/,http://vancouverweekly-local.local/wp-admin/post.php?post=68698&action=edit,publish,2,0,0,image_free,https://web.archive.org/web/20160915175819im_/http://vancouverweekly-local.local/wp-content/uploads/2016/09/tragedy-time-700x336-1.jpg
68700,"How to Train Your Dragon 2: Again, Not Your Common Sequel",http://vancouverweekly-local.local/train-dragon-2-common-sequel/,http://vancouverweekly-local.local/wp-admin/post.php?post=68700&action=edit,publish,2,0,0,image_free,https://web.archive.org/web/20151106145741im_/http://vancouverweekly-local.local/wp-content/uploads/2014/06/How-to-Train-Your-Dragon-2.jpg
68711,"Travel stress",http://vancouverweekly-local.local/travel-stress-59679-2/,http://vancouverweekly-local.local/wp-admin/post.php?post=68711&action=edit,publish,2,0,1,image_free,https://web.archive.org/web/20180322173144im_/http://vancouverweekly-local.local/wp-content/uploads/2018/01/Travel-Stress-web.jpg
68712,"Travis Scott goes Sicko Mode at Rogers Arena",http://vancouverweekly-local.local/travis-scott-goes-sicko-mode-at-rogers-arena-62766-2/,http://vancouverweekly-local.local/wp-admin/post.php?post=68712&action=edit,publish,2,0,1,image_free,https://web.archive.org/web/20190131025340im_/http://vancouverweekly-local.local/wp-content/uploads/2019/01/travisscott.jpg
68716,"Trevor Noah brings politically charged comedy to JFL NorthWest",http://vancouverweekly-local.local/trevor-noah-brings-politically-charged-comedy-to-jfl-northwest-57264-2/,http://vancouverweekly-local.local/wp-admin/post.php?post=68716&action=edit,publish,2,0,0,image_free,https://web.archive.org/web/20170420163925im_/http://vancouverweekly-local.local/wp-content/uploads/2017/02/Trevor-Noah-1.jpg
68717,"Trout Lake closed to skating till further notice",http://vancouverweekly-local.local/trout-lake-closed-to-skating-till-further-notice-57008-2/,http://vancouverweekly-local.local/wp-admin/post.php?post=68717&action=edit,publish,2,0,0,image_free,https://web.archive.org/web/20180702051903im_/http://vancouverweekly-local.local/wp-content/uploads/2017/01/Screen-Shot-2017-01-09-at-12.49.08-PM.png
68721,"True Mayhem on Hastings at The Rickshaw Theatre",http://vancouverweekly-local.local/true-mayhem-on-hastings-at-the-rickshaw-theatre-57217-2/,http://vancouverweekly-local.local/wp-admin/post.php?post=68721&action=edit,publish,2,0,0,image_free,https://web.archive.org/web/20190921171304im_/http://vancouverweekly-local.local/wp-content/uploads/2017/02/MayhemEsterSegarra_4976-2.jpg
68731,"Twenty Years of Crazy8s, and Vancouver’s Not Slowing Down",http://vancouverweekly-local.local/twenty-years-of-crazy8s-and-vancouvers-not-slowing-down/,http://vancouverweekly-local.local/wp-admin/post.php?post=68731&action=edit,publish,2,0,0,image_free,https://web.archive.org/web/20190327130612im_/http://vancouverweekly-local.local/wp-content/uploads/2019/03/Crazy8s-2019-Header.jpg
68737,"Two Feet drowns in fandom at Fortune Sound Club",http://vancouverweekly-local.local/two-feet-drowns-in-fandom-at-fortune-59901-2/,http://vancouverweekly-local.local/wp-admin/post.php?post=68737&action=edit,publish,2,0,0,image_free,https://web.archive.org/web/20180206072536im_/http://vancouverweekly-local.local/wp-content/uploads/2018/02/two-feet-momentum-ep.jpg
68738,"Two Straight Men, One Miniskirt— What is The Explanation?",http://vancouverweekly-local.local/two-straight-men-one-miniskirt-what-is-the-explanation-60490-2/,http://vancouverweekly-local.local/wp-admin/post.php?post=68738&action=edit,publish,2,0,1,image_free,https://web.archive.org/web/20180509163651im_/http://vancouverweekly-local.local/wp-content/uploads/2018/04/The_Explanation_0070-1024x683.jpg
68740,"Ty Waters records heartfelt Christmas classic",http://vancouverweekly-local.local/ty-waters-records-heartfelt-christmas-classic-59508-2/,http://vancouverweekly-local.local/wp-admin/post.php?post=68740&action=edit,publish,2,0,0,image_free,https://web.archive.org/web/20171228080452im_/http://vancouverweekly-local.local/wp-content/uploads/2017/12/1200x630sr.jpg
68741,"U.S. blitzes Japan with 4 goals in opening 16 minutes to win Women’s World Cup",http://vancouverweekly-local.local/u-s-blitzes-japan-with-4-goals-in-opening-16-minutes-to-win-womens-world-cup/,http://vancouverweekly-local.local/wp-admin/post.php?post=68741&action=edit,publish,2,0,1,image_free,https://web.archive.org/web/20180329161542im_/http://vancouverweekly-local.local/wp-content/uploads/2015/07/VCRD157284109_high.jpg
68744,"U2 stuns Vancouver with opening night of The Joshua Tree tour",http://vancouverweekly-local.local/u2-stuns-vancouver-with-opening-night-of-the-joshua-tree-tour-57585-2/,http://vancouverweekly-local.local/wp-admin/post.php?post=68744&action=edit,publish,2,0,1,image_free,https://web.archive.org/web/20170519162753im_/http://vancouverweekly-local.local/wp-content/uploads/2017/05/RLJ_3826-e1494746452737.jpg
68750,"Unforgettable: Mura Masa mesmerizes sold-out Vogue",http://vancouverweekly-local.local/unforgettable-mura-masa-mesmerizes-sold-out-vogue/,http://vancouverweekly-local.local/wp-admin/post.php?post=68750&action=edit,publish,2,0,1,image_free,https://web.archive.org/web/20170924210449im_/http://vancouverweekly-local.local/wp-content/uploads/2017/09/1499702635867-MM-21.jpeg
68751,"Ungodly comedy-lovers flock to see Sarah Silverman during JFL NorthWest",http://vancouverweekly-local.local/ungodly-comedy-lovers-flock-to-see-sarah-silverman-during-jfl-northwest-57280-2/,http://vancouverweekly-local.local/wp-admin/post.php?post=68751&action=edit,publish,2,0,0,image_free,https://web.archive.org/web/20170924204753im_/http://vancouverweekly-local.local/wp-content/uploads/2017/02/sarah-silverman-comedy-show-durham-january-2017.jpg
68752,"Unikkaaqtuat transports its audience into Inuit stories",http://vancouverweekly-local.local/unikkaaqtuat-transports-its-audience-into-inuit-stories-69954-2/,http://vancouverweekly-local.local/wp-admin/post.php?post=68752&action=edit,publish,2,0,0,image_free,https://web.archive.org/web/20200422140434im_/http://vancouverweekly-local.local/wp-content/uploads/2020/02/Unikkaaqtuat.png
68755,"Unplugged and Online: Something for the fans",http://vancouverweekly-local.local/unplugged-and-online-something-for-the-fans/,http://vancouverweekly-local.local/wp-admin/post.php?post=68755&action=edit,publish,2,0,0,image_free,https://web.archive.org/web/20200422101123im_/http://vancouverweekly-local.local/wp-content/uploads/2020/04/Bad-Habits-photo.jpg
68757,"Unwanted Expressions",http://vancouverweekly-local.local/unwanted-expressions-59765-2/,http://vancouverweekly-local.local/wp-admin/post.php?post=68757&action=edit,publish,2,0,1,image_free,https://web.archive.org/web/20180202151402im_/http://vancouverweekly-local.local/wp-content/uploads/2018/01/Unwanted-Expressions-web.jpg
68762,"Ups and Downs with Woody Allen’s Wonder Wheel",http://vancouverweekly-local.local/ups-and-downs-with-woody-allens-wonder-wheel-59237-2/,http://vancouverweekly-local.local/wp-admin/post.php?post=68762&action=edit,publish,2,0,0,image_free,https://web.archive.org/web/20171212115157im_/http://vancouverweekly-local.local/wp-content/uploads/2017/11/wonder-wheel-review.jpg
68764,"Using religion as a character diminishes the impact of Disobedience",http://vancouverweekly-local.local/using-religion-as-a-character-diminishes-the-impact-of-disobedience-60683-2/,http://vancouverweekly-local.local/wp-admin/post.php?post=68764&action=edit,publish,2,0,0,image_free,https://web.archive.org/web/20180607171605im_/http://vancouverweekly-local.local/wp-content/uploads/2018/05/27disobedience-1-superJumbo-v2.jpg
68768,"Vacation in hell with The Flatbush Zombies",http://vancouverweekly-local.local/vacation-in-hell-with-the-flatbush-zombies-60531-2/,http://vancouverweekly-local.local/wp-admin/post.php?post=68768&action=edit,publish,2,0,0,image_free,https://web.archive.org/web/20180509133759im_/http://vancouverweekly-local.local/wp-content/uploads/2018/04/Flatbush-Zombies.jpg
68780,"Vancouver buys into Santigold at rescheduled Vogue show",http://vancouverweekly-local.local/vancouver-buys-into-santigold-at-rescheduled-vogue-show-55188-2/,http://vancouverweekly-local.local/wp-admin/post.php?post=68780&action=edit,publish,2,0,1,image_free,https://web.archive.org/web/20191117014651im_/http://vancouverweekly-local.local/wp-content/uploads/2016/05/1401x788-Santigold-mustard-by-Christelle-de-Castro_.jpg
68781,"Vancouver Canucks acquire Brandon Sutter in trade with Penguins",http://vancouverweekly-local.local/vancouver-canucks-acquire-brandon-sutter-in-trade-with-penguins/,http://vancouverweekly-local.local/wp-admin/post.php?post=68781&action=edit,publish,2,0,1,image_free,https://web.archive.org/web/20200806153039im_/http://vancouverweekly-local.local/wp-content/uploads/2015/07/CPT111289966_high-297x300.jpg
68784,"Vancouver comes alive for Death from Above 1979 and Eagles of Death Metal",http://vancouverweekly-local.local/vancouver-comes-alive-for-death-from-above-1979-and-eagles-of-death-metal-55010-2/,http://vancouverweekly-local.local/wp-admin/post.php?post=68784&action=edit,publish,2,0,1,image_free,https://web.archive.org/web/20160504090603im_/http://vancouverweekly-local.local/wp-content/uploads/2016/04/10990045_10153308750901014_6008714176660406185_o.jpg
68792,"Vancouver Crowd is Nothing For Cousins To Fear",http://vancouverweekly-local.local/vancouver-crowd-nothing-afraid-cousins/,http://vancouverweekly-local.local/wp-admin/post.php?post=68792&action=edit,publish,2,0,0,image_free,https://web.archive.org/web/20190619034841im_/http://vancouverweekly-local.local/wp-content/uploads/2014/06/COUSINS_by-Paul-Sargeant.jpg
68794,"Vancouver Crowd Surely a Boost of Confidence For Banks",http://vancouverweekly-local.local/vancouver-crowd-surely-boost-confidence-banks/,http://vancouverweekly-local.local/wp-admin/post.php?post=68794&action=edit,publish,2,0,1,image_free,https://web.archive.org/web/20170924210455im_/http://vancouverweekly-local.local/wp-content/uploads/2014/05/BANKS-Press-Photo-Credit-Barnaby-Roper.jpg
68799,"Vancouver feels sparks fly between JAY-Z and Beyoncé at BC Place",http://vancouverweekly-local.local/vancouver-feels-sparks-fly-between-jay-z-and-beyonce-at-bc-place-61941-2/,http://vancouverweekly-local.local/wp-admin/post.php?post=68799&action=edit,publish,2,0,1,image_free,https://web.archive.org/web/20181007145026im_/http://vancouverweekly-local.local/wp-content/uploads/2018/10/beyonce-jay-concert.jpg
68803,"Vancouver Folk Music Festival Announces Lineup for Thursday Night Free Concert to open festival",http://vancouverweekly-local.local/vancouver-folk-music-festival-announces-lineup-for-thursday-night-free-concert-to-open-festival-57752-2/,http://vancouverweekly-local.local/wp-admin/post.php?post=68803&action=edit,publish,2,0,0,image_free,https://web.archive.org/web/20170716045003im_/http://vancouverweekly-local.local/wp-content/uploads/2017/06/vfmf2012_joe_perez_r8z0294_web.jpg
68806,"Vancouver Folk Music Festival culminates amid scorching heat",http://vancouverweekly-local.local/vancouver-folk-music-festival-culminates-amid-scorching-heat-61221-2/,http://vancouverweekly-local.local/wp-admin/post.php?post=68806&action=edit,publish,2,0,1,image_free,https://web.archive.org/web/20180721152450im_/http://vancouverweekly-local.local/wp-content/uploads/2018/07/Art_Bergman_0720-1.jpg
68815,"Vancouver Fringe Festival Has Something For Everyone",http://vancouverweekly-local.local/vancouver-fringe-festival-has-something-for-everyone-56258-2/,http://vancouverweekly-local.local/wp-admin/post.php?post=68815&action=edit,publish,2,0,0,image_free,https://web.archive.org/web/20191022140819im_/http://vancouverweekly-local.local/wp-content/uploads/2016/09/lineup1.jpg
68816,"Vancouver gets a mouthful of Peaches at the Commodore Ballroom",http://vancouverweekly-local.local/vancouver-gets-a-mouthful-of-peaches-at-the-commodore-ballroom-56487-2/,http://vancouverweekly-local.local/wp-admin/post.php?post=68816&action=edit,publish,2,0,0,image_free,https://web.archive.org/web/20161112123158im_/http://vancouverweekly-local.local/wp-content/uploads/2016/10/promoted-media-optimized_565f89c6718ee.jpg
68818,"Vancouver gets strong dose of nostalgia from the Dixie Chicks",http://vancouverweekly-local.local/vancouver-gets-strong-dose-of-nostalgia-from-the-dixie-chicks-55879-2/,http://vancouverweekly-local.local/wp-admin/post.php?post=68818&action=edit,publish,2,0,0,image_free,https://web.archive.org/web/20160718084253im_/http://vancouverweekly-local.local/wp-content/uploads/2016/07/static1.squarespace.jpg
68822,"Vancouver is sweet on Sugarman",http://vancouverweekly-local.local/vancouver-is-sweet-on-sugarman-58037-2/,http://vancouverweekly-local.local/wp-admin/post.php?post=68822&action=edit,publish,2,0,1,image_free,https://web.archive.org/web/20170814185636im_/http://vancouverweekly-local.local/wp-content/uploads/2017/08/20627034_1275464145896195_1737064243488772031_o.jpg
68823,"Vancouver jumps for Vance Joy",http://vancouverweekly-local.local/vancouver-jumps-for-vance-joy/,http://vancouverweekly-local.local/wp-admin/post.php?post=68823&action=edit,publish,2,0,1,image_free,https://web.archive.org/web/20171003102246im_/http://vancouverweekly-local.local/wp-content/uploads/2017/09/VanceJoy-10-600px_cover.jpg
68839,"Vancouver shows up for a little “Inspiration” in “Boogie Wonderland”",http://vancouverweekly-local.local/vancouver-shows-up-for-a-little-inspiration-in-boogie-wonderland-56718-2/,http://vancouverweekly-local.local/wp-admin/post.php?post=68839&action=edit,publish,2,0,0,image_free,https://web.archive.org/web/20190918120906im_/http://vancouverweekly-local.local/wp-content/uploads/2016/11/chicago-earth-wind-fire-07-2.jpg
68840,"Vancouver takes steps towards legalizing short-term rentals",http://vancouverweekly-local.local/vancouver-takes-steps-towards-legalizing-short-term-rentals/,http://vancouverweekly-local.local/wp-admin/post.php?post=68840&action=edit,publish,2,0,0,image_free,https://web.archive.org/web/20170718084733im_/http://vancouverweekly-local.local/wp-content/uploads/2017/07/tanner-vines-38164-1.jpg
68845,"Vancouver’s Looking Glass Foundation Delves Into Eating Disorder Awareness",http://vancouverweekly-local.local/vancouvers-looking-glass-foundation-delves-into-eating-disorder-awareness-54191-2/,http://vancouverweekly-local.local/wp-admin/post.php?post=68845&action=edit,publish,2,0,1,image_free,https://web.archive.org/web/20160413063449im_/http://vancouverweekly-local.local/wp-content/uploads/2016/03/unnamed.jpg
68849,"Vancouver’s Noble Son sugarcoats nothing on ‘Life Isn’t Fun’",http://vancouverweekly-local.local/vancouvers-noble-son-sugarcoats-nothing-on-life-isnt-fun/,http://vancouverweekly-local.local/wp-admin/post.php?post=68849&action=edit,publish,2,0,0,image_free,https://web.archive.org/web/20200723225404im_/http://vancouverweekly-local.local/wp-content/uploads/2020/06/nobleson.jpg
68850,"Vancouver’s Stanley Park hosts outdoor movies, musicals this summer",http://vancouverweekly-local.local/vancouvers-stanley-park-hosts-outdoor-movies-musicals-this-summer/,http://vancouverweekly-local.local/wp-admin/post.php?post=68850&action=edit,publish,2,0,1,image_free,https://web.archive.org/web/20190921153406im_/http://vancouverweekly-local.local/wp-content/uploads/2015/06/Fall_season_Stanley_Park__Vancouver_11849256216.jpg
68854,"“VCBW”: Been noticing an extra hop in everyone’s step lately?",http://vancouverweekly-local.local/vcbw-noticing-extra-hop-everyones-step-lately/,http://vancouverweekly-local.local/wp-admin/post.php?post=68854&action=edit,publish,2,0,1,image_free,https://web.archive.org/web/20190824072049im_/http://vancouverweekly-local.local/wp-content/uploads/2014/06/doolins031.jpg
68889,"Vince Staples taps into primal energy in Vancouver",http://vancouverweekly-local.local/vince-staples-taps-into-primal-energy-in-vancouver-63797-2/,http://vancouverweekly-local.local/wp-admin/post.php?post=68889&action=edit,publish,2,0,1,image_free,https://web.archive.org/web/20190327183918im_/http://vancouverweekly-local.local/wp-content/uploads/2019/03/vince-staples-bn-1.jpg
68896,"Wagner and Me: Separating Art from Artist",http://vancouverweekly-local.local/wagner-separating-art-artist/,http://vancouverweekly-local.local/wp-admin/post.php?post=68896&action=edit,publish,2,0,0,image_free,https://web.archive.org/web/20140318063459im_/http://vancouverweekly-local.local/wp-content/uploads/2014/02/30-Variety-of-Film-Screemings-at-ACMI-Cinemas-Wagner-and-Me.jpg
68898,"Wanda Sykes drops in for JFL Northwest",http://vancouverweekly-local.local/wanda-sykes-drops-in-for-jfl-northwest-53287-2/,http://vancouverweekly-local.local/wp-admin/post.php?post=68898&action=edit,publish,2,0,0,image_free,https://web.archive.org/web/20160305042635im_/http://vancouverweekly-local.local/wp-content/uploads/2016/02/wanda-sykes-ima-be-me-1024.jpg
68900,"War Baby and Dead Soft liven up a wet Saturday night in Vancouver",http://vancouverweekly-local.local/war-baby-dead-soft-liven-wet-saturday-night-vancouver/,http://vancouverweekly-local.local/wp-admin/post.php?post=68900&action=edit,publish,2,0,0,image_free,https://web.archive.org/web/20180202133046im_/http://vancouverweekly-local.local/wp-content/uploads/2018/01/20264657_1534659513258754_2402076563155383919_n-1-1.jpg
68904,"Watch the Hip’s final show for free at Vancouver Playhouse",http://vancouverweekly-local.local/watch-the-hips-final-show-for-free-at-vancouver-playhouse-56144-2/,http://vancouverweekly-local.local/wp-admin/post.php?post=68904&action=edit,publish,2,0,1,image_free,https://web.archive.org/web/20160828055813im_/http://vancouverweekly-local.local/wp-content/uploads/2016/08/CqKFE7cWEAAcCob.jpg
68906,"Wave Week in Croatia is the world’s first sailing trip combined with a music festival",http://vancouverweekly-local.local/wave-week-in-croatia-is-the-worlds-first-sailing-trip-combined-with-a-music-festival-55838-2/,http://vancouverweekly-local.local/wp-admin/post.php?post=68906&action=edit,publish,2,0,1,image_free,https://web.archive.org/web/20160705142553im_/http://vancouverweekly-local.local/wp-content/uploads/2016/07/wave-week-feature-image.jpg
68915,"‘We On Now’, Warns Vince Staples At His Best",http://vancouverweekly-local.local/we-on-now-warns-vince-staples-at-his-best-57301-2/,http://vancouverweekly-local.local/wp-admin/post.php?post=68915&action=edit,publish,2,0,1,image_free,https://web.archive.org/web/20190921232215im_/http://vancouverweekly-local.local/wp-content/uploads/2017/03/17038837_1130942557015022_6499117822633241651_o.jpg
68918,"Weezer and Panic! at the Disco master people-pleasing pop-rock",http://vancouverweekly-local.local/weezer-and-panic-at-the-disco-master-people-pleasing-pop-rock55998-2/,http://vancouverweekly-local.local/wp-admin/post.php?post=68918&action=edit,publish,2,0,1,image_free,https://web.archive.org/web/20160807170309im_/http://vancouverweekly-local.local/wp-content/uploads/2016/07/Screen-Shot-2016-07-31-at-3.20.40-PM.png
68922,"Weird Al still reigns supreme as king of all things nerdy",http://vancouverweekly-local.local/weird-al-still-reigns-supreme-as-king-of-all-things-nerdy-67276-2/,http://vancouverweekly-local.local/wp-admin/post.php?post=68922&action=edit,publish,2,0,1,image_free,https://web.archive.org/web/20190904220539im_/http://vancouverweekly-local.local/wp-content/uploads/2019/08/RLJ_6714-1-e1566520994449.jpg
68925,"Weird, wacky and wonderful: Alex Cameron is back in town",http://vancouverweekly-local.local/weird-wacky-and-wonderful-alex-cameron-is-back-in-town-60089-2/,http://vancouverweekly-local.local/wp-admin/post.php?post=68925&action=edit,publish,2,0,0,image_free,https://web.archive.org/web/20180226084405im_/http://vancouverweekly-local.local/wp-content/uploads/2018/02/a2635762742_10.jpg
68929,"Westward Music Festival bares its soul on night three at the Vogue",http://vancouverweekly-local.local/westward-music-festival-bares-its-soul-on-night-three-at-the-vogue/,http://vancouverweekly-local.local/wp-admin/post.php?post=68929&action=edit,publish,2,0,1,image_free,https://web.archive.org/web/20170922060738im_/http://vancouverweekly-local.local/wp-content/uploads/2017/09/21751366_1310301399079136_5695602729039681723_n.jpg
68930,"Westward Music Festival comes alive with Tei Shi at the Rio Theatre",http://vancouverweekly-local.local/westward-music-festival-comes-alive-with-tei-shi-at-the-rio-theatre-61604-2/,http://vancouverweekly-local.local/wp-admin/post.php?post=68930&action=edit,publish,2,0,0,image_free,https://web.archive.org/web/20191022140000im_/http://vancouverweekly-local.local/wp-content/uploads/2018/09/Tei-Shi-JJ-Medina-1490640841-640x341.jpg
68934,"Westward Music Festival second night: PUP and more show they belong",http://vancouverweekly-local.local/westward-music-festival-second-night-pup-and-more-show-they-belong-58289-2/,http://vancouverweekly-local.local/wp-admin/post.php?post=68934&action=edit,publish,2,0,1,image_free,https://web.archive.org/web/20171007030543im_/http://vancouverweekly-local.local/wp-content/uploads/2017/09/vanessa-heins-4-please-credit_wide-891dae538db1c0899f6d0f97d472c3c97327ea0f.jpg
68935,"What it’s like to be the Baroness of Bad News",http://vancouverweekly-local.local/what-its-like-to-be-the-baroness-of-bad-news-55358-2/,http://vancouverweekly-local.local/wp-admin/post.php?post=68935&action=edit,publish,2,0,1,image_free,https://web.archive.org/web/20160601141955im_/http://vancouverweekly-local.local/wp-content/uploads/2016/05/baronessjimmyhubbard0t5a2289-1.jpg
68938,"What you need to know about orange wines",http://vancouverweekly-local.local/what-you-need-to-know-about-orange-wines-59419-2/,http://vancouverweekly-local.local/wp-admin/post.php?post=68938&action=edit,publish,2,0,0,image_free,https://web.archive.org/web/20171223083453im_/http://vancouverweekly-local.local/wp-content/uploads/2017/12/orangewine.png
68940,"Where to Find Delicious Charcuterie in Vancouver",http://vancouverweekly-local.local/where-to-find-delicious-charcuterie-in-vancouver-62221-2/,http://vancouverweekly-local.local/wp-admin/post.php?post=68940&action=edit,publish,2,0,1,image_free,https://web.archive.org/web/20190201072213im_/http://vancouverweekly-local.local/wp-content/uploads/2018/11/Charcuterie.jpg
68941,"Whimsical Wonders Delight in Vancouver’s TOTEM",http://vancouverweekly-local.local/whimsical-wonders-delight-vancouvers-totem/,http://vancouverweekly-local.local/wp-admin/post.php?post=68941&action=edit,publish,2,0,0,image_free,https://web.archive.org/web/20140529002715im_/http://vancouverweekly-local.local/wp-content/uploads/2014/05/roller-skates-2.jpg
68944,"Whistler Beer Festival Celebrates its Fifth Anniversary In Style",http://vancouverweekly-local.local/whistler-beer-festival-celebrates-its-fifth-anniversary-in-style/,http://vancouverweekly-local.local/wp-admin/post.php?post=68944&action=edit,publish,2,0,0,image_free,https://web.archive.org/web/20170916054415im_/http://vancouverweekly-local.local/wp-content/uploads/2017/09/EBecksteadWVBF_2016_-6679-1.jpg
68945,"White Ash Falls (Andy Bishop) Hits All the Right Notes",http://vancouverweekly-local.local/white-ash-falls-andy-bishop-hits-all-the-right-notes/,http://vancouverweekly-local.local/wp-admin/post.php?post=68945&action=edit,publish,2,0,0,image_free,https://web.archive.org/web/20190408002230im_/http://vancouverweekly-local.local/wp-content/uploads/2013/12/a0879975577_10-800x799.jpg
68958,"Whitecaps’ co-owner says money is there to make a move during transfer window",http://vancouverweekly-local.local/whitecaps-co-owner-says-money-is-there-to-make-a-move-during-transfer-window/,http://vancouverweekly-local.local/wp-admin/post.php?post=68958&action=edit,publish,2,0,1,image_free,https://web.archive.org/web/20171008024430im_/http://vancouverweekly-local.local/wp-content/uploads/2015/07/CPT113286243_high.jpg
68959,"Whitecaps goalkeeper David Ousted named MLS player of the month for June",http://vancouverweekly-local.local/whitecaps-goalkeeper-david-ousted-named-mls-player-of-the-month-for-june/,http://vancouverweekly-local.local/wp-admin/post.php?post=68959&action=edit,publish,2,0,1,image_free,https://web.archive.org/web/20190826065021im_/http://vancouverweekly-local.local/wp-content/uploads/2015/07/David_Ousted-227x300.jpg
68960,"Who is Clark Rockefeller? In True Crime, Torquil Campbell Tries to get the Truth from the Infamous Conman",http://vancouverweekly-local.local/who-is-clark-rockefeller-in-true-crime-torquil-campbell-tries-to-get-the-truth-from-the-infamous-conman-62916-2/,http://vancouverweekly-local.local/wp-admin/post.php?post=68960&action=edit,publish,2,0,1,image_free,https://web.archive.org/web/20190211225651im_/http://vancouverweekly-local.local/wp-content/uploads/2019/02/torquil-campbell-design-by-remington-north-photo-by-dahlia-katz-4.jpg
68962,"Who the F*^k is Saul Williams?",http://vancouverweekly-local.local/who-the-fk-is-saul-williams-56772-2/,http://vancouverweekly-local.local/wp-admin/post.php?post=68962&action=edit,publish,2,0,0,image_free,https://web.archive.org/web/20181124032204im_/http://vancouverweekly-local.local/wp-content/uploads/2016/11/saulwilliams_gw20150070283_highres_wide-d40b88a86d378b4f9a77760d0ef3089cbfa8c3b5.jpg
68964,"Why It Took 17 Years For (hed) p.e. To Be Seen",http://vancouverweekly-local.local/why-it-took-17-years-for-h%c9%99d-p-e-to-be-seen-56957-2/,http://vancouverweekly-local.local/wp-admin/post.php?post=68964&action=edit,publish,2,0,0,image_free,https://web.archive.org/web/20170209054343im_/http://vancouverweekly-local.local/wp-content/uploads/2016/12/hed_pe_1240x800-620x400-1.jpg
68965,"Why The Good Doctor Has Some Naughty Ways",http://vancouverweekly-local.local/why-the-good-doctor-has-some-naughty-ways-56982-2/,http://vancouverweekly-local.local/wp-admin/post.php?post=68965&action=edit,publish,2,0,1,image_free,https://web.archive.org/web/20181022103613im_/http://vancouverweekly-local.local/wp-content/uploads/2017/01/teesha-morgan-vancouver-sex-therapy.jpg
68972,"Wild Child takes the music seriously, but not themselves",http://vancouverweekly-local.local/wild-child-takes-the-music-seriously-but-not-themselves-60522-2/,http://vancouverweekly-local.local/wp-admin/post.php?post=68972&action=edit,publish,2,0,0,image_free,https://web.archive.org/web/20180509163802im_/http://vancouverweekly-local.local/wp-content/uploads/2018/04/ct-cth-wildchild1-credit-todd-jpg-20140306.jpg
68973,"Wild Nothing grows up while staying true to original style",http://vancouverweekly-local.local/wild-nothing-grows-up-while-staying-true-to-original-style-54790-2/,http://vancouverweekly-local.local/wp-admin/post.php?post=68973&action=edit,publish,2,0,0,image_free,https://web.archive.org/web/20160430201459im_/http://vancouverweekly-local.local/wp-content/uploads/2016/04/unspecified.jpg
68977,"Will Tanya Gallagher’s Time Here Expire Before You Hear?",http://vancouverweekly-local.local/will-tanya-gallaghers-time-here-expire-before-you-hear-56703-2/,http://vancouverweekly-local.local/wp-admin/post.php?post=68977&action=edit,publish,2,0,0,image_free,https://web.archive.org/web/20190921232142im_/http://vancouverweekly-local.local/wp-content/uploads/2016/11/unspecified.jpg
68978,"Will the Folk Festival Keep Shining as Long as the Skies Remain Clear, or is More Needed?",http://vancouverweekly-local.local/will-the-folk-festival-keep-shining-as-long-as-the-skies-remain-clear-or-is-more-needed-61192-2/,http://vancouverweekly-local.local/wp-admin/post.php?post=68978&action=edit,publish,2,0,1,image_free,https://web.archive.org/web/20180725141626im_/http://vancouverweekly-local.local/wp-content/uploads/2018/07/day2_0923-2.jpg
68981,"Will Used Man For Sale Phil Gammage Lounge His Way To The Top?",http://vancouverweekly-local.local/will-used-man-for-sale-phil-gammage-lounge-his-way-to-the-top-56418-2/,http://vancouverweekly-local.local/wp-admin/post.php?post=68981&action=edit,publish,2,0,1,image_free,https://web.archive.org/web/20170314182650im_/http://vancouverweekly-local.local/wp-content/uploads/2016/09/unspecified.jpg
68988,"Win a copy of acclaimed cellist Yo-Yo Ma’s 2004 album ‘Obrigado Brazil’",http://vancouverweekly-local.local/win-copy-acclaimed-cellist-yo-yo-mas-2004-album-obrigado-brazil/,http://vancouverweekly-local.local/wp-admin/post.php?post=68988&action=edit,publish,2,0,0,image_free,https://web.archive.org/web/20150211013306im_/http://vancouverweekly-local.local/wp-content/uploads/2014/02/VanWeekly_Yo-YoMA-copy.jpg
68989,"Win a Full Tasting for Two at Prohibition Brewing Company",http://vancouverweekly-local.local/win-full-tasting-two-prohibition-brewing-company/,http://vancouverweekly-local.local/wp-admin/post.php?post=68989&action=edit,publish,2,0,0,image_free,https://web.archive.org/web/20140927045744im_/http://vancouverweekly-local.local/wp-content/uploads/2014/06/prohibitiontastingroom.jpg
68994,"Win Full Weekend Passes to Vancouver Folk Music Festival – July 17-19, 2015",http://vancouverweekly-local.local/win-full-weekend-passes-to-vancouver-folk-music-festival-july-17-19-2015/,http://vancouverweekly-local.local/wp-admin/post.php?post=68994&action=edit,publish,2,0,0,image_free,https://web.archive.org/web/20151011185007im_/http://vancouverweekly-local.local/wp-content/uploads/2013/06/vfmf1.jpg
68997,"Win a Nucelle Mandelic Skin Conditioning Travel Set",http://vancouverweekly-local.local/win-nucelle-mandelic-skin-conditioning-travel-set/,http://vancouverweekly-local.local/wp-admin/post.php?post=68997&action=edit,publish,2,0,0,image_free,https://web.archive.org/web/20140507024511im_/http://vancouverweekly-local.local/wp-content/uploads/2014/05/Nucelle.jpg
69001,"Win Passes to Claiming Space: Voices of Urban Aboriginal Youth at MOA – June 1, 2014",http://vancouverweekly-local.local/win-passes-claiming-space-voices-urban-aboriginal-youth-moa-june-1-2014/,http://vancouverweekly-local.local/wp-admin/post.php?post=69001&action=edit,publish,2,0,0,image_free,https://web.archive.org/web/20140518124226im_/http://vancouverweekly-local.local/wp-content/uploads/2014/05/Cody-Lecoy-Lions-Gate-Bridge-copy.jpg
69002,"Win Passes to Hot Tub Time Machine 2 Screening at SilverCity Metropolis – February 18, 2015",http://vancouverweekly-local.local/win-passes-hot-tub-time-machine-2-screening-international-village-cinemas-february-20-2015/,http://vancouverweekly-local.local/wp-admin/post.php?post=69002&action=edit,publish,2,0,0,image_free,https://web.archive.org/web/20150203101526im_/http://vancouverweekly-local.local/wp-content/uploads/2015/01/HTTM2-14603-copy.jpg
69004,"Win passes to Selma screening at International Village Cinemas – January 7, 2015",http://vancouverweekly-local.local/win-passes-selma-screening-international-village-cinemas-january-7-2015/,http://vancouverweekly-local.local/wp-admin/post.php?post=69004&action=edit,publish,2,0,0,image_free,https://web.archive.org/web/20141228022857im_/http://vancouverweekly-local.local/wp-content/uploads/2014/12/sel-03568r-copy1.jpg
69007,"Win Passes to Heaven, Hell & Somewhere In-Between at MOA – May 12, 2015",http://vancouverweekly-local.local/win-passes-to-heaven-hell-somewhere-in-between-at-moa-may-12-2015/,http://vancouverweekly-local.local/wp-admin/post.php?post=69007&action=edit,publish,2,0,0,image_free,https://web.archive.org/web/20150517193628im_/http://vancouverweekly-local.local/wp-content/uploads/2015/04/265-AnthonyBookPhotography-134309_resized-copy1.jpg
69008,"Win Passes to Without Masks: Afro-Cuban Art Exhibit at MOA – May 2, 2014",http://vancouverweekly-local.local/win-passes-without-masks-afro-cuban-art-exhibit-moa-may-2-2014/,http://vancouverweekly-local.local/wp-admin/post.php?post=69008&action=edit,publish,2,0,0,image_free,https://web.archive.org/web/20140406104108im_/http://vancouverweekly-local.local/wp-content/uploads/2014/04/Juan-Carlos-Alom-Without-Words-copy.jpg
69009,"Win Tickets to 36? with Erma at Biltmore Cabaret – August 16, 2014",http://vancouverweekly-local.local/win-tickets-36-erma-biltmore-cabaret-august-16-2014/,http://vancouverweekly-local.local/wp-admin/post.php?post=69009&action=edit,publish,2,0,0,image_free,https://web.archive.org/web/20140811040300im_/http://vancouverweekly-local.local/wp-content/uploads/2014/08/BC-1-copy.jpg
69011,"Win Tickets to Bear Hands at the Media Club – April 2, 2014",http://vancouverweekly-local.local/win-tickets-bear-hands-media-club-april-2-2014/,http://vancouverweekly-local.local/wp-admin/post.php?post=69011&action=edit,publish,2,0,0,image_free,https://web.archive.org/web/20140317221148im_/http://vancouverweekly-local.local/wp-content/uploads/2014/03/LN-BearHands-11x17-4c-bleed-02-copy.jpg
69013,"Win Tickets to Biltmore Cabaret’s St. Patty’s Day with The River and the Road and guests – March 17, 2014",http://vancouverweekly-local.local/win-tickets-biltmore-cabarets-st-pattys-day-river-road-guests-march-17-2014/,http://vancouverweekly-local.local/wp-admin/post.php?post=69013&action=edit,publish,2,0,0,image_free,https://web.archive.org/web/20140317214804im_/http://vancouverweekly-local.local/wp-content/uploads/2014/03/river-and-the-road.jpg
69014,"Win Tickets to Blouse with Dum Dum Girls at the Biltmore Cabaret – April 4, 2014",http://vancouverweekly-local.local/win-tickets-blouse-dum-dum-girls-biltmore-cabaret-april-4-2014/,http://vancouverweekly-local.local/wp-admin/post.php?post=69014&action=edit,publish,2,0,0,image_free,https://web.archive.org/web/20140427231311im_/http://vancouverweekly-local.local/wp-content/uploads/2014/03/Blouse8_TonjeThilesen.jpg
69016,"Win Tickets to Celtic Connections at Chan Centre – March 21, 2015",http://vancouverweekly-local.local/win-tickets-celtic-connections-chan-centre-march-21-2015/,http://vancouverweekly-local.local/wp-admin/post.php?post=69016&action=edit,publish,2,0,0,image_free,https://web.archive.org/web/20150309232048im_/http://vancouverweekly-local.local/wp-content/uploads/2015/03/Zakir_Hussain_3-credit_Susana_Millman-copy.jpg
69017,"Win Tickets to the Coastal First Nations Dance Festival – March 4-9, 2014",http://vancouverweekly-local.local/win-tickets-coastal-first-nations-dance-festival-march-4-9-2014/,http://vancouverweekly-local.local/wp-admin/post.php?post=69017&action=edit,publish,2,0,0,image_free,https://web.archive.org/web/20140711155822im_/http://vancouverweekly-local.local/wp-content/uploads/2014/02/CFNDF-copy.jpg
69018,"Win Tickets to The Competition is Fierce at Shop Theatre – March 5, 2015",http://vancouverweekly-local.local/win-tickets-competition-fierce-shop-theatre-march-5-2015/,http://vancouverweekly-local.local/wp-admin/post.php?post=69018&action=edit,publish,2,0,0,image_free,https://web.archive.org/web/20150206043151im_/http://vancouverweekly-local.local/wp-content/uploads/2015/02/Small-IMG_2497-1-Edit_Marilyn-Norry-copy.jpg
69022,"Win Tickets to Crazy 8s Gala Screening and Afterparty – February 28, 2015",http://vancouverweekly-local.local/win-tickets-crazy-8s-gala-screening-afterparty-february-28-2015/,http://vancouverweekly-local.local/wp-admin/post.php?post=69022&action=edit,publish,2,0,0,image_free,https://web.archive.org/web/20150222085012im_/http://vancouverweekly-local.local/wp-content/uploads/2015/02/The-Twisted-Slipper.jpg
69023,"Win Tickets to Crazy8s Gala Screening and Afterparty – March 1, 2014",http://vancouverweekly-local.local/win-tickets-crazy8s-gala-screening-afterparty-march-1-2014/,http://vancouverweekly-local.local/wp-admin/post.php?post=69023&action=edit,publish,2,0,0,image_free,https://web.archive.org/web/20140310045728im_/http://vancouverweekly-local.local/wp-content/uploads/2014/02/Bedbugs_Crazy8s2014-0011-copy.jpg
69024,"Win Tickets to Dairakudakan at Vancouver International Dance Festival – March 20, 2015",http://vancouverweekly-local.local/win-tickets-dairakudakan-vancouver-international-dance-festival-march-20-2015/,http://vancouverweekly-local.local/wp-admin/post.php?post=69024&action=edit,publish,2,0,0,image_free,https://web.archive.org/web/20150309232106im_/http://vancouverweekly-local.local/wp-content/uploads/2015/03/img41-1400x600.jpg
69025,"Win Tickets to Dancers of Damelahamid at Coastal First Nations Dance Festival – March 6, 2015",http://vancouverweekly-local.local/win-tickets-dancers-damelahamid-coastal-first-nations-dance-festival-march-6-2015/,http://vancouverweekly-local.local/wp-admin/post.php?post=69025&action=edit,publish,2,0,0,image_free,https://web.archive.org/web/20150222085016im_/http://vancouverweekly-local.local/wp-content/uploads/2015/02/damelahamid_0401_resized-copy.jpg
69028,"Win Tickets to On Death’s Door at the Virtual Stage – October 7, 2014",http://vancouverweekly-local.local/win-tickets-deaths-door-virtual-stage-october-7-2014/,http://vancouverweekly-local.local/wp-admin/post.php?post=69028&action=edit,publish,2,0,0,image_free,https://web.archive.org/web/20140919032553im_/http://vancouverweekly-local.local/wp-content/uploads/2014/09/Bettina_Strauss_photo_of_Olivia_Blake_and_Mariah_Layne_Zombies2014-0296_resized-copy.jpg
69031,"Win Tickets to Fish & Bird Album Release at Biltmore Cabaret – October 1, 2014",http://vancouverweekly-local.local/win-tickets-fish-bird-album-release-biltmore-cabaret-october-1-2014/,http://vancouverweekly-local.local/wp-admin/post.php?post=69031&action=edit,publish,2,0,0,image_free,https://web.archive.org/web/20140919140935im_/http://vancouverweekly-local.local/wp-content/uploads/2014/09/fish-bird-copy.jpg
69032,"Win Tickets to Flight of the Dragon at FlyOver Canada – March 5, 2015",http://vancouverweekly-local.local/win-tickets-flight-dragon-flyover-canada-march-5-2015/,http://vancouverweekly-local.local/wp-admin/post.php?post=69032&action=edit,publish,2,0,0,image_free,https://web.archive.org/web/20150206043214im_/http://vancouverweekly-local.local/wp-content/uploads/2015/02/40.jpg
69034,"Win Tickets to Floyd Collins at the York Theatre – March 22, 2014",http://vancouverweekly-local.local/win-tickets-floyd-collins-york-theatre-march-22-2014/,http://vancouverweekly-local.local/wp-admin/post.php?post=69034&action=edit,publish,2,0,0,image_free,https://web.archive.org/web/20140317195915im_/http://vancouverweekly-local.local/wp-content/uploads/2014/03/FLOYD_advance_0250_resized-copy.jpg
69035,"Win Tickets to G.F. Handel’s Theodora at the Chan Centre – February 14, 2015",http://vancouverweekly-local.local/win-tickets-g-f-handels-theodora-chan-centre-february-14-2015/,http://vancouverweekly-local.local/wp-admin/post.php?post=69035&action=edit,publish,2,0,0,image_free,https://web.archive.org/web/20150203100312im_/http://vancouverweekly-local.local/wp-content/uploads/2015/01/EMV-Bach-Cantata-Project-2012-by-Jan-Gates-copy.jpg
69037,"Win Tickets to Geekenders: The Empire Strips Back at Rio Theatre – May 1, 2014",http://vancouverweekly-local.local/win-tickets-geekenders-empire-strips-back-rio-theatre-may-1-2014/,http://vancouverweekly-local.local/wp-admin/post.php?post=69037&action=edit,publish,2,0,0,image_free,https://web.archive.org/web/20140317195924im_/http://vancouverweekly-local.local/wp-content/uploads/2014/03/supertrouperposes-copy.jpg
69038,"Win Tickets to Geekender’s Guide to the Galaxy at Wise Hall – April 11, 2014",http://vancouverweekly-local.local/win-tickets-geekenders-guide-galaxy-wise-hall-april-11-2014/,http://vancouverweekly-local.local/wp-admin/post.php?post=69038&action=edit,publish,2,0,0,image_free,https://web.archive.org/web/20140317195932im_/http://vancouverweekly-local.local/wp-content/uploads/2014/03/NudeHopeGroup-copy.jpg
69039,"Win Tickets to The Gloaming at the Chan Centre – November 15, 2014",http://vancouverweekly-local.local/win-tickets-gloaming-chan-centre-november-15-2014/,http://vancouverweekly-local.local/wp-admin/post.php?post=69039&action=edit,publish,2,0,0,image_free,https://web.archive.org/web/20141227113235im_/http://vancouverweekly-local.local/wp-content/uploads/2014/11/TheGloaming_5226x3242_posed-copy.jpg
69040,"Win Tickets to Gnomadics Release Show at Biltmore Cabaret – March 25, 2014",http://vancouverweekly-local.local/win-tickets-gnomadics-release-show-biltmore-cabaret-march-25-2014/,http://vancouverweekly-local.local/wp-admin/post.php?post=69040&action=edit,publish,2,0,0,image_free,https://web.archive.org/web/20140317195918im_/http://vancouverweekly-local.local/wp-content/uploads/2014/03/Mar-25-copy.jpg
69041,"Win Tickets to Hallelujar Praise: Motown Meets Gospel concert at Ryerson United Church – March 1, 2015",http://vancouverweekly-local.local/win-tickets-hallelujar-praise-motown-meets-gospel-concert-ryerson-united-church-march-1-2015/,http://vancouverweekly-local.local/wp-admin/post.php?post=69041&action=edit,publish,2,0,0,image_free,https://web.archive.org/web/20150206043219im_/http://vancouverweekly-local.local/wp-content/uploads/2015/02/Louise-Rose-3_resized-copy.jpg
69044,"Win Tickets to Hiss Golden Messenger at Biltmore Cabaret – November 7, 2014",http://vancouverweekly-local.local/win-tickets-hiss-golden-messenger-biltmore-cabaret-november-7-2014/,http://vancouverweekly-local.local/wp-admin/post.php?post=69044&action=edit,publish,2,0,0,image_free,https://web.archive.org/web/20141103180153im_/http://vancouverweekly-local.local/wp-content/uploads/2014/10/Hiss-Golden-Messenger_Approved-Photo-copy.jpg
69046,"Win Tickets to James and the Giant Peach at Waterfront Theatre – December 7, 2014",http://vancouverweekly-local.local/win-tickets-james-giant-peach-waterfront-theatre-december-7-2014/,http://vancouverweekly-local.local/wp-admin/post.php?post=69046&action=edit,publish,2,0,0,image_free,https://web.archive.org/web/20141227193306im_/http://vancouverweekly-local.local/wp-content/uploads/2014/11/James_3695flyingNBd-copy.jpg
69047,"Win Tickets to Jenny Ritter at Biltmore Cabaret – August 28, 2014",http://vancouverweekly-local.local/win-tickets-jenny-ritter-biltmore-cabaret-august-28-2014/,http://vancouverweekly-local.local/wp-admin/post.php?post=69047&action=edit,publish,2,0,0,image_free,https://web.archive.org/web/20141113184546im_/http://vancouverweekly-local.local/wp-content/uploads/2014/08/jenny-ritter-copy.jpg
69049,"Win Tickets to Kalle Mattson at the Biltmore Cabaret – September 16, 2014",http://vancouverweekly-local.local/win-tickets-kalle-mattson-biltmore-cabaret-september-16-2014/,http://vancouverweekly-local.local/wp-admin/post.php?post=69049&action=edit,publish,2,0,0,image_free,https://web.archive.org/web/20140919141222im_/http://vancouverweekly-local.local/wp-content/uploads/2014/09/kallemattson-1-copy.jpg
69054,"Win Tickets to La Roux at the Commodore Ballroom – September 18, 2014",http://vancouverweekly-local.local/win-tickets-la-roux-commodore-ballroom-september-18-2014/,http://vancouverweekly-local.local/wp-admin/post.php?post=69054&action=edit,publish,2,0,0,image_free,https://web.archive.org/web/20141104063832im_/http://vancouverweekly-local.local/wp-content/uploads/2014/08/LN-LaRoux-11x17-4c-bleed-03-copy.jpg
69056,"Win Tickets to Lauren Mann & The Fairly Odd Folk at Biltmore Cabaret – October 15, 2014",http://vancouverweekly-local.local/win-tickets-lauren-mann-fairly-odd-folk-biltmore-cabaret-october-15-2014/,http://vancouverweekly-local.local/wp-admin/post.php?post=69056&action=edit,publish,2,0,0,image_free,https://web.archive.org/web/20140919123605im_/http://vancouverweekly-local.local/wp-content/uploads/2014/09/lauren-mann-copy.jpg
69058,"Win Tickets to Leisure Cruise at The Media Club – March 1, 2015",http://vancouverweekly-local.local/win-tickets-leisure-cruise-media-club-march-1-2015/,http://vancouverweekly-local.local/wp-admin/post.php?post=69058&action=edit,publish,2,0,0,image_free,https://web.archive.org/web/20150203100317im_/http://vancouverweekly-local.local/wp-content/uploads/2015/01/Leisure-Cruise_Approved-Photo-copy.jpg
69059,"Win Tickets to Logic at the Commodore – June 11, 2014",http://vancouverweekly-local.local/win-tickets-logic-commodore-june-11-2014/,http://vancouverweekly-local.local/wp-admin/post.php?post=69059&action=edit,publish,2,0,0,image_free,https://web.archive.org/web/20140608130137im_/http://vancouverweekly-local.local/wp-content/uploads/2014/06/LN-Logic-11x17-4c-bleed-new-support-01-copy.jpg
69060,"Win Tickets to Megan Lane at Biltmore Cabaret – August 26, 2014",http://vancouverweekly-local.local/win-tickets-megan-lane-biltmore-cabaret-august-26-2014/,http://vancouverweekly-local.local/wp-admin/post.php?post=69060&action=edit,publish,2,0,0,image_free,https://web.archive.org/web/20140811040341im_/http://vancouverweekly-local.local/wp-content/uploads/2014/08/meganlane-with-LOGO-copy.png
69064,"Win Tickets to Orbits: A Movement Study at Roundhouse Exhibition Hall – March 26, 2015",http://vancouverweekly-local.local/win-tickets-orbits-movement-study-roundhouse-exhibition-hall-march-26-2015/,http://vancouverweekly-local.local/wp-admin/post.php?post=69064&action=edit,publish,2,0,0,image_free,https://web.archive.org/web/20150309232112im_/http://vancouverweekly-local.local/wp-content/uploads/2015/03/response41-1400x6001.jpg
69066,"Win Tickets to Romeo and Juliet at the Rio Theatre – February 14, 2014",http://vancouverweekly-local.local/win-tickets-romeo-juliet-rio-theatre-february-14-2014/,http://vancouverweekly-local.local/wp-admin/post.php?post=69066&action=edit,publish,2,0,0,image_free,https://web.archive.org/web/20140403142930im_/http://vancouverweekly-local.local/wp-content/uploads/2014/01/romeo_and_juliet-poster-21.jpg
69072,"Win Tickets to Severn Cullis-Suzuki and Tanya Tagaq at Telus Studio Theatre – October 16, 2014",http://vancouverweekly-local.local/win-tickets-severn-cullis-suzuki-tanya-tagaq-telus-studio-theatre-october-16-2014/,http://vancouverweekly-local.local/wp-admin/post.php?post=69072&action=edit,publish,2,0,0,image_free,https://web.archive.org/web/20140919032709im_/http://vancouverweekly-local.local/wp-content/uploads/2014/09/0105x-resized-copy.jpg
69073,"Win Tickets to Sh-Shakes First Show at Electric Owl – May 20, 2014",http://vancouverweekly-local.local/win-tickets-sh-shakes-first-show-electric-owl-may-20-2014/,http://vancouverweekly-local.local/wp-admin/post.php?post=69073&action=edit,publish,2,0,0,image_free,https://web.archive.org/web/20140518130323im_/http://vancouverweekly-local.local/wp-content/uploads/2014/05/10338696_662299333823130_7023893864315968385_n.jpg
69074,"Win Tickets to The Shining at The Rio Theatre – January 24, 2014",http://vancouverweekly-local.local/win-tickets-shining-rio-theatre-january-24-2014/,http://vancouverweekly-local.local/wp-admin/post.php?post=69074&action=edit,publish,2,0,0,image_free,https://web.archive.org/web/20140130140533im_/http://vancouverweekly-local.local/wp-content/uploads/2014/01/the-shining-original.jpg
69079,"Win Tickets to Skye Wallace’s Album Release Show @ The Biltmore Cabaret – April 12, 2014",http://vancouverweekly-local.local/win-tickets-skye-wallaces-album-release-show-biltmore-cabaret-april-12-2014/,http://vancouverweekly-local.local/wp-admin/post.php?post=69079&action=edit,publish,2,0,0,image_free,https://web.archive.org/web/20140406152727im_/http://vancouverweekly-local.local/wp-content/uploads/2014/03/SKYE-WALLACE-POSTER-w-VANWEEKLY1.jpg
69080,"Win Tickets to Small Stage Point 5 at The Emerald – February 12, 2015",http://vancouverweekly-local.local/win-tickets-small-stage-point-5-emerald-february-12-2015/,http://vancouverweekly-local.local/wp-admin/post.php?post=69080&action=edit,publish,2,0,0,image_free,https://web.archive.org/web/20150203101556im_/http://vancouverweekly-local.local/wp-content/uploads/2015/01/PICT0166-copy-21.jpg
69082,"Win Tickets to Stickboy at Vancouver Playhouse – October 28, 2014",http://vancouverweekly-local.local/win-tickets-stickboy-vancouver-playhouse-october-28-2014/,http://vancouverweekly-local.local/wp-admin/post.php?post=69082&action=edit,publish,2,0,0,image_free,https://web.archive.org/web/20141020114328im_/http://vancouverweekly-local.local/wp-content/uploads/2014/10/ShaneKoyczan_Credit-Karre-Iverson-copy.jpg
69083,"Win Tickets to Strand of Oaks @ Biltmore Cabaret – August 27, 2014",http://vancouverweekly-local.local/win-tickets-strand-oaks-biltmore-cabaret-august-27-2014/,http://vancouverweekly-local.local/wp-admin/post.php?post=69083&action=edit,publish,2,0,0,image_free,https://web.archive.org/web/20140707235256im_/http://vancouverweekly-local.local/wp-content/uploads/2014/06/Strand-of-Aoks-523x431-copy.jpg
69087,"Win Tickets to Ted Seeberg’s VIP Exhibition Reception at East Van Studios – October 16, 2014",http://vancouverweekly-local.local/win-tickets-ted-seebergs-vip-exhibition-reception-east-van-studios-october-16-2014/,http://vancouverweekly-local.local/wp-admin/post.php?post=69087&action=edit,publish,2,0,0,image_free,https://web.archive.org/web/20140919032939im_/http://vancouverweekly-local.local/wp-content/uploads/2014/09/9.-Sunny-Reach-copy.jpg
69089,"Win Tickets to Three of Clubs Tour show at The Biltmore Cabaret – April 17, 2014",http://vancouverweekly-local.local/win-tickets-three-clubs-tour-show-biltmore-cabaret-april-17-2014/,http://vancouverweekly-local.local/wp-admin/post.php?post=69089&action=edit,publish,2,0,0,image_free,https://web.archive.org/web/20140406153544im_/http://vancouverweekly-local.local/wp-content/uploads/2014/04/LN-ThreeOfClubs-11x17-4c-bleed-02.jpg
69094,"Win Tickets to Blasted at Performance Works – April 11, 2015",http://vancouverweekly-local.local/win-tickets-to-blasted-at-performance-works-april-11-2015/,http://vancouverweekly-local.local/wp-admin/post.php?post=69094&action=edit,publish,2,0,0,image_free,https://web.archive.org/web/20151022222700im_/http://vancouverweekly-local.local/wp-content/uploads/2015/03/Blasted_1797_resized-copy.jpg
69096,"Win Tickets to Dances for a Small Stage – June 2, 2015",http://vancouverweekly-local.local/win-tickets-to-dances-for-a-small-stage-june-2-2015/,http://vancouverweekly-local.local/wp-admin/post.php?post=69096&action=edit,publish,2,0,0,image_free,https://web.archive.org/web/20151012101520im_/http://vancouverweekly-local.local/wp-content/uploads/2015/05/unnamed.jpg
69099,"Win Tickets to Early Music Vancouver’s Four Seasons at Chan Centre – May 1, 2015",http://vancouverweekly-local.local/win-tickets-to-early-music-vancouvers-four-seasons-at-chan-centre-may-1-2015/,http://vancouverweekly-local.local/wp-admin/post.php?post=69099&action=edit,publish,2,0,0,image_free,https://web.archive.org/web/20150517193633im_/http://vancouverweekly-local.local/wp-content/uploads/2015/04/Portland-Baroque-Orchestra_resized-copy.jpg
69100,"Win Tickets to East Van Summer Jam 2015 – July 4, 2015",http://vancouverweekly-local.local/win-tickets-to-east-van-summer-jam-2015-july-4-2015/,http://vancouverweekly-local.local/wp-admin/post.php?post=69100&action=edit,publish,2,0,0,image_free,https://web.archive.org/web/20151025023630im_/http://vancouverweekly-local.local/wp-content/uploads/2015/06/evsj-banner.jpg
69110,"Win Tickets to Hairspray The Musical – July 24, 2015",http://vancouverweekly-local.local/win-tickets-to-hairspray-the-musical-july-24-2015/,http://vancouverweekly-local.local/wp-admin/post.php?post=69110&action=edit,publish,2,0,0,image_free,https://web.archive.org/web/20151012101342im_/http://vancouverweekly-local.local/wp-content/uploads/2015/06/XHHmxZpthU6GOxPUyjCtefIo6RFdwKzCF2WsZ6p1wY81.jpg
69113,"Win Tickets to (In)visible: The Spiritual World of Taiwan through Contemporary Art",http://vancouverweekly-local.local/win-tickets-to-invisible-the-spiritual-world-of-taiwan-through-contemporary-art/,http://vancouverweekly-local.local/wp-admin/post.php?post=69113&action=edit,publish,2,0,0,image_free,https://web.archive.org/web/20151109123328im_/http://vancouverweekly-local.local/wp-content/uploads/2015/10/Screen-Shot-2015-10-31-at-10.15.13-AM-300x232.png
69118,"Win Tickets to Lila Downs at the Chan Centre – April 26, 2015",http://vancouverweekly-local.local/win-tickets-to-lila-downs-at-the-chan-centre-april-26-2015/,http://vancouverweekly-local.local/wp-admin/post.php?post=69118&action=edit,publish,2,0,0,image_free,https://web.archive.org/web/20150418075740im_/http://vancouverweekly-local.local/wp-content/uploads/2015/04/LILA-DOWNS-7-PHOTO-CREDIT-ELENA-PARDO-Sm-copy.jpg
69127,"Win Tickets to Oliver! The Musical, July 15, 2015",http://vancouverweekly-local.local/win-tickets-to-oliver-the-musical-july-15-2015/,http://vancouverweekly-local.local/wp-admin/post.php?post=69127&action=edit,publish,2,0,0,image_free,https://web.archive.org/web/20151012062033im_/http://vancouverweekly-local.local/wp-content/uploads/2015/06/fH9Yjd7egC9_iPGnQ3_OcABv8zAfbsaty3sdE_UGlr0.jpg
69128,"Win Tickets to Opera Warriors at the Queen Elizabeth Theatre",http://vancouverweekly-local.local/win-tickets-to-opera-warriors-at-the-queen-elizabeth-theatre/,http://vancouverweekly-local.local/wp-admin/post.php?post=69128&action=edit,publish,2,0,0,image_free,https://web.archive.org/web/20160108015433im_/http://vancouverweekly-local.local/wp-content/uploads/2015/12/operawarriors1.jpg
69131,"Win Tickets to Shanghai Quartet at Chan Centre – May 9, 2015",http://vancouverweekly-local.local/win-tickets-to-shanghai-quartet-at-chan-centre-may-9-2015/,http://vancouverweekly-local.local/wp-admin/post.php?post=69131&action=edit,publish,2,0,0,image_free,https://web.archive.org/web/20150517193639im_/http://vancouverweekly-local.local/wp-content/uploads/2015/04/SQ_Splash-copy.jpg
69135,"Win Tickets to Songs of the Wasteland on January 26, 2016",http://vancouverweekly-local.local/win-tickets-to-songs-of-the-wasteland-on-january-26-2016/,http://vancouverweekly-local.local/wp-admin/post.php?post=69135&action=edit,publish,2,0,0,image_free,https://web.archive.org/web/20151225194145im_/http://vancouverweekly-local.local/wp-content/uploads/2015/12/unnamed.jpg
69136,"Win Tickets to Stefan Sagmeister: The Happy Show at Museum of Vancouver – April 23, 2015",http://vancouverweekly-local.local/win-tickets-to-stefan-sagmeister-the-happy-show-at-museum-of-vancouver-april-23-2015/,http://vancouverweekly-local.local/wp-admin/post.php?post=69136&action=edit,publish,2,0,0,image_free,https://web.archive.org/web/20151022215525im_/http://vancouverweekly-local.local/wp-content/uploads/2015/03/DX-THE-HAPPY-SHOW-Katherine-Holland-2311795788-O_resized-copy.jpg
69145,"Win Tickets to Tove Stryke at The Media Club – May 16, 2015",http://vancouverweekly-local.local/win-tickets-to-tove-stryke-at-the-media-club-may-16-2015/,http://vancouverweekly-local.local/wp-admin/post.php?post=69145&action=edit,publish,2,0,0,image_free,https://web.archive.org/web/20150517193643im_/http://vancouverweekly-local.local/wp-content/uploads/2015/04/LN-ToveStryke-11x17-4c-bleed-01-copy.jpg
69152,"Win Tickets to Vancouver International Film Festival 2015",http://vancouverweekly-local.local/win-tickets-to-vancouver-international-film-festival-2015/,http://vancouverweekly-local.local/wp-admin/post.php?post=69152&action=edit,publish,2,0,0,image_free,https://web.archive.org/web/20151012101153im_/http://vancouverweekly-local.local/wp-content/uploads/2015/09/banner-image_no_logos.jpg
69155,"Win Tickets to YAMATO, The Drummers of Japan on February 6, 2016",http://vancouverweekly-local.local/win-tickets-to-yamato-the-drummers-of-japan-on-february-6-2016/,http://vancouverweekly-local.local/wp-admin/post.php?post=69155&action=edit,publish,2,0,0,image_free,https://web.archive.org/web/20151225194150im_/http://vancouverweekly-local.local/wp-content/uploads/2015/12/2XyUjCcuN7Wazu5HRum0m20dYilBrRTOvpNgztIwoEo.jpg
69156,"Win Tickets to Tommy Boy at The Rio Theatre – January 10, 2014",http://vancouverweekly-local.local/win-tickets-tommy-boy-rio-theatre-january-10-2014/,http://vancouverweekly-local.local/wp-admin/post.php?post=69156&action=edit,publish,2,0,0,image_free,https://web.archive.org/web/20140107053823im_/http://vancouverweekly-local.local/wp-content/uploads/2014/01/tommy_boy_xlg.jpg
69158,"Win Tickets to Vancouver International Film Festival 2014",http://vancouverweekly-local.local/win-tickets-vancouver-international-film-festival-2014/,http://vancouverweekly-local.local/wp-admin/post.php?post=69158&action=edit,publish,2,0,0,image_free,https://web.archive.org/web/20140926005347im_/http://vancouverweekly-local.local/wp-content/uploads/2014/09/browneyeweb5.jpg
69159,"Win Two Tickets to Christmas with the Bach Choir at the Orpheum – December 7, 2014",http://vancouverweekly-local.local/win-two-tickets-christmas-bach-choir-orpheum-december-7-2014/,http://vancouverweekly-local.local/wp-admin/post.php?post=69159&action=edit,publish,2,0,0,image_free,https://web.archive.org/web/20150302084954im_/http://vancouverweekly-local.local/wp-content/uploads/2014/11/1
69160,"Win Two Tickets to the Vancouver Bach Choir’s Elijah at Orpheum – March 28, 2015",http://vancouverweekly-local.local/win-two-tickets-to-the-vancouver-bach-choirs-elijah-at-orpheum-march-28-2015/,http://vancouverweekly-local.local/wp-admin/post.php?post=69160&action=edit,publish,2,0,0,image_free,https://web.archive.org/web/20150323010711im_/http://vancouverweekly-local.local/wp-content/uploads/2015/03/ELIJAH-CONTEST.jpg
69161,"Wince and You’ll Miss April Martin’s In The Blink of a Life",http://vancouverweekly-local.local/wince-and-youll-miss-april-martins-in-the-blink-of-a-life-56890-2/,http://vancouverweekly-local.local/wp-admin/post.php?post=69161&action=edit,publish,2,0,0,image_free,https://web.archive.org/web/20171008072626im_/http://vancouverweekly-local.local/wp-content/uploads/2016/12/April-Martin-closeup-1.jpg
69163,"A Winter’s Tale on a Summer’s Night",http://vancouverweekly-local.local/winters-tale-summers-night/,http://vancouverweekly-local.local/wp-admin/post.php?post=69163&action=edit,publish,2,0,1,image_free,https://web.archive.org/web/20170719130042im_/http://vancouverweekly-local.local/wp-content/uploads/2017/07/WintersTale_5-640x427.jpg
69166,"Wire taps into efficiency at Imperial Vancouver show",http://vancouverweekly-local.local/wire-taps-into-efficiency-at-imperial-vancouver-show-57447-2/,http://vancouverweekly-local.local/wp-admin/post.php?post=69166&action=edit,publish,2,0,1,image_free,https://web.archive.org/web/20170429022745im_/http://vancouverweekly-local.local/wp-content/uploads/2017/04/Wire-stereogum.jpg
69167,"‘Witchy feminist rockstar’ Maggie Rogers sells out the Commodore",http://vancouverweekly-local.local/witchy-feminist-rockstar-maggie-rogers-sells-out-the-commodore-64508-2/,http://vancouverweekly-local.local/wp-admin/post.php?post=69167&action=edit,publish,2,0,1,image_free,https://web.archive.org/web/20190425054232im_/http://vancouverweekly-local.local/wp-content/uploads/2019/04/Maggie-Rogers-press-photo-by-Oliva-Bee-2018-billboard-1548.jpg
69172,"With Taxi, Jafar Panahi takes his post-ban protest art into the streets of Tehran",http://vancouverweekly-local.local/with-taxi-jafar-panahi-takes-his-post-ban-protest-art-into-the-streets-of-tehran/,http://vancouverweekly-local.local/wp-admin/post.php?post=69172&action=edit,publish,2,0,0,image_free,https://web.archive.org/web/20170403051600im_/http://vancouverweekly-local.local/wp-content/uploads/2015/12/Taxi.jpg
69186,"Workshops, Slam Poet Dominate Saturday at Folk Fest",http://vancouverweekly-local.local/workshops-slam-poet-dominate-saturday-at-folk-fest-55937-2/,http://vancouverweekly-local.local/wp-admin/post.php?post=69186&action=edit,publish,2,0,0,image_free,https://web.archive.org/web/20200804141215im_/http://vancouverweekly-local.local/wp-content/uploads/2016/07/IMG_4703.jpg
69187,"World Music has no Boundaries",http://vancouverweekly-local.local/world-music-has-no-boundaries-57432-2/,http://vancouverweekly-local.local/wp-admin/post.php?post=69187&action=edit,publish,2,0,1,image_free,https://web.archive.org/web/20170416174551im_/http://vancouverweekly-local.local/wp-content/uploads/2017/04/Tinawiren-Chan-Centre-David-Lcroix.jpg
69189,"Writing It Out is Key In How To Adult",http://vancouverweekly-local.local/writing-it-out-is-key-in-how-to-adult-56307-2/,http://vancouverweekly-local.local/wp-admin/post.php?post=69189&action=edit,publish,2,0,0,image_free,https://web.archive.org/web/20171008031743im_/http://vancouverweekly-local.local/wp-content/uploads/2016/09/HowtoAdult-1024x1024.png
69196,"YBN Cordae blends old and new rap styles at Fortune",http://vancouverweekly-local.local/ybn-cordae-blends-old-and-new-rap-styles-at-fortune/,http://vancouverweekly-local.local/wp-admin/post.php?post=69196&action=edit,publish,2,0,0,image_free,https://web.archive.org/web/20201125082545im_/http://vancouverweekly-local.local/wp-content/uploads/2020/01/Alex-Little-Promo-Photo-2018-1.jpg
69198,"Yelawolf ignites Commodore Crowd on Trial By Fire tour",http://vancouverweekly-local.local/yelawolf-ignites-commodore-crowd-on-trial-by-fire-tour-56743-2/,http://vancouverweekly-local.local/wp-admin/post.php?post=69198&action=edit,publish,2,0,1,image_free,https://web.archive.org/web/20170723154722im_/http://vancouverweekly-local.local/wp-content/uploads/2016/11/15129552_1027753250667287_5451099878079465128_o.jpg
69201,"YG talks politics",http://vancouverweekly-local.local/yg-talks-politics-56824-2/,http://vancouverweekly-local.local/wp-admin/post.php?post=69201&action=edit,publish,2,0,0,image_free,https://web.archive.org/web/20190921234926im_/http://vancouverweekly-local.local/wp-content/uploads/2016/11/yg-press-02-2016-billboard-1548.jpg
69208,"Yukon Blonde brings homegrown good times to the Commodore",http://vancouverweekly-local.local/yukon-blonde-brings-homegrown-good-times-to-the-commodore-52954-2/,http://vancouverweekly-local.local/wp-admin/post.php?post=69208&action=edit,publish,2,0,0,image_free,https://web.archive.org/web/20160305173145im_/http://vancouverweekly-local.local/wp-content/uploads/2016/02/yukonblonde-webbanner.png
69215,"Zeds Dead Takes Vancouver Back to Their Bass-Heavy Electro World",http://vancouverweekly-local.local/zeds-dead-takes-vancouver-back-bass-heavy-electro-world/,http://vancouverweekly-local.local/wp-admin/post.php?post=69215&action=edit,publish,2,0,0,image_free,https://web.archive.org/web/20170612143607im_/http://vancouverweekly-local.local/wp-content/uploads/2014/05/Zeds-Dead-Press-Photo-2014.jpg
68169,"Sam Smith at Orpheum",http://vancouverweekly-local.local/sam-smith-orpheum/,http://vancouverweekly-local.local/wp-admin/post.php?post=68169&action=edit,publish,2,0,0,image_free,https://web.archive.org/web/20190722144418im_/http://vancouverweekly-local.local/wp-content/uploads/2019/07/VFMF-2019-Big-Box-300X250.jpg
65478,"A reckless experiment in dialogue and music with an audience",http://vancouverweekly-local.local/a-reckless-experiment-in-dialogue-and-music-with-an-audience/,http://vancouverweekly-local.local/wp-admin/post.php?post=65478&action=edit,publish,2,0,0,image_free,https://web.archive.org/web/20191113054552im_/http://vancouverweekly-local.local/wp-content/uploads/2019/10/Marina-Diamandis-1.jpg
65402,"2017: The Fall of Patriarchy",http://vancouverweekly-local.local/2017-the-fall-of-patriarchy-59519-2/,http://vancouverweekly-local.local/wp-admin/post.php?post=65402&action=edit,publish,2,0,0,image_free,https://web.archive.org/web/20180303193049im_/http://vancouverweekly-local.local/wp-content/uploads/2017/12/metoo.png
65405,"20th Century Women traces lines of influence, both hereditary and not",http://vancouverweekly-local.local/20th-century-women-traces-lines-of-influence-both-hereditary-and-not-57022-2/,http://vancouverweekly-local.local/wp-admin/post.php?post=65405&action=edit,publish,2,0,0,image_free,https://web.archive.org/web/20170429021146im_/http://vancouverweekly-local.local/wp-content/uploads/2017/01/20th-Century-Women.jpg
65407,"22 Jump Street: Not Your Common Sequel",http://vancouverweekly-local.local/22-jump-street-common-sequel/,http://vancouverweekly-local.local/wp-admin/post.php?post=65407&action=edit,publish,2,0,0,image_free,https://web.archive.org/web/20151104143531im_/http://vancouverweekly-local.local/wp-content/uploads/2014/06/22-jump-street-trailer-2-2014-ice-cube-jonah-hill-channing-tatum-movie-hd.jpg
65438,"65 Redheaded Reasons Tempest Storm is a Tease",http://vancouverweekly-local.local/65-redheaded-reasons-tempest-storm-is-a-tease-55681-2/,http://vancouverweekly-local.local/wp-admin/post.php?post=65438&action=edit,publish,2,0,1,image_free,https://web.archive.org/web/20160708192557im_/http://vancouverweekly-local.local/wp-content/uploads/2016/06/f9993ec1-136b-46d2-8227-7e9bcc73db10.jpg
65448,"A band of brothers",http://vancouverweekly-local.local/a-band-of-brothers-62092-2/,http://vancouverweekly-local.local/wp-admin/post.php?post=65448&action=edit,publish,2,0,1,image_free,https://web.archive.org/web/20181103112119im_/http://vancouverweekly-local.local/wp-content/uploads/2018/10/bandphoto.jpg
65449,"A Better Man is an unflinching depiction of domestic abuse",http://vancouverweekly-local.local/a-better-man-is-an-unflinching-depiction-of-domestic-abuse-59189-2/,http://vancouverweekly-local.local/wp-admin/post.php?post=65449&action=edit,publish,2,0,0,image_free,https://web.archive.org/web/20171201183633im_/http://vancouverweekly-local.local/wp-content/uploads/2017/11/a-better-man-film-1.png
65450,"A Blind Date to Remember",http://vancouverweekly-local.local/a-blind-date-to-remember-62440-2/,http://vancouverweekly-local.local/wp-admin/post.php?post=65450&action=edit,publish,2,0,1,image_free,https://web.archive.org/web/20181208075141im_/http://vancouverweekly-local.local/wp-content/uploads/2018/12/image1.jpg
65461,"A good show by a good artist who once composed ‘Poses’",http://vancouverweekly-local.local/a-good-show-by-a-good-artist-who-once-composed-poses/,http://vancouverweekly-local.local/wp-admin/post.php?post=65461&action=edit,publish,2,0,0,image_free,https://web.archive.org/web/20191113054832im_/http://vancouverweekly-local.local/wp-content/uploads/2019/11/chastity-for-hms-by-julia-noel-2-1.jpg
65469,"A Night of Bluegrass Punk with Old Man Markley and Guests",http://vancouverweekly-local.local/a-night-of-bluegrass-punk-with-old-man-markley-and-guests/,http://vancouverweekly-local.local/wp-admin/post.php?post=65469&action=edit,publish,2,0,0,image_free,https://web.archive.org/web/20140705234146im_/http://vancouverweekly-local.local/wp-content/uploads/2014/05/10269165_873943295954767_1852940065907233273_o.jpg
65471,"A night of fun leads to a dark turn of events in “Death Of The Party”",http://vancouverweekly-local.local/a-night-of-fun-leads-to-a-dark-turn-of-events-in-death-of-the-party-69731-2/,http://vancouverweekly-local.local/wp-admin/post.php?post=65471&action=edit,publish,2,0,0,image_free,https://web.archive.org/web/20200814144753im_/http://vancouverweekly-local.local/wp-content/uploads/2020/01/Screen-Shot-2020-01-23-at-10.41.15-AM.png
65474,"A night of unbridled, high octane psychedelia at The Cobalt",http://vancouverweekly-local.local/a-night-of-unbridled-high-octane-psychedelia-at-the-cobalt-57620-2/,http://vancouverweekly-local.local/wp-admin/post.php?post=65474&action=edit,publish,2,0,0,image_free,https://web.archive.org/web/20170602045441im_/http://vancouverweekly-local.local/wp-content/uploads/2017/05/unnamed.jpg
65475,"A peek behind the curtain: The expiration date on music according to Danny Michel",http://vancouverweekly-local.local/a-peek-behind-the-curtain-the-expiration-date-on-music-according-to-danny-michel/,http://vancouverweekly-local.local/wp-admin/post.php?post=65475&action=edit,publish,2,0,0,image_free,https://web.archive.org/web/20181123030000im_/http://vancouverweekly-local.local/wp-content/uploads/2018/11/46474539_10160771798640467_7860105732992008192_n.jpg
65481,"A shucker’s hope for a better oyster culture",http://vancouverweekly-local.local/a-shuckers-hope-for-a-better-oyster-culture-59728-2/,http://vancouverweekly-local.local/wp-admin/post.php?post=65481&action=edit,publish,2,0,1,image_free,https://web.archive.org/web/20180607042919im_/http://vancouverweekly-local.local/wp-content/uploads/2018/01/BigShucker-18.jpg
65487,"A Very Special 2 for Tea at Jericho Arts Centre with James and Jamesy",http://vancouverweekly-local.local/a-very-special-2-for-tea-at-jericho-arts-centre-with-james-and-jamesy/,http://vancouverweekly-local.local/wp-admin/post.php?post=65487&action=edit,publish,2,0,1,image_free,https://web.archive.org/web/20171008193821im_/http://vancouverweekly-local.local/wp-content/uploads/2013/12/2-for-Tea-promo-shot-2-of-James-Brown-and-Jamesy-Evans-photo-by-Jonathan-Dy.jpg
65550,"An Evening of Magic on Cherry Tree Lane",http://vancouverweekly-local.local/an-evening-of-magic-on-cherry-tree-lane-56874-2/,http://vancouverweekly-local.local/wp-admin/post.php?post=65550&action=edit,publish,2,0,1,image_free,https://web.archive.org/web/20170423222605im_/http://vancouverweekly-local.local/wp-content/uploads/2016/12/mary-poppins-592.jpg
65552,"An Intimate CD Release for Amy Blake",http://vancouverweekly-local.local/an-intimate-cd-release-for-amy-blake/,http://vancouverweekly-local.local/wp-admin/post.php?post=65552&action=edit,publish,2,0,1,image_free,https://web.archive.org/web/20191207085202im_/http://vancouverweekly-local.local/wp-content/uploads/2019/11/Alex-Little-Promo-Photo-2018-1.jpg
65558,"Andrea Jin Steps Up Canadian Stand-Up",http://vancouverweekly-local.local/andrea-jin-steps-up-canadian-stand-up-69734-2/,http://vancouverweekly-local.local/wp-admin/post.php?post=65558&action=edit,publish,2,0,0,image_free,https://web.archive.org/web/20200814143847im_/http://vancouverweekly-local.local/wp-content/uploads/2020/01/AndreaYin.jpg
65562,"Andy Grammer concert takes Vancouver for a joy ride",http://vancouverweekly-local.local/andy-grammer-concert-takes-vancouver-for-a-joy-ride-60360-2/,http://vancouverweekly-local.local/wp-admin/post.php?post=65562&action=edit,publish,2,0,0,image_free,https://web.archive.org/web/20180326142103im_/http://vancouverweekly-local.local/wp-content/uploads/2018/03/Andy-Grammer-2017-cr-joseph-llanes-billboard-1548.jpg
65573,"Anne Shirley’s Charm in 2018: How Cap Theatre helps us enter Spring with a Canadian Classic",http://vancouverweekly-local.local/anne-shirleys-charm-in-2018-how-cap-theatre-helps-us-enter-spring-with-a-canadian-classic-60352-2/,http://vancouverweekly-local.local/wp-admin/post.php?post=65573&action=edit,publish,2,0,1,image_free,https://web.archive.org/web/20180326030722im_/http://vancouverweekly-local.local/wp-content/uploads/2018/03/39033043490_14d38692dd_k.jpg
65602,"Avenue Q presents more than 69-ing puppets and crude humour",http://vancouverweekly-local.local/avenue-q-presents-more-than-69-ing-puppets-and-crude-humour-56821-2/,http://vancouverweekly-local.local/wp-admin/post.php?post=65602&action=edit,publish,2,0,1,image_free,https://web.archive.org/web/20170628211113im_/http://vancouverweekly-local.local/wp-content/uploads/2016/11/Avenue_Q_0291.jpg
65615,"Backbone takes us backstage to a world of acrobatic play",http://vancouverweekly-local.local/backbone-takes-us-backstage-to-a-world-of-acrobatic-play-62135-2/,http://vancouverweekly-local.local/wp-admin/post.php?post=65615&action=edit,publish,2,0,1,image_free,https://web.archive.org/web/20181123030011im_/http://vancouverweekly-local.local/wp-content/uploads/2018/11/CE7FF2F6-791E-405D-B285-C2A2C153D66B.jpeg
65625,"Ballet BC’s Romeo + Juliet adds up",http://vancouverweekly-local.local/ballet-b-c-s-romeo-juliet-adds-up-60114-2/,http://vancouverweekly-local.local/wp-admin/post.php?post=65625&action=edit,publish,2,0,1,image_free,https://web.archive.org/web/20180226084255im_/http://vancouverweekly-local.local/wp-content/uploads/2018/02/Emily-Chessa-Brandon-Alley.-by-Cindi-Wicklund-2113_preview.jpg
65667,"Beck Makes Triumphant Return To Vancouver After Half a Decade",http://vancouverweekly-local.local/beck-makes-triumphant-return-vancouver-half-decade/,http://vancouverweekly-local.local/wp-admin/post.php?post=65667&action=edit,publish,2,0,0,image_free,https://web.archive.org/web/20180526001203im_/http://vancouverweekly-local.local/wp-content/uploads/2014/08/beck.jpg
65672,"Begonia gives an inspiring performance at the Fox Cabaret",http://vancouverweekly-local.local/begonia-gives-an-inspiring-performance-at-the-fox-cabaret-69937-2/,http://vancouverweekly-local.local/wp-admin/post.php?post=65672&action=edit,publish,2,0,1,image_free,https://web.archive.org/web/20200422134124im_/http://vancouverweekly-local.local/wp-content/uploads/2020/02/begonia.png
65708,"Bill Burr doesn’t come with a trigger warning",http://vancouverweekly-local.local/bill-burr-doesnt-come-with-a-trigger-warning-60261-2/,http://vancouverweekly-local.local/wp-admin/post.php?post=65708&action=edit,publish,2,0,0,image_free,https://web.archive.org/web/20180315031835im_/http://vancouverweekly-local.local/wp-content/uploads/2018/03/55ede8e73c81b7ec827b76bce4fc5b1fe97930cc.jpg
65723,"Billy Elliot Will Make You Spring With ‘Electricity’",http://vancouverweekly-local.local/billy-elliot-will-make-you-spring-with-electricity-55407-2/,http://vancouverweekly-local.local/wp-admin/post.php?post=65723&action=edit,publish,2,0,1,image_free,https://web.archive.org/web/20170426120535im_/http://vancouverweekly-local.local/wp-content/uploads/2016/05/Billy-Elliot_0142.jpg
65798,"Burden Of Truth is a fresh take on Canadian legal dramas",http://vancouverweekly-local.local/burden-of-truth-is-a-fresh-take-on-canadian-legal-dramas-59695-2/,http://vancouverweekly-local.local/wp-admin/post.php?post=65798&action=edit,publish,2,0,1,image_free,https://web.archive.org/web/20180204182117im_/http://vancouverweekly-local.local/wp-content/uploads/2018/01/TwoTruthsLie.jpg
65857,"Cats and Dogs and them other Critters",http://vancouverweekly-local.local/cats-and-dogs-and-them-other-critters-59639-2/,http://vancouverweekly-local.local/wp-admin/post.php?post=65857&action=edit,publish,2,0,1,image_free,https://web.archive.org/web/20180119211533im_/http://vancouverweekly-local.local/wp-content/uploads/2018/01/Cats-and-Dogs..glossas.jpg
65891,"Chicago: a hard habit to break",http://vancouverweekly-local.local/chicago-hard-habit-break/,http://vancouverweekly-local.local/wp-admin/post.php?post=65891&action=edit,publish,2,0,1,image_free,https://web.archive.org/web/20170905010624im_/http://vancouverweekly-local.local/wp-content/uploads/2017/08/Chicago-@-PNE-Concert-Series_Aug-25-2017_Shot-by-Quinn-Middleton-600.jpg
65892,"Chocolates, cigarettes and sibling magic at the Vogue",http://vancouverweekly-local.local/chocolates-cigarettes-and-sibling-magic-at-the-vogue-59243-2/,http://vancouverweekly-local.local/wp-admin/post.php?post=65892&action=edit,publish,2,0,0,image_free,https://web.archive.org/web/20171207043000im_/http://vancouverweekly-local.local/wp-content/uploads/2017/11/angus-julia-stone-2017-source-facebook.jpg
66003,"Conversations & Transformations with Astral Swans & Dan Mangan",http://vancouverweekly-local.local/conversations-transformations-astral-swans-dan-mangan/,http://vancouverweekly-local.local/wp-admin/post.php?post=66003&action=edit,publish,2,0,0,image_free,https://web.archive.org/web/20171007030538im_/http://vancouverweekly-local.local/wp-content/uploads/2014/03/astralswans1.jpg
66019,"Dálava cannot contain their intensity",http://vancouverweekly-local.local/dalava-cannot-contain-their-intensity-59438-2/,http://vancouverweekly-local.local/wp-admin/post.php?post=66019&action=edit,publish,2,0,1,image_free,https://web.archive.org/web/20171222223002im_/http://vancouverweekly-local.local/wp-content/uploads/2017/12/dalava_170419.jpg
66116,"Dreamy indie rockers bring life to the Biltmore Cabaret",http://vancouverweekly-local.local/dreamy-indie-rockers-bring-life-to-the-biltmore-cabaret-59269-2/,http://vancouverweekly-local.local/wp-admin/post.php?post=66116&action=edit,publish,2,0,0,image_free,https://web.archive.org/web/20171207045603im_/http://vancouverweekly-local.local/wp-content/uploads/2017/12/20620796_1264572053665077_7969059239449379300_n.jpg
66138,"Elder teams up with local favourites to light up the Astoria",http://vancouverweekly-local.local/elder-teams-up-with-local-favourites-to-light-up-the-astoria-59007-2/,http://vancouverweekly-local.local/wp-admin/post.php?post=66138&action=edit,publish,2,0,1,image_free,https://web.archive.org/web/20171111175012im_/http://vancouverweekly-local.local/wp-content/uploads/2017/11/elder.jpg
66159,"Enter to Win Tickets to Darkhorse Album Release at The Imperial – April 27, 2014",http://vancouverweekly-local.local/enter-win-tickets-darkhorse-album-release-imperial-april-27-2014/,http://vancouverweekly-local.local/wp-admin/post.php?post=66159&action=edit,publish,2,0,0,image_free,https://web.archive.org/web/20140416080837im_/http://vancouverweekly-local.local/wp-content/uploads/2014/04/1082461_447015745429122_488997257_o.jpg
66165,"Enter to Win: Tickets to Say Anything at The Rio Theatre – February 7, 2014",http://vancouverweekly-local.local/enter-win-tickets-say-anything-rio-theatre-february-7-2014/,http://vancouverweekly-local.local/wp-admin/post.php?post=66165&action=edit,publish,2,0,0,image_free,https://web.archive.org/web/20140201233722im_/http://vancouverweekly-local.local/wp-content/uploads/2014/01/say-anything-1040cs022412.jpg
66262,"Frank Turner fills the Vogue for a Saturday Night folk-punk party",http://vancouverweekly-local.local/frank-turner-fills-the-vogue-for-a-saturday-night-folk-punk-party-61561-2/,http://vancouverweekly-local.local/wp-admin/post.php?post=66262&action=edit,publish,2,0,1,image_free,https://web.archive.org/web/20180915143853im_/http://vancouverweekly-local.local/wp-content/uploads/2018/09/Frank_Turner_press_-920x584.jpg
66356,"Guide to a Girls Night Out on a Budget in Vancouver",http://vancouverweekly-local.local/guide-to-a-girls-night-out-on-a-budget-in-vancouver-62429-2/,http://vancouverweekly-local.local/wp-admin/post.php?post=66356&action=edit,publish,2,0,1,image_free,https://web.archive.org/web/20191018170014im_/http://vancouverweekly-local.local/wp-content/uploads/2018/12/warehouse-1.jpg
66428,"How Blockchain Technology Will Revolutionize Global Transactions",http://vancouverweekly-local.local/how-blockchain-technology-will-revolutionize-global-transactions-55026-2/,http://vancouverweekly-local.local/wp-admin/post.php?post=66428&action=edit,publish,2,0,1,image_free,https://web.archive.org/web/20160503110233im_/http://vancouverweekly-local.local/wp-content/uploads/2016/05/Screen-Shot-2016-05-02-at-11.25.33-AM.png
66479,"Iliza kills at the Vogue for JFL NorthWest",http://vancouverweekly-local.local/iliza-shlesinger-kills-at-the-vogue-for-jfl-northwest-57257-2/,http://vancouverweekly-local.local/wp-admin/post.php?post=66479&action=edit,publish,2,0,1,image_free,https://web.archive.org/web/20191022132622im_/http://vancouverweekly-local.local/wp-content/uploads/2017/02/tl-horizontal_main.jpg
66513,"INTERVIEW: For Japandroids, success is a moving target",http://vancouverweekly-local.local/interview-for-japandroids-success-is-a-moving-target-57340-2/,http://vancouverweekly-local.local/wp-admin/post.php?post=66513&action=edit,publish,2,0,1,image_free,https://web.archive.org/web/20190921235713im_/http://vancouverweekly-local.local/wp-content/uploads/2017/03/Camilo-Christen-300x200@2x-1.jpg
66777,"James Blake assumes proper form in Vancouver",http://vancouverweekly-local.local/james-blake-assumes-proper-form-in-vancouver-63803-2/,http://vancouverweekly-local.local/wp-admin/post.php?post=66777&action=edit,publish,2,0,1,image_free,https://web.archive.org/web/20190327195455im_/http://vancouverweekly-local.local/wp-content/uploads/2019/03/jamesblake-bn-1.jpg
66796,"Jen Kirkman on Living in Public, Boundaries, Her REAL Influences and Le Chateau",http://vancouverweekly-local.local/jen-kirkman-on-living-in-public-boundaries-her-real-influences-and-le-chateau-55768-2/,http://vancouverweekly-local.local/wp-admin/post.php?post=66796&action=edit,publish,2,0,1,image_free,https://web.archive.org/web/20160708192618im_/http://vancouverweekly-local.local/wp-content/uploads/2016/06/062515_jenkirkman_01.jpg
66851,"Jurassic 5 kicks it old school in Vancouver",http://vancouverweekly-local.local/jurassic-5-kicks-it-old-school-in-vancouver/,http://vancouverweekly-local.local/wp-admin/post.php?post=66851&action=edit,publish,2,0,1,image_free,https://web.archive.org/web/20170711072045im_/http://vancouverweekly-local.local/wp-content/uploads/2017/06/photo-courtesy-of-eventseeker.jpg
66857,"Karen Tam Wu: Let’s build a B.C. Climate Leadership Plan for the future",http://vancouverweekly-local.local/karen-tam-wu-lets-build-a-b-c-climate-leadership-plan-for-the-future-54031-2/,http://vancouverweekly-local.local/wp-admin/post.php?post=66857&action=edit,publish,2,0,1,image_free,https://web.archive.org/web/20160318055744im_/http://vancouverweekly-local.local/wp-content/uploads/2016/03/23366759222_8347a56c16_o.jpg
67077,"Lucy Rose’s quiet energy enraptures Venue",http://vancouverweekly-local.local/lucy-roses-quiet-energy-enraptures-venue-60275-2/,http://vancouverweekly-local.local/wp-admin/post.php?post=67077&action=edit,publish,2,0,1,image_free,https://web.archive.org/web/20180317050728im_/http://vancouverweekly-local.local/wp-content/uploads/2018/03/abi.jpg
67091,"Machinedrum Takes Charge at Fortune Sound Club",http://vancouverweekly-local.local/machinedrum-takes-charge-at-fortune-sound-club/,http://vancouverweekly-local.local/wp-admin/post.php?post=67091&action=edit,publish,2,0,0,image_free,https://web.archive.org/web/20191210015546im_/http://vancouverweekly-local.local/wp-content/uploads/2013/12/Machinedrum-800x600.jpg
67121,"Matchbox Twenty and Counting Crows keep the faith at Rogers Arena",http://vancouverweekly-local.local/matchbox-twenty-and-counting-crows-keep-the-faith-at-rogers-arena/,http://vancouverweekly-local.local/wp-admin/post.php?post=67121&action=edit,publish,2,0,1,image_free,https://web.archive.org/web/20170724090814im_/http://vancouverweekly-local.local/wp-content/uploads/2017/07/matchvbox20-counting-crows_880-e1500429026468.jpg
67234,"Natalie Prass embraces the emotional power of pop music at the Fox Cabaret",http://vancouverweekly-local.local/natalie-prass-embraces-the-emotional-power-of-pop-music-at-the-fox-cabaret-61901-2/,http://vancouverweekly-local.local/wp-admin/post.php?post=67234&action=edit,publish,2,0,1,image_free,https://web.archive.org/web/20181002135048im_/http://vancouverweekly-local.local/wp-content/uploads/2018/09/Natalie-Prass_Resize3-credit-Tonje-Thilesen-1.jpg
67269,"Nickelback ends Feed the Machine tour with outstanding performance",http://vancouverweekly-local.local/nickelback-ends-feed-machine-tour-outstanding-performance/,http://vancouverweekly-local.local/wp-admin/post.php?post=67269&action=edit,publish,2,0,1,image_free,https://web.archive.org/web/20171006141340im_/http://vancouverweekly-local.local/wp-content/uploads/2017/10/RLJ8382.jpg
67296,"Not a Vancouver Man’s Cup of Kale Juice",http://vancouverweekly-local.local/not-a-vancouver-mans-cup-of-kale-juice-52686-2/,http://vancouverweekly-local.local/wp-admin/post.php?post=67296&action=edit,publish,2,0,0,image_free,https://web.archive.org/web/20160131162626im_/http://vancouverweekly-local.local/wp-content/uploads/2016/01/photo-1451597827324-4b55a7ebc5b7.jpg
67306,"Off to a Great Start for Rifflandia at The Mint",http://vancouverweekly-local.local/off-to-a-great-start-for-rifflandia-at-the-mint-56352-2/,http://vancouverweekly-local.local/wp-admin/post.php?post=67306&action=edit,publish,2,0,1,image_free,https://web.archive.org/web/20200929064317im_/http://vancouverweekly-local.local/wp-content/uploads/2016/09/2ec9a1dc91bf8c2fcdfe0e246799989e.jpg
67953,"Pop-up restaurant in Dude Chilling Park promotes social togetherness",http://vancouverweekly-local.local/pop-up-restaurant-in-dude-chilling-park-promotes-social-togetherness-59838-2/,http://vancouverweekly-local.local/wp-admin/post.php?post=67953&action=edit,publish,2,0,1,image_free,https://web.archive.org/web/20180202151357im_/http://vancouverweekly-local.local/wp-content/uploads/2018/01/unnamed.png
68123,"Rifflandia is More than Just Killer Bands",http://vancouverweekly-local.local/rifflandia-is-more-than-just-killer-bands-56361-2/,http://vancouverweekly-local.local/wp-admin/post.php?post=68123&action=edit,publish,2,0,1,image_free,https://web.archive.org/web/20160921191459im_/http://vancouverweekly-local.local/wp-content/uploads/2016/09/VH_015f6blu.jpg
68136,"Rodrigo y Gabriela dazzle eclectic Vogue crowd",http://vancouverweekly-local.local/rodrigo-y-gabriela-dazzle-eclectic-vogue-crowd/,http://vancouverweekly-local.local/wp-admin/post.php?post=68136&action=edit,publish,2,0,1,image_free,https://web.archive.org/web/20171225095922im_/http://vancouverweekly-local.local/wp-content/uploads/2015/03/rodrigo.jpg
68377,"Stephen Hui: Last Chance To Have Your Say On B.C. Climate Leadership Plan",http://vancouverweekly-local.local/stephen-hui-last-chance-to-have-your-say-on-b-c-climate-leadership-plan-54334-2/,http://vancouverweekly-local.local/wp-admin/post.php?post=68377&action=edit,publish,2,0,1,image_free,https://web.archive.org/web/20160412180813im_/http://vancouverweekly-local.local/wp-content/uploads/2016/03/Screen-Shot-2016-03-29-at-10.58.59-AM.png
68519,"‘The Flick’ is charged & funny but slick to a fault",http://vancouverweekly-local.local/the-flick-is-charged-funny-but-slick-to-a-fault-56541-2/,http://vancouverweekly-local.local/wp-admin/post.php?post=68519&action=edit,publish,2,0,1,image_free,https://web.archive.org/web/20161010175647im_/http://vancouverweekly-local.local/wp-content/uploads/2016/10/the-flick-26.jpg
68649,"A Throwback to Aaron Carter Mania",http://vancouverweekly-local.local/throwback-aaron-carter-mania/,http://vancouverweekly-local.local/wp-admin/post.php?post=68649&action=edit,publish,2,0,0,image_free,https://web.archive.org/web/20190822092654im_/http://vancouverweekly-local.local/wp-content/uploads/2014/06/Screen-Shot-2014-04-17-at-11.43.29-AM.png
68724,"Trump’s first actions as president trump his people-centred rhetoric",http://vancouverweekly-local.local/trumps-first-actions-as-president-trump-his-people-centred-rhetoric-57029-2/,http://vancouverweekly-local.local/wp-admin/post.php?post=68724&action=edit,publish,2,0,0,image_free,https://web.archive.org/web/20170429020714im_/http://vancouverweekly-local.local/wp-content/uploads/2017/01/Screen-Shot-2017-01-20-at-6.19.47-PM.png
68761,"Updated Timon tears up the stage…no really!",http://vancouverweekly-local.local/updated-timon-tears-up-the-stage-no-really-61443-2/,http://vancouverweekly-local.local/wp-admin/post.php?post=68761&action=edit,publish,2,0,1,image_free,https://web.archive.org/web/20180915143704im_/http://vancouverweekly-local.local/wp-content/uploads/2018/08/Timon_Press_10.jpg
65419,"36 Stunning Photos of Vince Staples with Kilo Kish at The Vogue Theatre",http://vancouverweekly-local.local/36-stunning-photos-of-vince-staples-with-kilo-kish-at-the-vogue-theatre-57288-2/,http://vancouverweekly-local.local/wp-admin/post.php?post=65419&action=edit,publish,1,36,0,mixed,https://web.archive.org/web/20190721210052im_/http://vancouverweekly-local.local/wp-content/uploads/2019/07/VFMF-2019-Big-Box-300X250.jpg
65423,"4000 Miles To Reconciliation",http://vancouverweekly-local.local/4000-miles-reconciliation/,http://vancouverweekly-local.local/wp-admin/post.php?post=65423&action=edit,publish,1,0,0,image_free,https://web.archive.org/web/20150301032020im_/http://vancouverweekly-local.local/wp-content/uploads/2014/09/Untitled.png
65433,"Photos of The Kills at The Commodore Ballroom",http://vancouverweekly-local.local/55505-2/,http://vancouverweekly-local.local/wp-admin/post.php?post=65433&action=edit,publish,1,0,0,image_free,https://web.archive.org/web/20190826090046im_/http://vancouverweekly-local.local/wp-content/uploads/2016/04/Ryan-Johnson_avatar_1459652077-164x164.jpeg
65512,"After busy August, Whitecaps get a break before final push towards the playoffs",http://vancouverweekly-local.local/after-busy-august-whitecaps-get-a-break-before-final-push-towards-the-playoffs/,http://vancouverweekly-local.local/wp-admin/post.php?post=65512&action=edit,publish,1,0,0,image_free,https://web.archive.org/web/20150910225446im_/http://vancouverweekly-local.local/wp-content/uploads/2015/09/CPT120296196_high.jpg
65524,"Alert raised at UBC as police search for increasingly brazen voyeur",http://vancouverweekly-local.local/alert-raised-at-ubc-as-police-search-for-increasingly-brazen-voyeur/,http://vancouverweekly-local.local/wp-admin/post.php?post=65524&action=edit,publish,1,0,0,image_free,https://web.archive.org/web/20150717234447im_/http://vancouverweekly-local.local/wp-content/uploads/2015/07/1024px-Marine_Drive_Residence.jpg
65528,"Alex Calder: Strange Dreams, Familiar Songs",http://vancouverweekly-local.local/alex-calder-strange-dreams-familiar-songs/,http://vancouverweekly-local.local/wp-admin/post.php?post=65528&action=edit,publish,1,0,0,image_free,https://web.archive.org/web/20151029203406im_/http://vancouverweekly-local.local/wp-content/uploads/2015/01/unnamed.jpg
65529,"Alex Calder: Stranger Than Fiction",http://vancouverweekly-local.local/alex-calder-stranger-fiction/,http://vancouverweekly-local.local/wp-admin/post.php?post=65529&action=edit,publish,1,0,0,image_free,https://web.archive.org/web/20150130161115im_/http://vancouverweekly-local.local/wp-content/uploads/2015/01/unnamed1.jpg
65541,"Alvvays “Adult Diversion” Video",http://vancouverweekly-local.local/alvvays-adult-diversion-video/,http://vancouverweekly-local.local/wp-admin/post.php?post=65541&action=edit,publish,1,0,0,image_free,https://web.archive.org/web/20151129063619im_/http://img.youtube.com/vi/rZHPCcFmEjc/0.jpg
65542,"Alvvays Is Always Going On About Love",http://vancouverweekly-local.local/alvvays-always-going-love/,http://vancouverweekly-local.local/wp-admin/post.php?post=65542&action=edit,publish,1,0,0,image_free,https://web.archive.org/web/20151104203749im_/http://vancouverweekly-local.local/wp-content/uploads/2014/09/Alvvays-album.jpg
65547,"Amen Dunes Preach To the Biltmore Choir",http://vancouverweekly-local.local/amen-dunes-preach-biltmore-choir/,http://vancouverweekly-local.local/wp-admin/post.php?post=65547&action=edit,publish,1,0,0,image_free,https://web.archive.org/web/20151011183104im_/http://vancouverweekly-local.local/wp-content/uploads/2014/07/amen-dunes.png
65549,"An easy night with Easy Star All-stars",http://vancouverweekly-local.local/an-easy-night-with-easy-star-all-stars/,http://vancouverweekly-local.local/wp-admin/post.php?post=65549&action=edit,publish,1,0,0,image_free,https://web.archive.org/web/20151012101445im_/http://vancouverweekly-local.local/wp-content/uploads/2015/07/easy_all_stars-final_josue_foto-2-1024x682.jpg
65556,"Anaheim Ducks player charged with illegal grizzly hunt in B.C. backcountry",http://vancouverweekly-local.local/anaheim-ducks-player-charged-with-illegal-grizzly-hunt-in-b-c-backcountry/,http://vancouverweekly-local.local/wp-admin/post.php?post=65556&action=edit,publish,1,0,0,image_free,https://web.archive.org/web/20151210041149im_/http://vancouverweekly-local.local/wp-content/uploads/2015/09/CPT111299104_high-300x288.jpg
65566,"Angel Olsen “Forgiven/Forgotten” Video",http://vancouverweekly-local.local/angel-olsen-forgivenforgotten-video/,http://vancouverweekly-local.local/wp-admin/post.php?post=65566&action=edit,publish,1,0,0,image_free,https://web.archive.org/web/20151129125852im_/http://img.youtube.com/vi/PinTAGbIsV4/0.jpg
65575,"Annual Cannabis Day in Vancouver turns violent with at least one arrest",http://vancouverweekly-local.local/annual-cannabis-day-in-vancouver-turns-violent-with-at-least-one-arrest/,http://vancouverweekly-local.local/wp-admin/post.php?post=65575&action=edit,publish,1,0,0,image_free,https://web.archive.org/web/20150702130435im_/http://vancouverweekly-local.local/wp-content/uploads/2015/07/1024px-Marijuana.jpg
65578,"Anti-Muslim groups ‘tripled in US since Trump campaign",http://vancouverweekly-local.local/anti-muslim-groups-tripled-in-us-since-trump-campaign-57227-2/,http://vancouverweekly-local.local/wp-admin/post.php?post=65578&action=edit,publish,1,0,0,image_free,https://web.archive.org/web/20170429021156im_/http://vancouverweekly-local.local/wp-content/uploads/2016/05/News-Feed_avatar_1462378857-164x164.png
65591,"Fans echo Arkells at the Commodore Ballroom",http://vancouverweekly-local.local/arkells-dear-rouge/,http://vancouverweekly-local.local/wp-admin/post.php?post=65591&action=edit,publish,1,0,0,image_free,https://web.archive.org/web/20150302044209im_/http://vancouverweekly-local.local/wp-content/uploads/2015/02/o-ARKELLS-facebook1.jpg
65594,"‘Ask Around’: Photography by Steve Louie at the Remington Gallery & Studio",http://vancouverweekly-local.local/ask-around-photography-steve-louie-remington-gallery-studio/,http://vancouverweekly-local.local/wp-admin/post.php?post=65594&action=edit,publish,1,0,0,image_free,https://web.archive.org/web/20140608130122im_/http://vancouverweekly-local.local/wp-content/uploads/2014/06/apollo_ghosts_hokos.jpg
65603,"‘Avenue Q': Sesame Street for adults",http://vancouverweekly-local.local/avenue-q-sesame-street-adults/,http://vancouverweekly-local.local/wp-admin/post.php?post=65603&action=edit,publish,1,0,0,image_free,https://web.archive.org/web/20150301031547im_/http://vancouverweekly-local.local/wp-content/uploads/2014/12/2.jpg
65616,"Background as a goalie gives Henderson confidence heading into CP Women’s Open",http://vancouverweekly-local.local/background-as-a-goalie-gives-henderson-confidence-heading-into-cp-womens-open/,http://vancouverweekly-local.local/wp-admin/post.php?post=65616&action=edit,publish,1,0,0,image_free,https://web.archive.org/web/20151023004850im_/http://vancouverweekly-local.local/wp-content/uploads/2015/08/09226411293918_high.jpg
65621,"Bahamas Casts Spells at the Orpheum Theatre",http://vancouverweekly-local.local/bahamas-casts-spells-at-the-orpheum-theatre/,http://vancouverweekly-local.local/wp-admin/post.php?post=65621&action=edit,publish,1,0,0,image_free,https://web.archive.org/web/20151121175109im_/http://vancouverweekly-local.local/wp-content/uploads/2015/11/11988417_799372100172071_4781173753617511456_n.jpg
65629,"BANNERS cinematic video ‘Shine A Light’",http://vancouverweekly-local.local/banners-cinematic-video-shine-a-light/,http://vancouverweekly-local.local/wp-admin/post.php?post=65629&action=edit,publish,1,0,0,image_free,https://web.archive.org/web/20160111204650im_/http://1.gravatar.com/avatar/490bd83a52851868d3c6659f2009dc93?s=164&amp;d=mm&amp;r=g
65652,"On the Bass Coast Community with Festival Co-Founder Andrea Graham",http://vancouverweekly-local.local/bass-coast-community-festival-co-founder-andrea-graham/,http://vancouverweekly-local.local/wp-admin/post.php?post=65652&action=edit,publish,1,0,0,image_free,https://web.archive.org/web/20140812020810im_/http://vancouverweekly-local.local/wp-content/uploads/2014/07/Bass-coast-music-festival-24.jpg
65661,"Bear in Heaven “Time Between” Video",http://vancouverweekly-local.local/bear-heaven-time-video/,http://vancouverweekly-local.local/wp-admin/post.php?post=65661&action=edit,publish,1,0,0,image_free,https://web.archive.org/web/20151013073638im_/http://img.youtube.com/vi/mjYaoPsFhbA/0.jpg
65688,"Best Coast: a bit like home",http://vancouverweekly-local.local/best-coast-a-bit-like-home/,http://vancouverweekly-local.local/wp-admin/post.php?post=65688&action=edit,publish,1,0,0,image_free,https://web.archive.org/web/20150609074554im_/http://vancouverweekly-local.local/wp-content/uploads/2015/06/BestCoast-Imperial-20150603-8.jpeg
65691,"Best Metal Albums of 2013",http://vancouverweekly-local.local/best-metal-albums-2013/,http://vancouverweekly-local.local/wp-admin/post.php?post=65691&action=edit,publish,1,0,0,image_free,https://web.archive.org/web/20140101081301im_/http://vancouverweekly-local.local/wp-content/uploads/2013/12/Nothing-to-Save.jpg
65692,"Best Music Videos of 2013",http://vancouverweekly-local.local/best-music-videos-2013/,http://vancouverweekly-local.local/wp-admin/post.php?post=65692&action=edit,publish,1,0,0,image_free,https://web.archive.org/web/20140101081305im_/http://img.youtube.com/vi/xPRJVKtrCCk/0.jpg
65693,"Best of 2015: Top Films",http://vancouverweekly-local.local/best-of-2015-top-films-50698/,http://vancouverweekly-local.local/wp-admin/post.php?post=65693&action=edit,publish,1,0,0,image_free,https://web.archive.org/web/20160108015405im_/http://vancouverweekly-local.local/wp-content/uploads/2015/12/Blackhat.jpg
65694,"Best Vancouver Albums of 2014",http://vancouverweekly-local.local/best-vancouver-albums-2014/,http://vancouverweekly-local.local/wp-admin/post.php?post=65694&action=edit,publish,1,0,0,image_free,https://web.archive.org/web/20151013002302im_/http://vancouverweekly-local.local/wp-content/uploads/2014/12/9.jpg
65724,"Bison’s James Farwell talks about the next generation, paying your dues, and his black metal baby",http://vancouverweekly-local.local/bisons-james-farwell-talks-about-the-next-generation-paying-your-dues-and-his-black-metal-baby/,http://vancouverweekly-local.local/wp-admin/post.php?post=65724&action=edit,publish,1,0,0,image_free,https://web.archive.org/web/20151012050301im_/http://vancouverweekly-local.local/wp-content/uploads/2015/06/Bison.jpg
65729,"The Black Lips Rock the Rickshaw",http://vancouverweekly-local.local/black-lips-rock-rickshaw/,http://vancouverweekly-local.local/wp-admin/post.php?post=65729&action=edit,publish,1,0,0,image_free,https://web.archive.org/web/20140406150718im_/http://vancouverweekly-local.local/wp-content/uploads/2014/04/Black-Lips-2014-Press-Photo.jpg
65736,"Black, White, and the Return of the 1975",http://vancouverweekly-local.local/black-white-return-1975/,http://vancouverweekly-local.local/wp-admin/post.php?post=65736&action=edit,publish,1,0,0,image_free,https://web.archive.org/web/20140507024520im_/http://vancouverweekly-local.local/wp-content/uploads/2014/05/the-1975-virtuose-paris.jpg
65750,"Bob Sumner – New York City",http://vancouverweekly-local.local/bob-sumner-new-york-city/,http://vancouverweekly-local.local/wp-admin/post.php?post=65750&action=edit,publish,1,0,0,image_free,https://web.archive.org/web/20131208101724im_/http://img.youtube.com/vi/JeP7Vw7SdQU/0.jpg
65765,"The Book of Life Needs a Hefty Dose of Plot",http://vancouverweekly-local.local/book-life-needs-hefty-dose-plot/,http://vancouverweekly-local.local/wp-admin/post.php?post=65765&action=edit,publish,1,0,0,image_free,https://web.archive.org/web/20141017062734im_/http://vancouverweekly-local.local/wp-content/uploads/2014/10/book-of-life.jpg
65770,"Boy Band For Adults: Miniature Tigers’ Cruel Runnings",http://vancouverweekly-local.local/boy-band-adults-miniature-tigers-cruel-runnings/,http://vancouverweekly-local.local/wp-admin/post.php?post=65770&action=edit,publish,1,0,0,image_free,https://web.archive.org/web/20151105145605im_/http://vancouverweekly-local.local/wp-content/uploads/2014/06/mt.png
65771,"Boy & Bear Are Smooth As Honey",http://vancouverweekly-local.local/boy-bear-smooth-honey/,http://vancouverweekly-local.local/wp-admin/post.php?post=65771&action=edit,publish,1,0,0,image_free,https://web.archive.org/web/20140420073923im_/http://vancouverweekly-local.local/wp-content/uploads/2014/04/y.jpg
65773,"“Boyhood”: One of the Decade’s Most Quietly Ambitious Films",http://vancouverweekly-local.local/boyhood-one-decades-quietly-ambitious-films/,http://vancouverweekly-local.local/wp-admin/post.php?post=65773&action=edit,publish,1,0,0,image_free,https://web.archive.org/web/20140811040001im_/http://vancouverweekly-local.local/wp-content/uploads/2014/07/bh_970x390_03_NOW.jpg
65774,"BRASS’s ‘No Soap Radio': anthems for catharsis",http://vancouverweekly-local.local/brasss-no-soap-radio-anthems-for-catharsis/,http://vancouverweekly-local.local/wp-admin/post.php?post=65774&action=edit,publish,1,0,0,image_free,https://web.archive.org/web/20151012214957im_/http://vancouverweekly-local.local/wp-content/uploads/2015/06/no-soap.jpg
65778,"‘Bridesmaids needed’: Check out this Hilarious Response to Craigslist Posting",http://vancouverweekly-local.local/bridesmaids-needed-check-hilarious-response-craigslist-posting/,http://vancouverweekly-local.local/wp-admin/post.php?post=65778&action=edit,publish,1,0,0,image_free,https://web.archive.org/web/20140729081849im_/http://vancouverweekly-local.local/wp-content/uploads/2014/07/craigslist-bridesmaids.png
65783,"Broncho: a new hope?",http://vancouverweekly-local.local/broncho-a-new-hope/,http://vancouverweekly-local.local/wp-admin/post.php?post=65783&action=edit,publish,1,0,0,image_free,https://web.archive.org/web/20151127230028im_/http://vancouverweekly-local.local/wp-content/uploads/2015/11/unnamed.jpg
65828,"Canada Day skanking with the Slackers",http://vancouverweekly-local.local/canada-day-skanking-with-the-slackers/,http://vancouverweekly-local.local/wp-admin/post.php?post=65828&action=edit,publish,1,0,0,image_free,https://web.archive.org/web/20150809075737im_/http://vancouverweekly-local.local/wp-content/uploads/2015/07/The_Slackers_Press_Photo_by_Joelle_Andres1-1024x682.jpg
65835,"Canadian rugby team looking to close out Pacific Nations Cup on a positive note",http://vancouverweekly-local.local/canadian-rugby-team-looking-to-close-out-pacific-nations-cup-on-a-positive-note/,http://vancouverweekly-local.local/wp-admin/post.php?post=65835&action=edit,publish,1,0,0,image_free,https://web.archive.org/web/20191018154828im_/https://secure.gravatar.com/avatar/3d341423a930cf0d6559640f7da419fd?s=164&amp;d=mm&amp;r=g
65843,"Canucks bring back defenceman Yannick Weber on a one-year contract",http://vancouverweekly-local.local/canucks-bring-back-defenceman-yannick-weber-on-a-one-year-contract/,http://vancouverweekly-local.local/wp-admin/post.php?post=65843&action=edit,publish,1,0,0,image_free,https://web.archive.org/web/20150702130444im_/http://vancouverweekly-local.local/wp-content/uploads/2015/07/CPT109283009_high.jpg
65846,"The Canyon Rays “Teenage Bliss” Video",http://vancouverweekly-local.local/canyon-rays-teenage-bliss-video/,http://vancouverweekly-local.local/wp-admin/post.php?post=65846&action=edit,publish,1,0,0,image_free,https://web.archive.org/web/20151012101431im_/http://img.youtube.com/vi/BgEIZEH7fLQ/0.jpg
65849,"Caribou: an electronic dedication to love",http://vancouverweekly-local.local/caribou-electronic-dedication-love/,http://vancouverweekly-local.local/wp-admin/post.php?post=65849&action=edit,publish,1,0,0,image_free,https://web.archive.org/web/20150303092122im_/http://vancouverweekly-local.local/wp-content/uploads/2015/02/caribou02_thomas_neukum-1024x682.jpg
65864,"CFL so far fumble-free as league doubles down on violence against women",http://vancouverweekly-local.local/cfl-so-far-fumble-free-as-league-doubles-down-on-violence-against-women/,http://vancouverweekly-local.local/wp-admin/post.php?post=65864&action=edit,publish,1,0,0,image_free,https://web.archive.org/web/20151105145931im_/http://vancouverweekly-local.local/wp-content/uploads/2015/09/CPT101297263_high.jpg
65868,"Challenge Accepted: Chris Shalom And J.S. Johnson Return With Android Night Punch",http://vancouverweekly-local.local/challenge-accepted-chris-shalom-j-s-johnson-return-android-night-punch/,http://vancouverweekly-local.local/wp-admin/post.php?post=65868&action=edit,publish,1,0,0,image_free,https://web.archive.org/web/20141017062938im_/http://vancouverweekly-local.local/wp-content/uploads/2014/10/punch.png
65898,"Christian Techera scores in 32nd minute to lift Whitecaps past FC Dallas",http://vancouverweekly-local.local/christian-techera-scores-in-32nd-minute-to-lift-whitecaps-past-fc-dallas/,http://vancouverweekly-local.local/wp-admin/post.php?post=65898&action=edit,publish,1,0,0,image_free,https://web.archive.org/web/20151023003331im_/http://vancouverweekly-local.local/wp-content/uploads/2015/08/VCRD220294588_high.jpg
65902,"Christopher Owens in the Flesh",http://vancouverweekly-local.local/christopher-owens-flesh/,http://vancouverweekly-local.local/wp-admin/post.php?post=65902&action=edit,publish,1,0,0,image_free,https://web.archive.org/web/20141017062944im_/http://vancouverweekly-local.local/wp-content/uploads/2014/10/Christopher_Owens_Credit_AnnieThornton1.jpeg
65911,"City of Vancouver co-workers grieve targeted fatal shooting at Burnaby home",http://vancouverweekly-local.local/city-of-vancouver-co-workers-grieve-targeted-fatal-shooting-at-burnaby-home/,http://vancouverweekly-local.local/wp-admin/post.php?post=65911&action=edit,publish,1,0,0,image_free,https://web.archive.org/web/20150719075320im_/http://vancouverweekly-local.local/wp-content/uploads/2015/07/JOHV500286958_high.jpg
65916,"Clean-up begins in wake of severe B.C. windstorm, thousands still without power",http://vancouverweekly-local.local/clean-up-begins-in-wake-of-severe-b-c-windstorm-thousands-still-without-power/,http://vancouverweekly-local.local/wp-admin/post.php?post=65916&action=edit,publish,1,0,0,image_free,https://web.archive.org/web/20150910222516im_/http://vancouverweekly-local.local/wp-content/uploads/2015/08/VCRD101295334_high.jpg
65918,"How Climate Change Comes to Matter: A New Take on Climate Change",http://vancouverweekly-local.local/climate-change-comes-matter-new-take-climate-change/,http://vancouverweekly-local.local/wp-admin/post.php?post=65918&action=edit,publish,1,0,0,image_free,https://web.archive.org/web/20150429234021im_/http://vancouverweekly-local.local/wp-content/uploads/2015/02/51n13dVKpVL._SY344_BO1204203200_-200x300.jpg
65924,"The Coathangers Talk Formation, Evolution, Creation",http://vancouverweekly-local.local/coathangers-talk-formation-evolution-creation/,http://vancouverweekly-local.local/wp-admin/post.php?post=65924&action=edit,publish,1,0,0,image_free,https://web.archive.org/web/20140424185745im_/http://vancouverweekly-local.local/wp-content/uploads/2014/04/coathangers-interview.png
65929,"Colin Cowan – Not Neil",http://vancouverweekly-local.local/colin-cowan-neil/,http://vancouverweekly-local.local/wp-admin/post.php?post=65929&action=edit,publish,1,0,0,image_free,https://web.archive.org/web/20140318063438im_/http://img.youtube.com/vi/RptMAgVVwj8/0.jpg
65936,"Com Truise(s) the Galaxy with Me",http://vancouverweekly-local.local/com-truises-galaxy/,http://vancouverweekly-local.local/wp-admin/post.php?post=65936&action=edit,publish,1,0,0,image_free,https://web.archive.org/web/20140317214746im_/http://vancouverweekly-local.local/wp-content/uploads/2014/03/com-truise.png
65939,"Come See Capital, Alice! Round Three!",http://vancouverweekly-local.local/come-see-capital-alice-round-three/,http://vancouverweekly-local.local/wp-admin/post.php?post=65939&action=edit,publish,1,0,0,image_free,https://web.archive.org/web/20131208101730im_/http://vancouverweekly-local.local/wp-content/uploads/2013/12/capitalalice.jpg
65946,"Communities, insurance totalling losses after powerful southern B.C. windstorm",http://vancouverweekly-local.local/communities-insurance-totalling-losses-after-powerful-southern-b-c-windstorm/,http://vancouverweekly-local.local/wp-admin/post.php?post=65946&action=edit,publish,1,0,0,image_free,https://web.archive.org/web/20150910224140im_/http://vancouverweekly-local.local/wp-content/uploads/2015/08/VCRD110295346_high.jpg
66006,"The Courtneys “Lost Boys” Video",http://vancouverweekly-local.local/courtneys-lost-boys-video/,http://vancouverweekly-local.local/wp-admin/post.php?post=66006&action=edit,publish,1,0,0,image_free,https://web.archive.org/web/20151129125921im_/http://img.youtube.com/vi/cAvMIX4Hlic/0.jpg
66013,"The Cult of Classic Punk Breaks Up on Ex-Cult’s ‘Midnight Passenger’",http://vancouverweekly-local.local/cult-classic-punk-breaks-ex-cult-midnight-passenger/,http://vancouverweekly-local.local/wp-admin/post.php?post=66013&action=edit,publish,1,0,0,image_free,https://web.archive.org/web/20140609081018im_/http://vancouverweekly-local.local/wp-content/uploads/2014/05/MIDNIGHT-PASSENGER-FRONT-OF-RECORD.jpg
66023,"Dan Deacon’s Gliss Riffer Tour a psychedelic jungle-party",http://vancouverweekly-local.local/dan-deacons-gliss-riffer-tour-a-psychedelic-jungle-party/,http://vancouverweekly-local.local/wp-admin/post.php?post=66023&action=edit,publish,1,0,0,image_free,https://web.archive.org/web/20150517193601im_/http://vancouverweekly-local.local/wp-content/uploads/2015/05/DanDeacon_FrankHamilton_31.jpg
66024,"Dan Mangan + Blacksmith, Hayden, Astral Swans at The Vogue Theatre",http://vancouverweekly-local.local/dan-mangan-blacksmith-hayden-astral-swans-at-the-vogue-theatre/,http://vancouverweekly-local.local/wp-admin/post.php?post=66024&action=edit,publish,1,19,0,mixed,https://web.archive.org/web/20190721073816im_/http://vancouverweekly-local.local/wp-content/uploads/2019/07/VFMF-2019-Big-Box-300X250.jpg
66029,"Dan Mangan Returns With New Album, Shares New Track “Mouthpiece”",http://vancouverweekly-local.local/dan-mangan-returns-new-album-shares-new-track-mouthpiece/,http://vancouverweekly-local.local/wp-admin/post.php?post=66029&action=edit,publish,1,0,0,image_free,https://web.archive.org/web/20141227175428im_/http://vancouverweekly-local.local/wp-content/uploads/2014/11/ac097-300x300.jpg
66039,"Darius brings the spirit of vacation to Fortune Sound Club",http://vancouverweekly-local.local/darius-brings-the-spirit-of-vacation-to-fortune-sound-club/,http://vancouverweekly-local.local/wp-admin/post.php?post=66039&action=edit,publish,1,0,0,image_free,https://web.archive.org/web/20151022233009im_/http://vancouverweekly-local.local/wp-content/uploads/2015/07/Darius_AlbumArtwork1.jpg
66040,"Darkness turns to light: White Poppy ends hiatus, set to play first-ever Levitation Vancouver",http://vancouverweekly-local.local/darkness-turns-to-light-white-poppy-ends-hiatus-set-to-play-first-ever-levitation-vancouver/,http://vancouverweekly-local.local/wp-admin/post.php?post=66040&action=edit,publish,1,0,0,image_free,https://web.archive.org/web/20150520113335im_/http://vancouverweekly-local.local/wp-content/uploads/2015/04/wp2015-1024x754.jpg
66044,"Dave Hause to play solo show at the Hindenburg April 9",http://vancouverweekly-local.local/dave-hause-to-play-solo-show-at-the-hindenburg-april-9/,http://vancouverweekly-local.local/wp-admin/post.php?post=66044&action=edit,publish,1,0,0,image_free,https://web.archive.org/web/20150417235528im_/http://vancouverweekly-local.local/wp-content/uploads/2015/04/Photo-by-Jen-Maler.jpg
66051,"Davidian Knows What We Want on Debut EP",http://vancouverweekly-local.local/davidian-knows-want-debut-ep/,http://vancouverweekly-local.local/wp-admin/post.php?post=66051&action=edit,publish,1,0,0,image_free,https://web.archive.org/web/20140608130222im_/http://vancouverweekly-local.local/wp-content/uploads/2014/06/artworks-000079975244-e3hhtt-original.jpg
66052,"Dead Stars “Someone Else” Video",http://vancouverweekly-local.local/dead-stars-someone-else-video/,http://vancouverweekly-local.local/wp-admin/post.php?post=66052&action=edit,publish,1,0,0,image_free,https://web.archive.org/web/20151023094817im_/http://img.youtube.com/vi/gE2UtuZ9txM/0.jpg
66058,"Death From Above 1979: déjà vu cult lane",http://vancouverweekly-local.local/death-1979-deja-vu-cult-lane/,http://vancouverweekly-local.local/wp-admin/post.php?post=66058&action=edit,publish,1,0,0,image_free,https://web.archive.org/web/20150130162023im_/http://vancouverweekly-local.local/wp-content/uploads/2015/01/dfa-cover1.jpg
66077,"DinaDay_ Samantha Mack",http://vancouverweekly-local.local/dinaday_-samantha-mack/,http://vancouverweekly-local.local/wp-admin/post.php?post=66077&action=edit,publish,1,0,0,image_free,https://web.archive.org/web/20181125043036im_/http://vancouverweekly-local.local/wp-content/uploads/2016/12/DinaDay_-Samantha-Mack.jpg
66088,"The dizzying highs of One Man, Two Guvnors",http://vancouverweekly-local.local/dizzying-highs-one-man-two-guvnors/,http://vancouverweekly-local.local/wp-admin/post.php?post=66088&action=edit,publish,1,0,0,image_free,https://web.archive.org/web/20150206044823im_/http://vancouverweekly-local.local/wp-content/uploads/2015/02/Guvnors_dress_0145.jpg
66094,"You Don’t Get Much More Dapper Than Sharon Jones & Her Kings",http://vancouverweekly-local.local/don-get-much-mor-edapper-sharon-jones-kings/,http://vancouverweekly-local.local/wp-admin/post.php?post=66094&action=edit,publish,1,0,0,image_free,https://web.archive.org/web/20140415221337im_/http://vancouverweekly-local.local/wp-content/uploads/2014/04/fdwa.jpg
66102,"Don’t Hold out For the Classics: Cloud Nothings Live at the Rickshaw Theatre",http://vancouverweekly-local.local/dont-hold-classics-cloud-nothings-live-rickshaw-theatre/,http://vancouverweekly-local.local/wp-admin/post.php?post=66102&action=edit,publish,1,0,0,image_free,https://web.archive.org/web/20140715024300im_/http://vancouverweekly-local.local/wp-content/uploads/2014/07/CloudNothings_PhotoBy_PoonehGhana_1.jpg
66103,"The Doobie Brothers’ ‘Southbound’ a Jukebox of Greatest Hits",http://vancouverweekly-local.local/doobie-brothers-southbound-jukebox-greatest-hits/,http://vancouverweekly-local.local/wp-admin/post.php?post=66103&action=edit,publish,1,0,0,image_free,https://web.archive.org/web/20141201072555im_/http://vancouverweekly-local.local/wp-content/uploads/2014/11/doobie2.png
66109,"Dragonette puts the fun into Friday night",http://vancouverweekly-local.local/dragonette-puts-the-fun-into-friday-night/,http://vancouverweekly-local.local/wp-admin/post.php?post=66109&action=edit,publish,1,0,0,image_free,https://web.archive.org/web/20151226155429im_/http://vancouverweekly-local.local/wp-content/uploads/2015/12/dragonette-cover.jpg
66117,"Drop the Needle on Thee Oh Sees’ New Vinyl",http://vancouverweekly-local.local/drop-the-needle-on-thee-oh-sees-new-vinyl/,http://vancouverweekly-local.local/wp-admin/post.php?post=66117&action=edit,publish,1,0,0,image_free,https://web.archive.org/web/20140423053353im_/http://vancouverweekly-local.local/wp-content/uploads/2014/04/Brother_from_the_Same_Planet_67.jpg
66120,"Drought conditions, high temperatures prompt B.C. fishing restrictions",http://vancouverweekly-local.local/drought-conditions-high-temperatures-prompt-b-c-fishing-restrictions/,http://vancouverweekly-local.local/wp-admin/post.php?post=66120&action=edit,publish,1,0,0,image_free,https://web.archive.org/web/20171008132945im_/http://0.gravatar.com/avatar/3d341423a930cf0d6559640f7da419fd?s=164&amp;d=mm&amp;r=g
66137,"Elbow with John Grant Live at the Commodore Ballroom",http://vancouverweekly-local.local/elbow-john-grant-live-commodore-ballroom/,http://vancouverweekly-local.local/wp-admin/post.php?post=66137&action=edit,publish,1,0,0,image_free,https://web.archive.org/web/20140609080947im_/http://vancouverweekly-local.local/wp-content/uploads/2014/05/elbow_PublicityPhoto2_credit_TomSheehan.jpg
66139,"Electric Owl’s WHITE NOISE Launch Party a Bit Funk-ed Up",http://vancouverweekly-local.local/electric-owl-white-noise-launch-party/,http://vancouverweekly-local.local/wp-admin/post.php?post=66139&action=edit,publish,1,0,0,image_free,https://web.archive.org/web/20151226155433im_/http://vancouverweekly-local.local/wp-content/uploads/2014/02/FEB14-BITFUNK.jpg
66140,"Electric Youth Shines at the Biltmore",http://vancouverweekly-local.local/electric-youth-shines-biltmore/,http://vancouverweekly-local.local/wp-admin/post.php?post=66140&action=edit,publish,1,0,0,image_free,https://web.archive.org/web/20150214085758im_/http://vancouverweekly-local.local/wp-content/uploads/2014/11/Electric-Youth_Promo-Photo-2014_Photo-Credit-Chris-Muir.jpg
66141,"Elliot C. Way – Sand Turns To Glass",http://vancouverweekly-local.local/elliot-c-way-sand-turns-glass/,http://vancouverweekly-local.local/wp-admin/post.php?post=66141&action=edit,publish,1,0,0,image_free,https://web.archive.org/web/20140403145943im_/http://img.youtube.com/vi/bplPjUokfAM/0.jpg
66152,"Enchanted Nights at Bloedel Conservatory, begins today",http://vancouverweekly-local.local/enchanted-nights-at-bloedel-conservatory-begins-today/,http://vancouverweekly-local.local/wp-admin/post.php?post=66152&action=edit,publish,1,0,0,image_free,https://web.archive.org/web/20151206103230im_/http://vancouverweekly-local.local/wp-content/uploads/2015/12/Screen-Shot-2015-12-04-at-2.43.04-PM.png
66175,"Etienne Tremblay – Cradle of Love",http://vancouverweekly-local.local/etienne-tremblay-cradle-love/,http://vancouverweekly-local.local/wp-admin/post.php?post=66175&action=edit,publish,1,0,0,image_free,https://web.archive.org/web/20140420071540im_/http://img.youtube.com/vi/e4G-wcO_ZG0/0.jpg
66177,"Trampled by Turtles",http://vancouverweekly-local.local/events/,http://vancouverweekly-local.local/wp-admin/post.php?post=66177&action=edit,publish,1,0,0,image_free,https://web.archive.org/web/20120514050159im_/http://vanweekly.com/wordpress/wp-content/uploads/2012/05/MAY14-150x150.jpg
66186,"Evgeni Plushenko vs Kurt Browning",http://vancouverweekly-local.local/evgeni-plushenko-vs-kurt-browning/,http://vancouverweekly-local.local/wp-admin/post.php?post=66186&action=edit,publish,1,0,0,image_free,https://web.archive.org/web/20140318065246im_/http://vancouverweekly-local.local/wp-content/uploads/2014/02/vgeni_Plushenko-199x300.jpg
66192,"Eyes Half Shut: Melted Toys’ Debut LP",http://vancouverweekly-local.local/eyes-half-shut-melted-toys-debut-lp/,http://vancouverweekly-local.local/wp-admin/post.php?post=66192&action=edit,publish,1,0,0,image_free,https://web.archive.org/web/20140822225941im_/http://vancouverweekly-local.local/wp-content/uploads/2014/08/unnamed.jpg
66199,"Faith No More showcase old talents and new album at landmark Vancouver gig",http://vancouverweekly-local.local/faith-no-more-showcase-old-talents-and-new-album-at-landmark-vancouver-gig/,http://vancouverweekly-local.local/wp-admin/post.php?post=66199&action=edit,publish,1,0,0,image_free,https://web.archive.org/web/20150518013336im_/http://vancouverweekly-local.local/wp-content/uploads/2015/04/faith-no-more-1024x682.jpg
66213,"FIFA: Talent level at Women’s World Cup higher than it was four years ago",http://vancouverweekly-local.local/fifa-talent-level-at-womens-world-cup-higher-than-it-was-four-years-ago/,http://vancouverweekly-local.local/wp-admin/post.php?post=66213&action=edit,publish,1,0,0,image_free,https://web.archive.org/web/20150702130513im_/http://vancouverweekly-local.local/wp-content/uploads/2015/06/worldcup.jpg
66216,"Upcoming Events    Film",http://vancouverweekly-local.local/film/,http://vancouverweekly-local.local/wp-admin/post.php?post=66216&action=edit,publish,1,0,0,image_free,https://web.archive.org/web/20120524171139im_/http://vanweekly.com/wordpress/wp-content/uploads/2012/05/hysteria.png
66217,"Filth: A Contemporary Relic from 90s British Cinema",http://vancouverweekly-local.local/filth-contemporary-relic-90s-british-cinema/,http://vancouverweekly-local.local/wp-admin/post.php?post=66217&action=edit,publish,1,0,0,image_free,https://web.archive.org/web/20140715054018im_/http://vancouverweekly-local.local/wp-content/uploads/2014/05/filth_sliderbild.jpg
66218,"Finance Minister Joe Oliver says too early to say whether we’re in recession",http://vancouverweekly-local.local/finance-minister-joe-oliver-says-too-early-to-say-whether-were-in-recession/,http://vancouverweekly-local.local/wp-admin/post.php?post=66218&action=edit,publish,1,0,0,image_free,https://web.archive.org/web/20150810013847im_/http://vancouverweekly-local.local/wp-content/uploads/2015/07/VCRD102284482_high.jpg
66222,"First Nations youth learn ancestral language by correspondence",http://vancouverweekly-local.local/first-nations-youth-learn-ancestral-language-correspondence/,http://vancouverweekly-local.local/wp-admin/post.php?post=66222&action=edit,publish,1,0,0,image_free,https://web.archive.org/web/20150222084955im_/http://vancouverweekly-local.local/wp-content/uploads/2015/02/6.jpg
66225,"Fitz and the Tantrums Are Out of Our League",http://vancouverweekly-local.local/fitz-tantrums-league/,http://vancouverweekly-local.local/wp-admin/post.php?post=66225&action=edit,publish,1,0,0,image_free,https://web.archive.org/web/20140715054029im_/http://vancouverweekly-local.local/wp-content/uploads/2014/06/fitz.png
66226,"‘Five Minutes’ with Hardwell",http://vancouverweekly-local.local/five-minutes-hardwell/,http://vancouverweekly-local.local/wp-admin/post.php?post=66226&action=edit,publish,1,0,0,image_free,https://web.archive.org/web/20150301160644im_/http://vancouverweekly-local.local/wp-content/uploads/2014/11/I-AM-Hardwell.jpg
66233,"Flight Facilities Take off at Fortune",http://vancouverweekly-local.local/flight-facilities-take-fortune/,http://vancouverweekly-local.local/wp-admin/post.php?post=66233&action=edit,publish,1,0,0,image_free,https://web.archive.org/web/20140423051349im_/http://vancouverweekly-local.local/wp-content/uploads/2014/04/artworks-000064508454-5r472g-original.jpg
66242,"Food Artisans of Vancouver Island and the Gulf Islands: Rural Bounty",http://vancouverweekly-local.local/food-artisans-vancouver-island-gulf-islands-rural-bounty/,http://vancouverweekly-local.local/wp-admin/post.php?post=66242&action=edit,publish,1,0,0,image_free,https://web.archive.org/web/20150809165620im_/http://vancouverweekly-local.local/wp-content/uploads/2014/12/jpeg-200x300.jpg
66249,"Former KGB worker voluntarily leaves Canada after 6 years avoiding deportation",http://vancouverweekly-local.local/former-kgb-worker-voluntarily-leaves-canada-after-6-years-avoiding-deportation/,http://vancouverweekly-local.local/wp-admin/post.php?post=66249&action=edit,publish,1,0,0,image_free,https://web.archive.org/web/20151024020744im_/http://vancouverweekly-local.local/wp-content/uploads/2015/08/CPT101293699_high.jpg
66250,"Former NFL receiver Lavelle Hawkins healthy and ready to contribute with Lions",http://vancouverweekly-local.local/former-nfl-receiver-lavelle-hawkins-healthy-and-ready-to-contribute-with-lions/,http://vancouverweekly-local.local/wp-admin/post.php?post=66250&action=edit,publish,1,0,0,image_free,https://web.archive.org/web/20150910223738im_/http://vancouverweekly-local.local/wp-content/uploads/2015/09/01767381295755_high.jpg
66253,"Foxcatcher is an Intense and Absorbing film",http://vancouverweekly-local.local/foxcatcher-intense-absorbing-film/,http://vancouverweekly-local.local/wp-admin/post.php?post=66253&action=edit,publish,1,0,0,image_free,https://web.archive.org/web/20151106031728im_/http://vancouverweekly-local.local/wp-content/uploads/2014/09/Foxcatcher.jpg
66257,"Foxygen’s ‘…And Star Power’ Is ADHD-Tested",http://vancouverweekly-local.local/foxygens-star-power-adhd-tested/,http://vancouverweekly-local.local/wp-admin/post.php?post=66257&action=edit,publish,1,0,0,image_free,https://web.archive.org/web/20151101034306im_/http://vancouverweekly-local.local/wp-content/uploads/2014/10/foxy.png
66276,"The future of wearables is enterprise friendly",http://vancouverweekly-local.local/future-wearables-enterprise-friendly/,http://vancouverweekly-local.local/wp-admin/post.php?post=66276&action=edit,publish,1,0,0,image_free,https://web.archive.org/web/20141227201549im_/http://vancouverweekly-local.local/wp-content/uploads/2014/12/wearables.png
66287,"Gesaffelstein: dark chic at Celebrities",http://vancouverweekly-local.local/gesaffelstein-dark-chic-at-celebrities/,http://vancouverweekly-local.local/wp-admin/post.php?post=66287&action=edit,publish,1,0,0,image_free,https://web.archive.org/web/20151127230130im_/http://vancouverweekly-local.local/wp-content/uploads/2015/11/gesaffelstein_press_pic_1-1024x704.jpg
66293,"The Ghost of a Saber Tooth Tiger “Animals” Video",http://vancouverweekly-local.local/ghost-of-a-saber-tooth-tiger-animals-video/,http://vancouverweekly-local.local/wp-admin/post.php?post=66293&action=edit,publish,1,0,0,image_free,https://web.archive.org/web/20151106031750im_/http://img.youtube.com/vi/KhcR4rdzzoM/0.jpg
66322,"Gordon Grdina – Raqs Al Jamal",http://vancouverweekly-local.local/gordon-grdina-raqs-al-jamal/,http://vancouverweekly-local.local/wp-admin/post.php?post=66322&action=edit,publish,1,0,0,image_free,https://web.archive.org/web/20140101205706im_/http://img.youtube.com/vi/rFnaIRLzqZ8/0.jpg
66323,"Gordon Smith – Walk Away",http://vancouverweekly-local.local/gordon-smith-walk-away/,http://vancouverweekly-local.local/wp-admin/post.php?post=66323&action=edit,publish,1,0,0,image_free,https://web.archive.org/web/20140522011113im_/http://img.youtube.com/vi/GICxKfEiX2c/0.jpg
66335,"Great Lake Swimmers at The Vogue Theatre",http://vancouverweekly-local.local/great-lake-swimmers-at-the-vogue-theatre/,http://vancouverweekly-local.local/wp-admin/post.php?post=66335&action=edit,publish,1,7,0,mixed,https://web.archive.org/web/20190719090018im_/http://vancouverweekly-local.local/wp-content/uploads/2019/07/VFMF-2019-Big-Box-300X250.jpg
66354,"The Growlers Mature on ‘Chinese Fountain’",http://vancouverweekly-local.local/growlers-mature-chinese-fountain/,http://vancouverweekly-local.local/wp-admin/post.php?post=66354&action=edit,publish,1,0,0,image_free,https://web.archive.org/web/20141017063018im_/http://vancouverweekly-local.local/wp-content/uploads/2014/10/23010003-The-Growlers-by-Taylor-Bonin.jpg
66359,"Gut Feelings: Factory Floor on Natural Response inside and outside the Studio",http://vancouverweekly-local.local/gut-feelings-factory-floor-natural-response-inside-outside-studio/,http://vancouverweekly-local.local/wp-admin/post.php?post=66359&action=edit,publish,1,0,0,image_free,https://web.archive.org/web/20140416080842im_/http://vancouverweekly-local.local/wp-content/uploads/2014/04/factory_floor_image_1.jpeg
66361,"Hamilton Leithauser: starting fresh after a decade with the Walkmen",http://vancouverweekly-local.local/hamilton-leithauser-starting-fresh-after-a-decade-with-the-walkmen/,http://vancouverweekly-local.local/wp-admin/post.php?post=66361&action=edit,publish,1,0,0,image_free,https://web.archive.org/web/20150609075304im_/http://vancouverweekly-local.local/wp-content/uploads/2015/05/Hamilton-Leithauser-photo-by-Richard-Swift-swift_1-200x300.jpg
66365,"Happy Canada Day: Mac DeMarco Live at the Vogue",http://vancouverweekly-local.local/happy-canada-day-mac-demarco-live-vogue/,http://vancouverweekly-local.local/wp-admin/post.php?post=66365&action=edit,publish,1,0,0,image_free,https://web.archive.org/web/20140707144604im_/http://vancouverweekly-local.local/wp-content/uploads/2014/07/macdemarco6_robert-redfield.jpg.jpeg
66367,"Harper meets B.C. crew, thanks people fighting wildfires across country",http://vancouverweekly-local.local/harper-meets-b-c-crew-thanks-people-fighting-wildfires-across-country/,http://vancouverweekly-local.local/wp-admin/post.php?post=66367&action=edit,publish,1,0,0,image_free,https://web.archive.org/web/20151012200157im_/http://vancouverweekly-local.local/wp-content/uploads/2015/07/JH2_9981288956_high.jpg
66372,"Hawksley Workman’s Reworking of The Bacchae",http://vancouverweekly-local.local/hawksley-workmans-reworking-of-the-bacchae/,http://vancouverweekly-local.local/wp-admin/post.php?post=66372&action=edit,publish,1,0,0,image_free,https://web.archive.org/web/20131209025203im_/http://vancouverweekly-local.local/wp-content/uploads/2013/12/1314_presentation_horiz_4-3_thegod.jpg
66374,"Haze from B.C. fires makes day look like sunset, others forced to flee",http://vancouverweekly-local.local/haze-from-b-c-fires-makes-day-look-like-sunset-others-forced-to-flee/,http://vancouverweekly-local.local/wp-admin/post.php?post=66374&action=edit,publish,1,0,0,image_free,https://web.archive.org/web/20150809092413im_/http://vancouverweekly-local.local/wp-content/uploads/2015/07/VCR500283960_high.jpg
66375,"Headphone World: Odesza’s ‘In Return’",http://vancouverweekly-local.local/headphone-world-odeszas-return/,http://vancouverweekly-local.local/wp-admin/post.php?post=66375&action=edit,publish,1,0,0,image_free,https://web.archive.org/web/20151106031826im_/http://vancouverweekly-local.local/wp-content/uploads/2014/09/unnamed1.jpg
66378,"Heems at Fortune raw and unpredictable for worse",http://vancouverweekly-local.local/heems-at-fortune-raw-and-unpredictable-for-worse/,http://vancouverweekly-local.local/wp-admin/post.php?post=66378&action=edit,publish,1,0,0,image_free,https://web.archive.org/web/20151023094721im_/http://vancouverweekly-local.local/wp-content/uploads/2015/07/heems.jpg
66381,"Helen Lawrence Delivers own Rendition of Film Noir",http://vancouverweekly-local.local/helen-lawrence-delivers-rendition-film-noir/,http://vancouverweekly-local.local/wp-admin/post.php?post=66381&action=edit,publish,1,0,0,image_free,https://web.archive.org/web/20140406104039im_/http://vancouverweekly-local.local/wp-content/uploads/2014/04/helen.png
66384,"Help wanted: TransLink posts CEO ad for transit authority’s top job",http://vancouverweekly-local.local/help-wanted-translink-posts-ceo-ad-for-transit-authoritys-top-job/,http://vancouverweekly-local.local/wp-admin/post.php?post=66384&action=edit,publish,1,0,0,image_free,https://web.archive.org/web/20171229233244im_/http://0.gravatar.com/avatar/3d341423a930cf0d6559640f7da419fd?s=164&amp;d=mm&amp;r=g
66385,"Henderson saves the best for last, scores 5 under on final day of Canadian Open",http://vancouverweekly-local.local/henderson-saves-the-best-for-last-scores-5-under-on-final-day-of-canadian-open/,http://vancouverweekly-local.local/wp-admin/post.php?post=66385&action=edit,publish,1,0,0,image_free,https://web.archive.org/web/20151106031837im_/http://vancouverweekly-local.local/wp-content/uploads/2015/08/VCRD129294653_high.jpg
66386,"Hermitage Green Hit All the Right Notes on CelticFest Vancouver’s Opening Night",http://vancouverweekly-local.local/hermitage-green-hit-right-notes-celticfest-vancouvers-opening-night/,http://vancouverweekly-local.local/wp-admin/post.php?post=66386&action=edit,publish,1,0,0,image_free,https://web.archive.org/web/20140317221117im_/http://vancouverweekly-local.local/wp-content/uploads/2014/03/Hermitage-Green_3157.jpg
66393,"High Highs new track ‘Boxing’ debut",http://vancouverweekly-local.local/high-highs-new-track-boxing-debut/,http://vancouverweekly-local.local/wp-admin/post.php?post=66393&action=edit,publish,1,0,0,image_free,https://web.archive.org/web/20151206103246im_/http://vancouverweekly-local.local/wp-content/uploads/2015/12/DSC5909.jpg1.jpeg
66394,"High on Fire and Pallbearer bring varied dose of heavy metal to Rickshaw",http://vancouverweekly-local.local/high-on-fire-and-pallbearer-bring-varied-dose-of-heavy-metal-to-rickshaw/,http://vancouverweekly-local.local/wp-admin/post.php?post=66394&action=edit,publish,1,0,0,image_free,https://web.archive.org/web/20150808141820im_/http://vancouverweekly-local.local/wp-content/uploads/2015/08/High-on-Fire.jpg
66397,"Highlights from the West 4th Avenue Khatsahlano Street Party",http://vancouverweekly-local.local/highlights-from-west-4th-avenue-khatsahlano-street-party/,http://vancouverweekly-local.local/wp-admin/post.php?post=66397&action=edit,publish,1,0,0,image_free,https://web.archive.org/web/20150720132504im_/http://vancouverweekly-local.local/wp-content/uploads/2015/07/khats.jpg
66405,"Hollerado and Hometown Heroes The Zolas Energize The Commodore",http://vancouverweekly-local.local/hollerado-and-hometown-heroes-the-zolas-energize-the-commodore/,http://vancouverweekly-local.local/wp-admin/post.php?post=66405&action=edit,publish,1,0,0,image_free,https://web.archive.org/web/20151013014334im_/http://vancouverweekly-local.local/wp-content/uploads/2013/11/The-Zolas-800x480.jpg
66412,"Home Date: Whitecaps set to host Kansas City in first home game in six weeks",http://vancouverweekly-local.local/home-date-whitecaps-set-to-host-kansas-city-in-first-home-game-in-six-weeks/,http://vancouverweekly-local.local/wp-admin/post.php?post=66412&action=edit,publish,1,0,0,image_free,https://web.archive.org/web/20150811020555im_/http://vancouverweekly-local.local/wp-content/uploads/2015/07/CPT122285138_high.jpg
66426,"House Of Cards Season 4 Trailer Teaser",http://vancouverweekly-local.local/house-of-cards-season-4-trailer-teaser-50448/,http://vancouverweekly-local.local/wp-admin/post.php?post=66426&action=edit,publish,1,0,0,image_free,https://web.archive.org/web/20151225194128im_/http://img.youtube.com/vi/Se44ed4KBMA/0.jpg
66440,"How to experience authentic Mexican food without leaving Vancouver",http://vancouverweekly-local.local/how-to-experience-great-mexican-food-without-leaving-vancouver-59606-2/,http://vancouverweekly-local.local/wp-admin/post.php?post=66440&action=edit,publish,1,0,0,image_free,https://web.archive.org/web/20180115142311im_/http://vancouverweekly-local.local/wp-content/uploads/2014/03/vancouver-weekly-facebook.png
66441,"How to Fight a Baby",http://vancouverweekly-local.local/how-to-fight-a-baby/,http://vancouverweekly-local.local/wp-admin/post.php?post=66441&action=edit,publish,1,0,0,image_free,https://web.archive.org/web/20131207070622im_/http://img.youtube.com/vi/mTWfqi3-3qU/0.jpg
66449,"How to make all your social media posts truly private",http://vancouverweekly-local.local/how-to-make-all-your-social-media-posts-truly-private-57221-2/,http://vancouverweekly-local.local/wp-admin/post.php?post=66449&action=edit,publish,1,0,0,image_free,https://web.archive.org/web/20170429021221im_/http://vancouverweekly-local.local/wp-content/uploads/2016/05/News-Feed_avatar_1462378857-164x164.png
66464,"Human-caused wildfire forces out long-weekend campers near Harrison Lake",http://vancouverweekly-local.local/human-caused-wildfire-forces-out-long-weekend-campers-near-harrison-lake/,http://vancouverweekly-local.local/wp-admin/post.php?post=66464&action=edit,publish,1,0,0,image_free,https://web.archive.org/web/20190822085550im_/https://secure.gravatar.com/avatar/3d341423a930cf0d6559640f7da419fd?s=164&amp;d=mm&amp;r=g
66466,"The Human Library Returns to the Push Festival",http://vancouverweekly-local.local/human-library-returns-push-festival/,http://vancouverweekly-local.local/wp-admin/post.php?post=66466&action=edit,publish,1,0,0,image_free,https://web.archive.org/web/20140129053514im_/http://vancouverweekly-local.local/wp-content/uploads/2014/01/IMG_9301.jpg
66488,"In Fire Song and Songs My Brothers Taught Me, filmmakers apply conventional conflict to Aboriginal communities",http://vancouverweekly-local.local/in-fire-song-and-songs-my-brothers-taught-me-filmmakers-apply-conventional-conflict-to-aboriginal-communities/,http://vancouverweekly-local.local/wp-admin/post.php?post=66488&action=edit,publish,1,0,0,image_free,https://web.archive.org/web/20151027065943im_/http://vancouverweekly-local.local/wp-content/uploads/2015/10/Fire-Song.jpg
66492,"In Joy, Jennifer Lawrence lives in a warped, frustrated world — suburban America",http://vancouverweekly-local.local/in-joy-jennifer-lawrence-lives-in-a-warped-frustrated-world-suburban-america/,http://vancouverweekly-local.local/wp-admin/post.php?post=66492&action=edit,publish,1,0,0,image_free,https://web.archive.org/web/20151224222631im_/http://vancouverweekly-local.local/wp-content/uploads/2015/12/Joy.jpg
66493,"In Spectre, James Bond hasn’t changed, and probably never will",http://vancouverweekly-local.local/in-spectre-james-bond-hasnt-changed-and-probably-never-will/,http://vancouverweekly-local.local/wp-admin/post.php?post=66493&action=edit,publish,1,0,0,image_free,https://web.archive.org/web/20151113003218im_/http://vancouverweekly-local.local/wp-content/uploads/2015/11/Spectre.png
66506,"“Inside Llewyn Davis”: Isaac Shines as Troubled Folk Singer",http://vancouverweekly-local.local/inside-llewyn-davis-isaac-shines-as-troubled-folk-singer/,http://vancouverweekly-local.local/wp-admin/post.php?post=66506&action=edit,publish,1,0,0,image_free,https://web.archive.org/web/20140101203713im_/http://vancouverweekly-local.local/wp-content/uploads/2013/12/ILD_00775_ct.jpg
66512,"INTERVIEW: Christopher Gaze to Judge First Street-Carolling Competition this Holiday Season",http://vancouverweekly-local.local/interview-christopher-gaze-to-judge-first-street-carolling-competition-this-holiday-season/,http://vancouverweekly-local.local/wp-admin/post.php?post=66512&action=edit,publish,1,0,0,image_free,https://web.archive.org/web/20151125080314im_/http://vancouverweekly-local.local/wp-content/uploads/2015/11/Christopher-Gaze-_Yukiko-Onley-253x300.jpg
66518,"Interview with Jon Hopkins: Coldplay, the Next Album… and Retirement?!",http://vancouverweekly-local.local/interview-jon-hopkins-coldplay-next-album-retirement/,http://vancouverweekly-local.local/wp-admin/post.php?post=66518&action=edit,publish,1,0,0,image_free,https://web.archive.org/web/20140811040222im_/http://vancouverweekly-local.local/wp-content/uploads/2014/08/JonHopkins_bySteve-Gullick2.jpg
66524,"Interview part 2: Bison’s James Farwell talks not wanting to be Lemmy, getting signed then dumped by Metal Blade, and weeding out the idiots",http://vancouverweekly-local.local/interview-part-2-bisons-james-farwell-talks-not-wanting-to-be-lemmy-getting-signed-then-dumped-by-metal-blade-and-weeding-out-the-idiots/,http://vancouverweekly-local.local/wp-admin/post.php?post=66524&action=edit,publish,1,0,0,image_free,https://web.archive.org/web/20150808204431im_/http://vancouverweekly-local.local/wp-content/uploads/2015/08/by-Evil-Eye-Rock-Art.jpg
66768,"Jack The Bear – Midnight Bobtail",http://vancouverweekly-local.local/jack-bear-midnight-bobtail/,http://vancouverweekly-local.local/wp-admin/post.php?post=66768&action=edit,publish,1,0,0,image_free,https://web.archive.org/web/20140130141010im_/http://img.youtube.com/vi/z1uOlnxUxaI/0.jpg
66770,"Jack White: The Same Boy You’ve Always Known?",http://vancouverweekly-local.local/jack-white-boy-youve-always-known/,http://vancouverweekly-local.local/wp-admin/post.php?post=66770&action=edit,publish,1,0,0,image_free,https://web.archive.org/web/20140919141141im_/http://vancouverweekly-local.local/wp-content/uploads/2014/08/article-cover.jpg
66771,"Jack White “Lazaretto” Video",http://vancouverweekly-local.local/jack-white-lazaretto-video/,http://vancouverweekly-local.local/wp-admin/post.php?post=66771&action=edit,publish,1,0,0,image_free,https://web.archive.org/web/20140608130132im_/http://img.youtube.com/vi/qI-95cTMeLM/0.jpg
66782,"Jamie xx defies expectations at the Commodore Ballroom",http://vancouverweekly-local.local/jamie-xx-defies-expectations-at-the-commodore-ballroom/,http://vancouverweekly-local.local/wp-admin/post.php?post=66782&action=edit,publish,1,0,0,image_free,https://web.archive.org/web/20151023034610im_/http://vancouverweekly-local.local/wp-content/uploads/2015/07/FlavienPrioreauJamiexx.jpeg
66791,"Japanther “Do It (Don’t Try)” Video",http://vancouverweekly-local.local/japanther-dont-try-video/,http://vancouverweekly-local.local/wp-admin/post.php?post=66791&action=edit,publish,1,0,0,image_free,https://web.archive.org/web/20140318063214im_/http://img.youtube.com/vi/5Ysxpbt23TI/0.jpg
66795,"Jeff Vandermeer’s “Annihilation”: What is Area-X?",http://vancouverweekly-local.local/jeff-vandermeers-annihilation-what-is-area-x/,http://vancouverweekly-local.local/wp-admin/post.php?post=66795&action=edit,publish,1,0,0,image_free,https://web.archive.org/web/20140317221230im_/http://vancouverweekly-local.local/wp-content/uploads/2014/02/FEB.-4-ANNIHILATION.png
66797,"Jenn Grant shares ‘Free EP For Good People’",http://vancouverweekly-local.local/jenn-grant-shares-free-ep-for-good-people/,http://vancouverweekly-local.local/wp-admin/post.php?post=66797&action=edit,publish,1,0,0,image_free,https://web.archive.org/web/20150628164648im_/http://vancouverweekly-local.local/wp-content/uploads/2015/06/jenn-grant-1024x1024.jpg
66818,"Johnny de Courcy announces ‘The Master Manipulator EP’, shares title-track",http://vancouverweekly-local.local/johnny-de-courcy-announces-the-master-manipulator-ep-shares-title-track/,http://vancouverweekly-local.local/wp-admin/post.php?post=66818&action=edit,publish,1,0,0,image_free,https://web.archive.org/web/20150804224310im_/http://img.youtube.com/vi/6TdwtbDBg94/0.jpg
66822,"Jon and Roy to bring ‘Riverside’ to Vancouver",http://vancouverweekly-local.local/jon-and-roy-to-bring-riverside-to-vancouver-50574/,http://vancouverweekly-local.local/wp-admin/post.php?post=66822&action=edit,publish,1,0,0,image_free,https://web.archive.org/web/20151224222732im_/http://vancouverweekly-local.local/wp-content/uploads/2015/12/JonAndRoy_Promo1.jpg
66826,"Jon Hopkins Talks Immunity, Lucid Sleep, Music in Schools… and McLovin",http://vancouverweekly-local.local/jon-hopkins-talks-immunity-lucid-sleep-music-in-schools-and-mclovin/,http://vancouverweekly-local.local/wp-admin/post.php?post=66826&action=edit,publish,1,0,0,image_free,https://web.archive.org/web/20131208102818im_/http://vancouverweekly-local.local/wp-content/uploads/2013/11/JonHopkins_PhotoBySteveGullick_2-800x800.jpg
66829,"JOOJ: weeding the garden of expressionism",http://vancouverweekly-local.local/jooj-weeding-the-garden-of-expressionism/,http://vancouverweekly-local.local/wp-admin/post.php?post=66829&action=edit,publish,1,0,0,image_free,https://web.archive.org/web/20150516230338im_/http://vancouverweekly-local.local/wp-content/uploads/2015/05/Jooj-1-1024x662.jpg
66834,"José González: music for every age",http://vancouverweekly-local.local/jose-gonzalez-music-for-every-age/,http://vancouverweekly-local.local/wp-admin/post.php?post=66834&action=edit,publish,1,0,0,image_free,https://web.archive.org/web/20150520113559im_/http://vancouverweekly-local.local/wp-content/uploads/2015/04/JoseGonzalez_MalinJohansson_1.png
66836,"Juicy J Comes Up Short at the Vogue Theatre",http://vancouverweekly-local.local/juicy-j-comes-short-vogue-theatre/,http://vancouverweekly-local.local/wp-admin/post.php?post=66836&action=edit,publish,1,0,0,image_free,https://web.archive.org/web/20140823023058im_/http://vancouverweekly-local.local/wp-content/uploads/2014/08/jj.png
66841,"Julie Doiron’s request night worth the gamble",http://vancouverweekly-local.local/julie-doirons-request-night-worth-gamble/,http://vancouverweekly-local.local/wp-admin/post.php?post=66841&action=edit,publish,1,0,0,image_free,https://web.archive.org/web/20150222085001im_/http://vancouverweekly-local.local/wp-content/uploads/2015/02/julielaundry1.jpg
66853,"Just a Season Springs Ahead with Solo Debut",http://vancouverweekly-local.local/just-season-springs-ahead-solo-debut/,http://vancouverweekly-local.local/wp-admin/post.php?post=66853&action=edit,publish,1,0,0,image_free,https://web.archive.org/web/20140406124652im_/http://vancouverweekly-local.local/wp-content/uploads/2014/03/just-a-season.png
66875,"Khingfisher – Dont Turn To Me",http://vancouverweekly-local.local/khingfisher-dont-turn-to-me/,http://vancouverweekly-local.local/wp-admin/post.php?post=66875&action=edit,publish,1,0,0,image_free,https://web.archive.org/web/20140519081053im_/http://img.youtube.com/vi/WiIdkn1DriM/0.jpg
66898,"Kim Gray reveals new video for “Taking It Too Easy”",http://vancouverweekly-local.local/kim-gray-reveals-new-video-for-taking-it-too-easy-59225-2/,http://vancouverweekly-local.local/wp-admin/post.php?post=66898&action=edit,publish,1,0,0,image_free,https://web.archive.org/web/20171201062543im_/http://vancouverweekly-local.local/wp-content/uploads/2016/05/Leslie-Ken-Chu_avatar_1463417842-164x164.jpg
66904,"The King Khan & BBQ Show Roast the Electric Owl",http://vancouverweekly-local.local/king-khan-bbq-show-roast-electric-owl/,http://vancouverweekly-local.local/wp-admin/post.php?post=66904&action=edit,publish,1,0,0,image_free,https://web.archive.org/web/20141020114538im_/http://vancouverweekly-local.local/wp-content/uploads/2014/10/king-khan.png
66906,"King Krule Already Among the Stars",http://vancouverweekly-local.local/king-krule-already-among-stars/,http://vancouverweekly-local.local/wp-admin/post.php?post=66906&action=edit,publish,1,0,0,image_free,https://web.archive.org/web/20140101094345im_/http://vancouverweekly-local.local/wp-content/uploads/2013/12/King-Krule-800x441.jpg
66907,"“Kingsman: The Secret Service”: Not short on laughs",http://vancouverweekly-local.local/kingsman-secret-service-short-laughs/,http://vancouverweekly-local.local/wp-admin/post.php?post=66907&action=edit,publish,1,0,0,image_free,https://web.archive.org/web/20150222085006im_/http://vancouverweekly-local.local/wp-content/uploads/2015/02/Kingsman-The-Secret-Service-Review.jpg
66931,"Kodo drums up a storm",http://vancouverweekly-local.local/kodo-drums-storm/,http://vancouverweekly-local.local/wp-admin/post.php?post=66931&action=edit,publish,1,0,0,image_free,https://web.archive.org/web/20150212044417im_/http://vancouverweekly-local.local/wp-content/uploads/2015/02/maxresdefault.jpg
66933,"The Koerner Quartet Enlighten with Season-Launch Performance",http://vancouverweekly-local.local/koerner-quartet-enlighten-season-launch-performance/,http://vancouverweekly-local.local/wp-admin/post.php?post=66933&action=edit,publish,1,0,0,image_free,https://web.archive.org/web/20141017062646im_/http://vancouverweekly-local.local/wp-content/uploads/2014/10/KQ_8827-HiRes_resized.jpg
66971,"La Femme “Welcome America” Video",http://vancouverweekly-local.local/la-femme-welcome-america-video/,http://vancouverweekly-local.local/wp-admin/post.php?post=66971&action=edit,publish,1,0,0,image_free,https://web.archive.org/web/20140519081100im_/http://img.youtube.com/vi/8AVI6_S-qK8/0.jpg
66972,"La Fin Absolute du Monde: Re-Channeling Negativity",http://vancouverweekly-local.local/la-fin-absolute-du-monde-re-channeling-negativity/,http://vancouverweekly-local.local/wp-admin/post.php?post=66972&action=edit,publish,1,0,0,image_free,https://web.archive.org/web/20140831073545im_/http://vancouverweekly-local.local/wp-content/uploads/2014/08/image.jpeg
66974,"La Mezcaleria is a Triumph",http://vancouverweekly-local.local/la-mezcaleria-triumph/,http://vancouverweekly-local.local/wp-admin/post.php?post=66974&action=edit,publish,1,0,0,image_free,https://web.archive.org/web/20131231023858im_/http://vancouverweekly-local.local/wp-content/uploads/2013/12/tacos.jpg
66995,"Lee Fields Is As Cool As They Come",http://vancouverweekly-local.local/lee-fields-cool-come/,http://vancouverweekly-local.local/wp-admin/post.php?post=66995&action=edit,publish,1,0,0,image_free,https://web.archive.org/web/20140715024305im_/http://vancouverweekly-local.local/wp-content/uploads/2014/07/1.jpg
67008,"Let’s get it Kraken!",http://vancouverweekly-local.local/lets-get-kraken/,http://vancouverweekly-local.local/wp-admin/post.php?post=67008&action=edit,publish,1,0,0,image_free,https://web.archive.org/web/20151024201349im_/http://vancouverweekly-local.local/wp-content/uploads/2014/08/1989b63796ddb198c6c6f884b17b0892_XL-200x300.jpg
67012,"“LEVITATION VANCOUVER”: Austin Psych Fest Comes To Canada",http://vancouverweekly-local.local/levitation-vancouver-austin-psych-fest-comes-to-canada/,http://vancouverweekly-local.local/wp-admin/post.php?post=67012&action=edit,publish,1,0,0,image_free,https://web.archive.org/web/20150609075333im_/http://vancouverweekly-local.local/wp-content/uploads/2015/05/APF-photo-credit-Cecilia-Alejandra-Blair.jpg
67047,"Listen and Learn: Japanther Continue the Life Lessons on New Album ‘Instant Money Magic’",http://vancouverweekly-local.local/listen-learn-japanther-continue-life-lessons-on-new-album-instant-money-magic/,http://vancouverweekly-local.local/wp-admin/post.php?post=67047&action=edit,publish,1,0,0,image_free,https://web.archive.org/web/20140416080713im_/http://vancouverweekly-local.local/wp-content/uploads/2014/04/japanther-jesus-rivera.png
67068,"Love Among the Ruins places silent films behind a museum barrier",http://vancouverweekly-local.local/love-among-the-ruins-places-silent-films-behind-a-museum-barrier/,http://vancouverweekly-local.local/wp-admin/post.php?post=67068&action=edit,publish,1,0,0,image_free,https://web.archive.org/web/20151011191708im_/http://vancouverweekly-local.local/wp-content/uploads/2015/10/Love-Among-the-Ruins.png
67080,"Lydia Ko edges Stacy Lewis in playoff to win Canadian Pacific Women’s Open",http://vancouverweekly-local.local/lydia-ko-edges-stacy-lewis-in-playoff-to-win-canadian-pacific-womens-open/,http://vancouverweekly-local.local/wp-admin/post.php?post=67080&action=edit,publish,1,0,0,image_free,https://web.archive.org/web/20151106035146im_/http://vancouverweekly-local.local/wp-content/uploads/2015/08/JOHV105294766_high.jpg
67081,"Lydia Ko shoots 5 under to take early lead at Canadian Women’s Open",http://vancouverweekly-local.local/lydia-ko-shoots-5-under-to-take-early-lead-at-canadian-womens-open/,http://vancouverweekly-local.local/wp-admin/post.php?post=67081&action=edit,publish,1,0,0,image_free,https://web.archive.org/web/20151022235954im_/http://vancouverweekly-local.local/wp-content/uploads/2015/08/JOHV203294162_high.jpg
67085,"Mac DeMarco: Mumbles and Jokes",http://vancouverweekly-local.local/mac-demarco-mumbles-jokes/,http://vancouverweekly-local.local/wp-admin/post.php?post=67085&action=edit,publish,1,0,0,image_free,https://web.archive.org/web/20140701125844im_/http://vancouverweekly-local.local/wp-content/uploads/2014/06/macdemarco6_robert-redfield.jpg.jpeg
67089,"Mac DeMarco’s honourary homecoming brings Sith Lords and nuns together",http://vancouverweekly-local.local/mac-demarcos-honourary-homecoming-brings-sith-lords-and-nuns-together/,http://vancouverweekly-local.local/wp-admin/post.php?post=67089&action=edit,publish,1,0,0,image_free,https://web.archive.org/web/20151109123222im_/http://vancouverweekly-local.local/wp-content/uploads/2015/11/MacDeMarco_by_ColeyBrown1-1024x682.jpg
67098,"MALK head to SHiNDiG! semi-finals",http://vancouverweekly-local.local/malk-head-shindig-semi-finals/,http://vancouverweekly-local.local/wp-admin/post.php?post=67098&action=edit,publish,1,0,0,image_free,https://web.archive.org/web/20151022213704im_/http://vancouverweekly-local.local/wp-content/uploads/2015/01/a2658782426_10-300x300.jpg
67111,"Marsh makes playing time count in Alouettes’ 23-13 victory over Lions",http://vancouverweekly-local.local/marsh-makes-playing-time-count-in-alouettes-23-13-victory-over-lions/,http://vancouverweekly-local.local/wp-admin/post.php?post=67111&action=edit,publish,1,0,0,image_free,https://web.archive.org/web/20151106090740im_/http://vancouverweekly-local.local/wp-content/uploads/2015/08/VCRD222294273_high.jpg
67113,"Martyrs – Vancouver",http://vancouverweekly-local.local/martyrs-vancouver/,http://vancouverweekly-local.local/wp-admin/post.php?post=67113&action=edit,publish,1,0,0,image_free,https://web.archive.org/web/20140519081119im_/http://img.youtube.com/vi/4KPxqz0CUHo/0.jpg
67114,"Mary Poppins flies high",http://vancouverweekly-local.local/mary-poppins-flies-high/,http://vancouverweekly-local.local/wp-admin/post.php?post=67114&action=edit,publish,1,0,0,image_free,https://web.archive.org/web/20141227221733im_/http://vancouverweekly-local.local/wp-content/uploads/2014/12/Mary_Poppins_dress_0112.jpg
67128,"Matthew Colin – Roadside",http://vancouverweekly-local.local/matthew-colin-roadside/,http://vancouverweekly-local.local/wp-admin/post.php?post=67128&action=edit,publish,1,0,0,image_free,https://web.archive.org/web/20140101081406im_/http://img.youtube.com/vi/F5Mli1y59zE/0.jpg
67137,"Medical marijuana dispensaries are now legitimate businesses in the eyes of a new Vancouver bylaw.",http://vancouverweekly-local.local/medical-marijuana-dispensaries-are-now-legitimate-businesses-in-the-eyes-of-a-new-vancouver-bylaw/,http://vancouverweekly-local.local/wp-admin/post.php?post=67137&action=edit,publish,1,0,0,image_free,https://web.archive.org/web/20150628164653im_/http://vancouverweekly-local.local/wp-content/uploads/2015/06/Medical-marijuana-sign.jpg
67168,"A Midsummer Night’s Dream Proves a Wonderful Night Out",http://vancouverweekly-local.local/midsummer-nights-dream-proves-wonderful-night/,http://vancouverweekly-local.local/wp-admin/post.php?post=67168&action=edit,publish,1,0,0,image_free,https://web.archive.org/web/20140705125341im_/http://vancouverweekly-local.local/wp-content/uploads/2014/06/AIMG_8831.jpg
67174,"Miguel turns Commodore crowd into jelly",http://vancouverweekly-local.local/miguel-turns-commodore-crowd-into-jelly/,http://vancouverweekly-local.local/wp-admin/post.php?post=67174&action=edit,publish,1,0,0,image_free,https://web.archive.org/web/20151024020751im_/http://vancouverweekly-local.local/wp-content/uploads/2015/08/Miguel_wildheart_CD.0.0-1024x576.jpg
67185,"Mint Records and Weird Canada: when two become one",http://vancouverweekly-local.local/mint-records-weird-canada-when-two-become-one/,http://vancouverweekly-local.local/wp-admin/post.php?post=67185&action=edit,publish,1,0,0,image_free,https://web.archive.org/web/20150808031401im_/http://vancouverweekly-local.local/wp-content/uploads/2015/07/monomyth.jpg
67189,"Miss Quincy and the Showdown “Bad Love” Video",http://vancouverweekly-local.local/miss-quincy-and-showdown-bad-love-video/,http://vancouverweekly-local.local/wp-admin/post.php?post=67189&action=edit,publish,1,0,0,image_free,https://web.archive.org/web/20151027144704im_/http://img.youtube.com/vi/XsGei_3PjuM/0.jpg
67191,"Miss Quincy rocks the Red Room stagette style",http://vancouverweekly-local.local/miss-quincy-rocks-the-red-room-stagette-style/,http://vancouverweekly-local.local/wp-admin/post.php?post=67191&action=edit,publish,1,0,0,image_free,https://web.archive.org/web/20150628164659im_/http://vancouverweekly-local.local/wp-content/uploads/2015/06/missquincy2.jpg
67194,"The Missing Ingredient in Tinashe’s ‘The Age of Aquarius’",http://vancouverweekly-local.local/missing-ingredient-tinashes-age-aquarius/,http://vancouverweekly-local.local/wp-admin/post.php?post=67194&action=edit,publish,1,0,0,image_free,https://web.archive.org/web/20151106090813im_/http://vancouverweekly-local.local/wp-content/uploads/2014/10/Tinashe-Aquarius-2014-1500x1500.png
67195,"“Mitt”: Too Calculated to be Genuine",http://vancouverweekly-local.local/mitt-calculated-genuine/,http://vancouverweekly-local.local/wp-admin/post.php?post=67195&action=edit,publish,1,0,0,image_free,https://web.archive.org/web/20140403145047im_/http://vancouverweekly-local.local/wp-content/uploads/2014/01/mtt_pds_009_h.jpg
67201,"Mode Moderne “Time’s Up” Video",http://vancouverweekly-local.local/mode-moderne-times-video/,http://vancouverweekly-local.local/wp-admin/post.php?post=67201&action=edit,publish,1,0,0,image_free,https://web.archive.org/web/20141113184444im_/http://img.youtube.com/vi/eMqw9NOcWwY/0.jpg
67202,"Modernism, 1922: The Year That Changed Everything",http://vancouverweekly-local.local/modernism-1922-year-changed-everything/,http://vancouverweekly-local.local/wp-admin/post.php?post=67202&action=edit,publish,1,0,0,image_free,https://web.archive.org/web/20140129201035im_/http://vancouverweekly-local.local/wp-content/uploads/2014/01/constellation-of-genius.jpg
67206,"“The Monuments Men”: Ironic Display of the Importance of Art Without the Vitality",http://vancouverweekly-local.local/monuments-men-ironic-display-importance-art-without-vitality/,http://vancouverweekly-local.local/wp-admin/post.php?post=67206&action=edit,publish,1,0,0,image_free,https://web.archive.org/web/20140318064253im_/http://vancouverweekly-local.local/wp-content/uploads/2014/02/monuments3.jpg
67220,"Mr. Blood Himself: An Interview with Bend Sinister’s Joseph Blood",http://vancouverweekly-local.local/mr-blood-interview-bend-sinisters-joseph-blood/,http://vancouverweekly-local.local/wp-admin/post.php?post=67220&action=edit,publish,1,0,0,image_free,https://web.archive.org/web/20140711155606im_/http://vancouverweekly-local.local/wp-content/uploads/2014/07/bend-sinister.jpg
67229,"Trampled by Turtles",http://vancouverweekly-local.local/music/,http://vancouverweekly-local.local/wp-admin/post.php?post=67229&action=edit,publish,1,0,0,image_free,https://web.archive.org/web/20120524160655im_/http://vanweekly.com/wordpress/wp-content/uploads/2012/05/active-child1-150x150.jpg
67236,"The Nautical Miles Reel Friends, Family, and Strangers in Deep",http://vancouverweekly-local.local/nautical-miles-reel-friends-family-strangers-deep/,http://vancouverweekly-local.local/wp-admin/post.php?post=67236&action=edit,publish,1,0,0,image_free,https://web.archive.org/web/20140317221134im_/http://vancouverweekly-local.local/wp-content/uploads/2014/03/NAUTICALMILES-credit-Rachel-Tetrault.jpeg
67238,"NEEDS announce album release show with BRASS",http://vancouverweekly-local.local/needs-announce-album-release-show-with-brass/,http://vancouverweekly-local.local/wp-admin/post.php?post=67238&action=edit,publish,1,0,0,image_free,https://web.archive.org/web/20150403180315im_/http://vancouverweekly-local.local/wp-content/uploads/2015/03/needs.jpg
67242,"Neu Balance Release Two New Tracks, Prep Debut Full-Length",http://vancouverweekly-local.local/neu-balance-release-two-new-tracks-prep-debut-full-length/,http://vancouverweekly-local.local/wp-admin/post.php?post=67242&action=edit,publish,1,0,0,image_free,https://web.archive.org/web/20141227191502im_/http://vancouverweekly-local.local/wp-content/uploads/2014/12/Neu_Balance_-_Rubber_Sole_750_750_90_s-300x300.jpg
67243,"Neutral Milk Hotel’s Reunion Tour Comes To Vancouver",http://vancouverweekly-local.local/neutral-milk-hotels-reunion-tour-comes-vancouver/,http://vancouverweekly-local.local/wp-admin/post.php?post=67243&action=edit,publish,1,0,0,image_free,https://web.archive.org/web/20140415220829im_/http://vancouverweekly-local.local/wp-content/uploads/2014/04/Nuetral-Milk-04-14-2.jpg
67245,"Never forget: Keith Ape at Venue Nightclub",http://vancouverweekly-local.local/never-forget-keith-ape-at-venue-nightclub/,http://vancouverweekly-local.local/wp-admin/post.php?post=67245&action=edit,publish,1,0,0,image_free,https://web.archive.org/web/20151012101357im_/http://vancouverweekly-local.local/wp-content/uploads/2015/08/Keith-Ape1.jpg
67247,"A New Brand of Blues with The Harpoonist and the Axe Murderer",http://vancouverweekly-local.local/new-brand-blues-harpoonist-axe-murderer/,http://vancouverweekly-local.local/wp-admin/post.php?post=67247&action=edit,publish,1,0,0,image_free,https://web.archive.org/web/20140304040517im_/http://vancouverweekly-local.local/wp-content/uploads/2014/02/HAM-5.jpg
67251,"New Forms: A Festival Like No Other",http://vancouverweekly-local.local/new-forms-festival-like/,http://vancouverweekly-local.local/wp-admin/post.php?post=67251&action=edit,publish,1,0,0,image_free,https://web.archive.org/web/20140919032541im_/http://vancouverweekly-local.local/wp-content/uploads/2014/09/NEW_FORMS_WEB-43.jpg
67253,"New Westminster senior questioned after vandalism of rainbow Pride crosswalk",http://vancouverweekly-local.local/new-westminster-senior-questioned-after-vandalism-of-rainbow-pride-crosswalk/,http://vancouverweekly-local.local/wp-admin/post.php?post=67253&action=edit,publish,1,0,0,image_free,https://web.archive.org/web/20190918114355im_/https://secure.gravatar.com/avatar/3d341423a930cf0d6559640f7da419fd?s=164&amp;d=mm&amp;r=g
67256,"New Year’s Eve Party takes over Hotel Vancouver",http://vancouverweekly-local.local/new-years-eve-party-takes-hotel-vancouver/,http://vancouverweekly-local.local/wp-admin/post.php?post=67256&action=edit,publish,1,0,0,image_free,https://web.archive.org/web/20150206200035im_/http://vancouverweekly-local.local/wp-content/uploads/2014/12/New-Years-at-the-Hotel-Vancouver1.jpg
67261,"NGOs Tread Hazardous Ethical Terrain in “Paved with Good Intentions”",http://vancouverweekly-local.local/ngos-tread-hazardous-ethical-terrain-in-paved-with-good-intentions/,http://vancouverweekly-local.local/wp-admin/post.php?post=67261&action=edit,publish,1,0,0,image_free,https://web.archive.org/web/20140129200239im_/http://vancouverweekly-local.local/wp-content/uploads/2014/01/Paved-with-good-intentions.jpg
67263,"NHL star Patrick Kane dropped from video game cover over police investigation",http://vancouverweekly-local.local/nhl-star-patrick-kane-dropped-from-video-game-cover-over-police-investigation/,http://vancouverweekly-local.local/wp-admin/post.php?post=67263&action=edit,publish,1,0,0,image_free,https://web.archive.org/web/20150817001818im_/http://vancouverweekly-local.local/wp-content/uploads/2015/08/CPT112292441_high-238x300.jpg
67277,"“Nirbhaya”: A must see performance that explores sexual violence",http://vancouverweekly-local.local/nirbhaya-a-must-see-performance-that-explores-sexual-violence/,http://vancouverweekly-local.local/wp-admin/post.php?post=67277&action=edit,publish,1,0,0,image_free,https://web.archive.org/web/20151109123228im_/http://vancouverweekly-local.local/wp-content/uploads/2015/11/nirbhaya_4-300x225.jpg
67278,"No choice, but Syrian refugee in Vancouver considers herself the ‘luckiest’",http://vancouverweekly-local.local/no-choice-but-syrian-refugee-in-vancouver-considers-herself-the-luckiest/,http://vancouverweekly-local.local/wp-admin/post.php?post=67278&action=edit,publish,1,0,0,image_free,https://web.archive.org/web/20151024092634im_/http://vancouverweekly-local.local/wp-content/uploads/2015/09/VCRD102297911_high.jpg
67288,"No weekend Vancouver gig for Jon Bon Jovi; city says promoter didn’t get permits",http://vancouverweekly-local.local/no-weekend-vancouver-gig-for-jon-bon-jovi-city-says-promoter-didnt-get-permits/,http://vancouverweekly-local.local/wp-admin/post.php?post=67288&action=edit,publish,1,0,0,image_free,https://web.archive.org/web/20151106090859im_/http://vancouverweekly-local.local/wp-content/uploads/2015/08/CPT119293783_high.jpg
67300,"Nymphomaniac (I & II): Lars’ Darkest Work Yet",http://vancouverweekly-local.local/nymphomaniac-von-trier-2/,http://vancouverweekly-local.local/wp-admin/post.php?post=67300&action=edit,publish,1,0,0,image_free,https://web.archive.org/web/20140425221920im_/http://vancouverweekly-local.local/wp-content/uploads/2014/03/Nymphomaniac-photo1.jpg
67303,"“The Odd Couple”: An Odd Evening Delivers at the Arts Club",http://vancouverweekly-local.local/odd-couple-odd-evening-delivers-arts-club/,http://vancouverweekly-local.local/wp-admin/post.php?post=67303&action=edit,publish,1,0,0,image_free,https://web.archive.org/web/20140201233708im_/http://vancouverweekly-local.local/wp-content/uploads/2014/01/Couple_dress_0088.jpg
67321,"“One”: Musical Chairs at the Push Festival",http://vancouverweekly-local.local/one-musical-chairs-at-the-push-festival/,http://vancouverweekly-local.local/wp-admin/post.php?post=67321&action=edit,publish,1,0,0,image_free,https://web.archive.org/web/20140201233716im_/http://vancouverweekly-local.local/wp-content/uploads/2014/01/Screen-Shot-2014-01-29-at-10.17.53-PM.png
67327,"Only Lovers Left Alive: Jarmusch’s True Romance",http://vancouverweekly-local.local/only-lovers-left-alive-jarmuschs-true-romance/,http://vancouverweekly-local.local/wp-admin/post.php?post=67327&action=edit,publish,1,0,0,image_free,https://web.archive.org/web/20140507030025im_/http://vancouverweekly-local.local/wp-content/uploads/2014/04/3.jpg
67337,"Ornament & Crime Get in Character on Latest EP, ‘Hire Horse’",http://vancouverweekly-local.local/ornament-crime-get-character-latest-ep-hire-horse/,http://vancouverweekly-local.local/wp-admin/post.php?post=67337&action=edit,publish,1,0,0,image_free,https://web.archive.org/web/20150214085851im_/http://vancouverweekly-local.local/wp-content/uploads/2014/12/OC_promophotowebres.jpg
67340,"Oryx, Crake, and MaddAddam",http://vancouverweekly-local.local/oryx-crake-and-maddaddam/,http://vancouverweekly-local.local/wp-admin/post.php?post=67340&action=edit,publish,1,0,0,image_free,https://web.archive.org/web/20150212042501im_/http://vancouverweekly-local.local/wp-content/uploads/2013/12/AUG.-MADDADDAM.jpg
67344,"Outlook for B.C. tech looks promising for 2015",http://vancouverweekly-local.local/outlook-b-c-tech-looks-promising-2015/,http://vancouverweekly-local.local/wp-admin/post.php?post=67344&action=edit,publish,1,0,0,image_free,https://web.archive.org/web/20150520113441im_/http://vancouverweekly-local.local/wp-content/uploads/2015/01/bc2015.png
67345,"Owen Pallett: Good Artist with Low Self-Esteem",http://vancouverweekly-local.local/owen-pallett-good-artist-low-self-esteem/,http://vancouverweekly-local.local/wp-admin/post.php?post=67345&action=edit,publish,1,0,0,image_free,https://web.archive.org/web/20151025110201im_/http://vancouverweekly-local.local/wp-content/uploads/2014/09/unnamed.jpg
67347,"Palahniuk’s “Doomed”: Out of the Garbage Can, Into the Fryer",http://vancouverweekly-local.local/palahniuk-doomed-out-of-the-garbage-can-into-the-fryer/,http://vancouverweekly-local.local/wp-admin/post.php?post=67347&action=edit,publish,1,0,0,image_free,https://web.archive.org/web/20140317221237im_/http://vancouverweekly-local.local/wp-content/uploads/2014/03/Doomed.jpg
67349,"Pamela Anderson says Stephen Harper’s off script on climate change",http://vancouverweekly-local.local/pamela-anderson-says-stephen-harpers-off-script-on-climate-change/,http://vancouverweekly-local.local/wp-admin/post.php?post=67349&action=edit,publish,1,0,0,image_free,https://web.archive.org/web/20160105163308im_/http://vancouverweekly-local.local/wp-content/uploads/2015/09/VCRD110299497_high-300x213.jpg
67353,"Pantene Shows how Women are Unfairly Labelled in New Commercial",http://vancouverweekly-local.local/pantene-shows-how-women-are-unfairly-labelled-in-new-commercial/,http://vancouverweekly-local.local/wp-admin/post.php?post=67353&action=edit,publish,1,0,0,image_free,https://web.archive.org/web/20151210040918im_/http://img.youtube.com/vi/kOjNcZvwjxI/0.jpg
67419,"Parquet Courts “Sunbathing Animal” Video",http://vancouverweekly-local.local/parquet-courts-sunbathing-animal-video/,http://vancouverweekly-local.local/wp-admin/post.php?post=67419&action=edit,publish,1,0,0,image_free,https://web.archive.org/web/20151022223529im_/http://img.youtube.com/vi/mhPOZXLmTKA/0.jpg
67420,"All the Parts: An Interview with Skye Wallace",http://vancouverweekly-local.local/parts-interview-skye-wallace/,http://vancouverweekly-local.local/wp-admin/post.php?post=67420&action=edit,publish,1,0,0,image_free,https://web.archive.org/web/20140416080726im_/http://vancouverweekly-local.local/wp-content/uploads/2014/04/SkyePhoto.jpg
67431,"Calendar of Events",http://vancouverweekly-local.local/past/,http://vancouverweekly-local.local/wp-admin/post.php?post=67431&action=edit,publish,1,0,0,image_free,https://web.archive.org/web/20130928044831im_/http://vanweekly.com/wordpress/wp-content/uploads/2013/07/dodos-150x150.jpg
67442,"PAWS “Owls Talons Clenching My Heart” Video",http://vancouverweekly-local.local/paws-owls-talons-clenching-heart-video/,http://vancouverweekly-local.local/wp-admin/post.php?post=67442&action=edit,publish,1,0,0,image_free,https://web.archive.org/web/20140519080540im_/http://img.youtube.com/vi/f1dQF0AVj5s/0.jpg
67443,"Peace Valley group appeals failed attempt to quash Site C dam",http://vancouverweekly-local.local/peace-valley-group-appeals-failed-attempt-to-quash-site-c-dam/,http://vancouverweekly-local.local/wp-admin/post.php?post=67443&action=edit,publish,1,0,0,image_free,https://web.archive.org/web/20150808204415im_/http://vancouverweekly-local.local/wp-content/uploads/2015/07/1280px-Peace_River_aerial.jpg
67457,"Perma-summer daze: Miami Horror’s ‘All Possible Futures’",http://vancouverweekly-local.local/perma-summer-daze-miami-horrors-all-possible-futures/,http://vancouverweekly-local.local/wp-admin/post.php?post=67457&action=edit,publish,1,0,0,image_free,https://web.archive.org/web/20151012204811im_/http://vancouverweekly-local.local/wp-content/uploads/2015/04/miami-1024x1024.jpg
67464,"Phase 1 cleanup done at site of B.C.’s Mount Polley mine disaster: ministry",http://vancouverweekly-local.local/phase-1-cleanup-done-at-site-of-b-c-s-mount-polley-mine-disaster-ministry/,http://vancouverweekly-local.local/wp-admin/post.php?post=67464&action=edit,publish,1,0,0,image_free,https://web.archive.org/web/20150802164057im_/http://vancouverweekly-local.local/wp-content/uploads/2015/07/CPT116290102_high.jpg
67466,"Philip Seymour Hoffman Remembered",http://vancouverweekly-local.local/philip-seymour-hoffman-remembered/,http://vancouverweekly-local.local/wp-admin/post.php?post=67466&action=edit,publish,1,0,0,image_free,https://web.archive.org/web/20140403143342im_/http://vancouverweekly-local.local/wp-content/uploads/2014/02/o-PHILIP-SEYMOUR-HOFFMAN-DEAD-facebook.jpg
67474,"Photo highlights of Rifflandia Music Festival 2015, part two",http://vancouverweekly-local.local/photo-highlights-of-rifflandia-music-festival-2015-part-two/,http://vancouverweekly-local.local/wp-admin/post.php?post=67474&action=edit,publish,1,25,0,mixed,https://web.archive.org/web/20190719091822im_/http://vancouverweekly-local.local/wp-content/uploads/2019/07/VFMF-2019-Big-Box-300X250.jpg
67515,"Photos: Big Sugar with Static Shift @ The Commodore Ballroom",http://vancouverweekly-local.local/photos-big-sugar-with-static-shift-the-commodore-ballroom-62032-2/,http://vancouverweekly-local.local/wp-admin/post.php?post=67515&action=edit,publish,1,20,0,mixed,https://web.archive.org/web/20190724001229im_/http://vancouverweekly-local.local/wp-content/uploads/2019/07/VFMF-2019-Big-Box-300X250.jpg
67566,"Photos: Depeche Mode // Global Spirit Tour at Rogers Arena in Vancouver",http://vancouverweekly-local.local/photos-depeche-mode-global-spirit-tour-at-rogers-arena-in-vancouver58905-2/,http://vancouverweekly-local.local/wp-admin/post.php?post=67566&action=edit,publish,1,0,0,image_free,https://web.archive.org/web/20190826082738im_/http://vancouverweekly-local.local/wp-content/uploads/2016/04/Ryan-Johnson_avatar_1459652077-164x164.jpeg
67586,"Photos: Gary Numan @ The Vogue Theatre",http://vancouverweekly-local.local/photos-gary-numan-the-vogue-theatre-61938-2/,http://vancouverweekly-local.local/wp-admin/post.php?post=67586&action=edit,publish,1,0,0,image_free,https://web.archive.org/web/20190916003903im_/https://secure.gravatar.com/avatar/b923134c17bc9b580602cab07fe1656f?s=164&amp;d=mm&amp;r=g
67597,"Photos: Howlin Rain @ The Astoria",http://vancouverweekly-local.local/photos-howlin-rain-the-astoria-62688-2/,http://vancouverweekly-local.local/wp-admin/post.php?post=67597&action=edit,publish,1,14,0,mixed,https://web.archive.org/web/20190723163758im_/http://vancouverweekly-local.local/wp-content/uploads/2019/07/VFMF-2019-Big-Box-300X250.jpg
67678,"Photos of Big Wreck with Ascot Royals at The Commodore Ballroom",http://vancouverweekly-local.local/photos-of-big-wreck-with-ascot-royals-at-the-commodore-ballroom-57078-2/,http://vancouverweekly-local.local/wp-admin/post.php?post=67678&action=edit,publish,1,71,0,mixed,https://web.archive.org/web/20190723161310im_/http://vancouverweekly-local.local/wp-content/uploads/2019/07/VFMF-2019-Big-Box-300X250.jpg
67713,"Photos of Kaleo at The Orpheum Theatre",http://vancouverweekly-local.local/photos-of-kaleo-at-the-orpheum-theatre-57426-2/,http://vancouverweekly-local.local/wp-admin/post.php?post=67713&action=edit,publish,1,16,0,mixed,https://web.archive.org/web/20190719074726im_/http://vancouverweekly-local.local/wp-content/uploads/2019/07/VFMF-2019-Big-Box-300X250.jpg
67722,"Photos of Mother Mother at The Commodore Ballroom",http://vancouverweekly-local.local/photos-of-mother-mother-at-the-commodore-ballroom-57367-2/,http://vancouverweekly-local.local/wp-admin/post.php?post=67722&action=edit,publish,1,34,0,mixed,https://web.archive.org/web/20190720164233im_/http://vancouverweekly-local.local/wp-content/uploads/2019/07/VFMF-2019-Big-Box-300X250.jpg
67741,"Photos of Sting at The Commodore Ballroom",http://vancouverweekly-local.local/photos-of-sting-at-the-commodore-ballroom-57114-2/,http://vancouverweekly-local.local/wp-admin/post.php?post=67741&action=edit,publish,1,27,0,mixed,https://web.archive.org/web/20190724002646im_/http://vancouverweekly-local.local/wp-content/uploads/2019/07/VFMF-2019-Big-Box-300X250.jpg
67754,"Photos of The Game Of Thrones LIVE concert experience at Rogers Arena",http://vancouverweekly-local.local/photos-of-the-game-of-thrones-live-concert-experience-at-rogers-arena-57419-2/,http://vancouverweekly-local.local/wp-admin/post.php?post=67754&action=edit,publish,1,38,0,mixed,https://web.archive.org/web/20190720163758im_/http://vancouverweekly-local.local/wp-content/uploads/2019/07/VFMF-2019-Big-Box-300X250.jpg
67797,"Photos: Reel Big Fish : LIFE SUCKS…LET’S DANCE! TOUR",http://vancouverweekly-local.local/photos-reel-big-fish-life-suckslets-dance-tour-62723-2/,http://vancouverweekly-local.local/wp-admin/post.php?post=67797&action=edit,publish,1,0,0,image_free,https://web.archive.org/web/20190822093558im_/https://secure.gravatar.com/avatar/7efb9095e52e54c14e5df2fe6085298d?s=164&amp;d=mm&amp;r=g
67806,"Photos: Rock Ambleside Park 2018 , Day 2",http://vancouverweekly-local.local/photos-rock-ambleside-park-2018-day-2-61378-2/,http://vancouverweekly-local.local/wp-admin/post.php?post=67806&action=edit,publish,1,0,0,image_free,https://web.archive.org/web/20190821012920im_/https://secure.gravatar.com/avatar/36773030e1bf587c9270094dcad9b6d0?s=164&amp;d=mm&amp;r=g
67836,"Photos Of The Struts at The Imperial in Vancouver",http://vancouverweekly-local.local/photos-struts-imperial-vancouver/,http://vancouverweekly-local.local/wp-admin/post.php?post=67836&action=edit,publish,1,25,0,mixed,https://web.archive.org/web/20190723165459im_/http://vancouverweekly-local.local/wp-content/uploads/2019/07/VFMF-2019-Big-Box-300X250.jpg
67870,"Photos: The Sheepdogs @ Malkin Bowl",http://vancouverweekly-local.local/photos-the-sheepdogs-malkin-bowl-61464-2/,http://vancouverweekly-local.local/wp-admin/post.php?post=67870&action=edit,publish,1,18,0,mixed,https://web.archive.org/web/20190724000414im_/http://vancouverweekly-local.local/wp-content/uploads/2019/07/VFMF-2019-Big-Box-300X250.jpg
67902,"Photos: Vancouver Folk Music Festival – Day 1",http://vancouverweekly-local.local/photos-vancouver-folk-music-festival-day-1-61181-2/,http://vancouverweekly-local.local/wp-admin/post.php?post=67902&action=edit,publish,1,0,0,image_free,https://web.archive.org/web/20190618220625im_/https://secure.gravatar.com/avatar/36773030e1bf587c9270094dcad9b6d0?s=164&amp;d=mm&amp;r=g
67922,"Pigeon-Holing the Shimmering Stars",http://vancouverweekly-local.local/pigeon-holing-shimmering-stars/,http://vancouverweekly-local.local/wp-admin/post.php?post=67922&action=edit,publish,1,0,0,image_free,https://web.archive.org/web/20140811040242im_/http://vancouverweekly-local.local/wp-content/uploads/2014/08/9953.jpg
67927,"Anti-pipeline fundraiser draws local support from artistic community",http://vancouverweekly-local.local/pipeline-fundraiser-draws-local-support-artistic-community/,http://vancouverweekly-local.local/wp-admin/post.php?post=67927&action=edit,publish,1,0,0,image_free,https://web.archive.org/web/20141201072600im_/http://vancouverweekly-local.local/wp-content/uploads/2014/11/benrogers.jpg
67933,"Planting Resistance with “Seeds” at the Push Festival",http://vancouverweekly-local.local/planting-resistance-seeds-push-festival/,http://vancouverweekly-local.local/wp-admin/post.php?post=67933&action=edit,publish,1,0,0,image_free,https://web.archive.org/web/20140129053517im_/http://vancouverweekly-local.local/wp-content/uploads/2014/01/seeds_push_festival.jpg
67937,"Play Smarter: Canadian rugby team hopes to correct mental mistakes against Tonga",http://vancouverweekly-local.local/play-smarter-canadian-rugby-team-hopes-to-correct-mental-mistakes-against-tonga/,http://vancouverweekly-local.local/wp-admin/post.php?post=67937&action=edit,publish,1,0,0,image_free,https://web.archive.org/web/20151027205021im_/http://vancouverweekly-local.local/wp-content/uploads/2015/07/CPT109288748_high-258x300.jpg
67945,"Police release photos of suspect in sexual assault of senior in Surrey, B.C.",http://vancouverweekly-local.local/police-release-photos-of-suspect-in-sexual-assault-of-senior-in-surrey-b-c/,http://vancouverweekly-local.local/wp-admin/post.php?post=67945&action=edit,publish,1,0,0,image_free,https://web.archive.org/web/20150817001824im_/http://vancouverweekly-local.local/wp-content/uploads/2015/08/CPT101292841_high.jpg
67960,"Prairie Cat: Definitely Not the Disco",http://vancouverweekly-local.local/prairie-cat-definitely-not-the-disco/,http://vancouverweekly-local.local/wp-admin/post.php?post=67960&action=edit,publish,1,0,0,image_free,https://web.archive.org/web/20151025104533im_/http://vancouverweekly-local.local/wp-content/uploads/2014/10/PrairieCatSipping.jpg
67982,"Pride Run & Walk: Raising awareness one step at a time",http://vancouverweekly-local.local/pride-run-walk-raising-awareness-one-step-time/,http://vancouverweekly-local.local/wp-admin/post.php?post=67982&action=edit,publish,1,0,0,image_free,https://web.archive.org/web/20140715024312im_/http://vancouverweekly-local.local/wp-content/uploads/2014/07/FacebookBanners_PrideRun_2014.jpg
68077,"The Reckoners – Tickets For The Dead",http://vancouverweekly-local.local/reckoners-tickets-dead/,http://vancouverweekly-local.local/wp-admin/post.php?post=68077&action=edit,publish,1,0,0,image_free,https://web.archive.org/web/20140519230403im_/http://img.youtube.com/vi/uQR5Yiu3tm8/0.jpg
68078,"Record warm temperatures to have years-long effect on B.C. salmon stocks",http://vancouverweekly-local.local/record-warm-temperatures-to-have-years-long-effect-on-b-c-salmon-stocks/,http://vancouverweekly-local.local/wp-admin/post.php?post=68078&action=edit,publish,1,0,0,image_free,https://web.archive.org/web/20150719195058im_/http://vancouverweekly-local.local/wp-content/uploads/2015/07/MaleFemaleSockeyeSpawning.jpg
68086,"Report on environmental response to Vancouver oil spill set to be released",http://vancouverweekly-local.local/report-on-environmental-response-to-vancouver-oil-spill-set-to-be-released/,http://vancouverweekly-local.local/wp-admin/post.php?post=68086&action=edit,publish,1,0,0,image_free,https://web.archive.org/web/20150802135304im_/http://vancouverweekly-local.local/wp-content/uploads/2015/07/CPT101290336_high.jpg
68087,"Returning in kind: Bob Moses play to an adoring hometown crowd",http://vancouverweekly-local.local/returning-in-kind-bob-moses-play-to-an-adoring-hometown-crowd/,http://vancouverweekly-local.local/wp-admin/post.php?post=68087&action=edit,publish,1,0,0,image_free,https://web.archive.org/web/20151027065954im_/http://vancouverweekly-local.local/wp-content/uploads/2015/10/Bob-Moses-Main-Press-Shot1-1024x763.jpg
68115,"Matters of Life and Death Have Never Felt So Ordinary in David Gilmour’s Latest Novel",http://vancouverweekly-local.local/review-david-gilmour-extraordinary/,http://vancouverweekly-local.local/wp-admin/post.php?post=68115&action=edit,publish,1,0,0,image_free,https://web.archive.org/web/20150212063352im_/http://vancouverweekly-local.local/wp-content/uploads/2014/01/Extraordinary.jpg
68122,"Rifflandia brings it in spades",http://vancouverweekly-local.local/rifflandia-brings-it-in-spades/,http://vancouverweekly-local.local/wp-admin/post.php?post=68122&action=edit,publish,1,0,0,image_free,https://web.archive.org/web/20151012005005im_/http://vancouverweekly-local.local/wp-content/uploads/2015/10/11032518_780892525353362_1662308369536849404_o.jpg
68125,"Rifflandia Music Festival Ends Summer in Style",http://vancouverweekly-local.local/rifflandia-music-festival-ends-summer-style/,http://vancouverweekly-local.local/wp-admin/post.php?post=68125&action=edit,publish,1,0,0,image_free,https://web.archive.org/web/20140927013410im_/http://vancouverweekly-local.local/wp-content/uploads/2014/09/1560445_604402999668983_928583859200770108_n.jpg
68129,"Rob Butterfield – She Shoots",http://vancouverweekly-local.local/rob-butterfield-shoots/,http://vancouverweekly-local.local/wp-admin/post.php?post=68129&action=edit,publish,1,0,0,image_free,https://web.archive.org/web/20140403142036im_/http://img.youtube.com/vi/XkADHKnZeu4/0.jpg
68133,"RoboCop: New Model Falls Short of Original",http://vancouverweekly-local.local/robocop/,http://vancouverweekly-local.local/wp-admin/post.php?post=68133&action=edit,publish,1,0,0,image_free,https://web.archive.org/web/20140306095735im_/http://vancouverweekly-local.local/wp-content/uploads/2014/02/robocop_2014_movie-wide.jpg
68140,"Rolla Olak Unveils New Video ‘2 AM’",http://vancouverweekly-local.local/rolla-olak-unveils-new-video-2-am-50443/,http://vancouverweekly-local.local/wp-admin/post.php?post=68140&action=edit,publish,1,0,0,image_free,https://web.archive.org/web/20190921154708im_/http://vancouverweekly-local.local/wp-content/uploads/2016/05/News-Feed_avatar_1462378857-164x164.png
68145,"Röyksopp & Robyn “Monument” Video",http://vancouverweekly-local.local/royksopp-robyn-monument-video/,http://vancouverweekly-local.local/wp-admin/post.php?post=68145&action=edit,publish,1,0,0,image_free,https://web.archive.org/web/20151012232137im_/http://img.youtube.com/vi/6c-RbGZBnBI/0.jpg
68149,"Run the Jewels “Run the Jewels” Video",http://vancouverweekly-local.local/run-jewels-run-jewels-video/,http://vancouverweekly-local.local/wp-admin/post.php?post=68149&action=edit,publish,1,0,0,image_free,https://web.archive.org/web/20151101034252im_/http://img.youtube.com/vi/AfuCLp8VEng/0.jpg
68158,"Ryan Hemsworth’s Like an Onion",http://vancouverweekly-local.local/ryan-hemsworths-like-onion/,http://vancouverweekly-local.local/wp-admin/post.php?post=68158&action=edit,publish,1,0,0,image_free,https://web.archive.org/web/20150301160837im_/http://vancouverweekly-local.local/wp-content/uploads/2014/12/ryan-hemsworths-like-an-onion.jpg
68160,"S.J. Watson’s Debut Novel Goes Hollywood",http://vancouverweekly-local.local/s-j-watsons-debut-novel-goes-hollywood/,http://vancouverweekly-local.local/wp-admin/post.php?post=68160&action=edit,publish,1,0,0,image_free,https://web.archive.org/web/20140304040127im_/http://vancouverweekly-local.local/wp-content/uploads/2014/02/beforeigotosleep_cover.png
68207,"Scientists confirm oil from English Bay spill reached several Vancouver beaches",http://vancouverweekly-local.local/scientists-confirm-oil-from-english-bay-spill-reached-several-vancouver-beaches/,http://vancouverweekly-local.local/wp-admin/post.php?post=68207&action=edit,publish,1,0,0,image_free,https://web.archive.org/web/20150719075440im_/http://vancouverweekly-local.local/wp-content/uploads/2015/07/English_Bay_Vancouver_BC.jpg
68258,"Shakey Graves makes Vancouver crowd tremble with excitement",http://vancouverweekly-local.local/shakey-graves-makes-vancouver-crowd-tremble-with-excitement/,http://vancouverweekly-local.local/wp-admin/post.php?post=68258&action=edit,publish,1,0,0,image_free,https://web.archive.org/web/20151022232801im_/http://vancouverweekly-local.local/wp-content/uploads/2015/07/shakey.png
68266,"Sheri Fink Proves the Truth Is More Gripping Than Fiction",http://vancouverweekly-local.local/sheri-fink-five-days-at-memorial-review/,http://vancouverweekly-local.local/wp-admin/post.php?post=68266&action=edit,publish,1,0,0,image_free,https://web.archive.org/web/20131208101935im_/http://vancouverweekly-local.local/wp-content/uploads/2013/12/SEPT.-10-FIVE-DAYS-MEMORIAL.jpg
68276,"Sightlines “Commiseration” Video",http://vancouverweekly-local.local/sightlines-commiseration-video/,http://vancouverweekly-local.local/wp-admin/post.php?post=68276&action=edit,publish,1,0,0,image_free,https://web.archive.org/web/20141103180136im_/http://img.youtube.com/vi/of2nmyj1Di4/0.jpg
68322,"Slash, Myles Kennedy, and the Conspirators play with fire",http://vancouverweekly-local.local/slash-myles-kennedy-and-the-conspirators-play-with-fire/,http://vancouverweekly-local.local/wp-admin/post.php?post=68322&action=edit,publish,1,0,0,image_free,https://web.archive.org/web/20151027065959im_/http://vancouverweekly-local.local/wp-content/uploads/2015/10/slash-press.jpg
68337,"Soledad Muñoz: An Artist In Between",http://vancouverweekly-local.local/soledad-munoz-artist/,http://vancouverweekly-local.local/wp-admin/post.php?post=68337&action=edit,publish,1,0,0,image_free,https://web.archive.org/web/20140919032547im_/http://vancouverweekly-local.local/wp-content/uploads/2014/09/1-photo-by-Alisha-Weng.jpg
68350,"Soul Searching: After consecutive losses, Lions look to rebound against Eskimos",http://vancouverweekly-local.local/soul-searching-after-consecutive-losses-lions-look-to-rebound-against-eskimos/,http://vancouverweekly-local.local/wp-admin/post.php?post=68350&action=edit,publish,1,0,0,image_free,https://web.archive.org/web/20150808141900im_/http://vancouverweekly-local.local/wp-content/uploads/2015/08/CPT107291143_high.jpg
68355,"Spoon River “In the Parking Lots of the Swamp Museums” Video",http://vancouverweekly-local.local/spoon-river-parking-lots-swamp-museums-video/,http://vancouverweekly-local.local/wp-admin/post.php?post=68355&action=edit,publish,1,0,0,image_free,https://web.archive.org/web/20141227132435im_/http://img.youtube.com/vi/Ejtt3J9zZnY/0.jpg
68359,"“The Square”: Revolution and Collective Consciousness",http://vancouverweekly-local.local/square-revolution-collective-consciousness/,http://vancouverweekly-local.local/wp-admin/post.php?post=68359&action=edit,publish,1,0,0,image_free,https://web.archive.org/web/20140129053528im_/http://vancouverweekly-local.local/wp-content/uploads/2014/01/2013-12-20-Squarelogo.jpg
68362,"St. Paul and the Broken Bones bless the Rickshaw",http://vancouverweekly-local.local/st-paul-broken-bones-bless-rickshaw/,http://vancouverweekly-local.local/wp-admin/post.php?post=68362&action=edit,publish,1,0,0,image_free,https://web.archive.org/web/20150227121700im_/http://vancouverweekly-local.local/wp-content/uploads/2015/02/McClister_StPaulBrokenBones_59733.jpg
68379,"A Great Game But a Not-So-Great Book",http://vancouverweekly-local.local/stephen-j-harper-a-great-game/,http://vancouverweekly-local.local/wp-admin/post.php?post=68379&action=edit,publish,1,0,0,image_free,https://web.archive.org/web/20151012165746im_/http://vancouverweekly-local.local/wp-content/uploads/2013/12/Great-Game.jpg
68382,"The Steve Brockley Band “Captain Joe (Live at the China Cloud)” Video",http://vancouverweekly-local.local/steve-brockley-band-captain-joe-live-china-cloud-video/,http://vancouverweekly-local.local/wp-admin/post.php?post=68382&action=edit,publish,1,0,0,image_free,https://web.archive.org/web/20140715024321im_/http://img.youtube.com/vi/sP6eQDb8p10/0.jpg
68387,"Stories and songs from the 38th annual Vancouver Folk Music Festival",http://vancouverweekly-local.local/stories-and-songs-from-the-38th-annual-vancouver-folk-music-festival/,http://vancouverweekly-local.local/wp-admin/post.php?post=68387&action=edit,publish,1,0,0,image_free,https://web.archive.org/web/20150818082652im_/http://vancouverweekly-local.local/wp-content/uploads/2015/07/VFMF2015_Melbourne-Ska-Orchestra_01_LR_W.jpg
68395,"Stunning Photos of Daniel Wesley at The Commodore Ballroom",http://vancouverweekly-local.local/stunning-photos-of-daniel-wesley-at-the-commodore-ballroom-55197-2/,http://vancouverweekly-local.local/wp-admin/post.php?post=68395&action=edit,publish,1,0,0,image_free,https://web.archive.org/web/20190826065033im_/http://vancouverweekly-local.local/wp-content/uploads/2016/04/Ryan-Johnson_avatar_1459652077-164x164.jpeg
68399,"Summer Haze: Bestie’s ‘No Bad Days’",http://vancouverweekly-local.local/summer-haze-besties-bad-days/,http://vancouverweekly-local.local/wp-admin/post.php?post=68399&action=edit,publish,1,0,0,image_free,https://web.archive.org/web/20141231024349im_/http://vancouverweekly-local.local/wp-content/uploads/2014/05/BESTiE-No-Bad-Days-Album-Cover-Artwork-1.2MB.jpg
68407,"Suspicious death investigation in Coquitlam reveals two dead in house",http://vancouverweekly-local.local/suspicious-death-investigation-in-coquitlam-reveals-two-dead-in-house/,http://vancouverweekly-local.local/wp-admin/post.php?post=68407&action=edit,publish,1,0,0,image_free,https://web.archive.org/web/20150719075454im_/http://vancouverweekly-local.local/wp-content/uploads/2015/07/JOHV107287250_high.jpg
68408,"Swans Kill with Kindness at Venue Nightclub",http://vancouverweekly-local.local/swans-kill-kindness-venue-nightclub/,http://vancouverweekly-local.local/wp-admin/post.php?post=68408&action=edit,publish,1,0,0,image_free,https://web.archive.org/web/20140920092534im_/http://vancouverweekly-local.local/wp-content/uploads/2014/09/Swans-pc-Matias-Corral.jpg
68411,"Swervedriver transcend genres at the Biltmore Cabaret",http://vancouverweekly-local.local/swervedriver-transcend-genres-at-the-biltmore-cabaret/,http://vancouverweekly-local.local/wp-admin/post.php?post=68411&action=edit,publish,1,0,0,image_free,https://web.archive.org/web/20150628164704im_/http://vancouverweekly-local.local/wp-content/uploads/2015/06/Swervedriver_Giles-Borg1-1024x682.jpg
68416,"Swollen Members’ Madchild Talks New Album, Relaunching Battleaxe Records, and Solo Career",http://vancouverweekly-local.local/swollen-members-madchild-talks-new-album-re-launching-battleaxe-records-solo-career/,http://vancouverweekly-local.local/wp-admin/post.php?post=68416&action=edit,publish,1,0,0,image_free,https://web.archive.org/web/20140419025505im_/http://vancouverweekly-local.local/wp-content/uploads/2014/04/swollen-800.png
68424,"Tale as Old as Time at Queen Elizabeth Theatre",http://vancouverweekly-local.local/tale-old-time-queen-elizabeth-theatre/,http://vancouverweekly-local.local/wp-admin/post.php?post=68424&action=edit,publish,1,0,0,image_free,https://web.archive.org/web/20150212041925im_/http://vancouverweekly-local.local/wp-content/uploads/2015/02/3.205329.jpg
68426,"Tales of Thieves and Tricksters are Given Life in Rogues",http://vancouverweekly-local.local/tales-thieves-tricksters-given-life-rogues/,http://vancouverweekly-local.local/wp-admin/post.php?post=68426&action=edit,publish,1,0,0,image_free,https://web.archive.org/web/20141103180141im_/http://vancouverweekly-local.local/wp-content/uploads/2014/10/rogues.jpg
68428,"Talib Kweli brings progressive modern approach to old school hip hop",http://vancouverweekly-local.local/talib-kweli-brings-progressive-modern-approach-to-old-school-hip-hop/,http://vancouverweekly-local.local/wp-admin/post.php?post=68428&action=edit,publish,1,0,0,image_free,https://web.archive.org/web/20150802164126im_/http://vancouverweekly-local.local/wp-content/uploads/2015/07/talib-kweli2-1024x656.jpg
68450,"Teacher who brought Argentinian dancer to B.C. hopes she recovers from injury",http://vancouverweekly-local.local/teacher-who-brought-argentinian-dancer-to-b-c-hopes-she-recovers-from-injury/,http://vancouverweekly-local.local/wp-admin/post.php?post=68450&action=edit,publish,1,0,0,image_free,https://web.archive.org/web/20151023003508im_/http://vancouverweekly-local.local/wp-content/uploads/2015/08/CPT118293782_high-300x269.jpg
68461,"Television appear in top form at the Commodore Ballroom",http://vancouverweekly-local.local/television-appear-in-top-form-at-the-commodore-ballroom/,http://vancouverweekly-local.local/wp-admin/post.php?post=68461&action=edit,publish,1,0,0,image_free,https://web.archive.org/web/20151106145626im_/http://vancouverweekly-local.local/wp-content/uploads/2015/06/television2.jpg
68462,"Tell Everyone: Made to be Social",http://vancouverweekly-local.local/tell-everyone-made-social/,http://vancouverweekly-local.local/wp-admin/post.php?post=68462&action=edit,publish,1,0,0,image_free,https://web.archive.org/web/20151011210600im_/http://vancouverweekly-local.local/wp-content/uploads/2014/10/Hermida-Alfred-credit-Rachel-Nixon_01-PREFERRED.jpg
68465,"The Tempest Falls a Little Flat Despite High Production Value",http://vancouverweekly-local.local/tempest-falls-little-flat-despite-high-production-value/,http://vancouverweekly-local.local/wp-admin/post.php?post=68465&action=edit,publish,1,0,0,image_free,https://web.archive.org/web/20140707234314im_/http://vancouverweekly-local.local/wp-content/uploads/2014/07/IMG_9058-Money.jpg
68468,"“Tender Napalm”: Difficult to Watch and Impossible to Look Away",http://vancouverweekly-local.local/tender-napalm-difficult-to-watch-and-impossible-to-look-away/,http://vancouverweekly-local.local/wp-admin/post.php?post=68468&action=edit,publish,1,0,0,image_free,https://web.archive.org/web/20151109123256im_/http://vancouverweekly-local.local/wp-content/uploads/2015/11/tender-naplam.jpg
68481,"The Assassin is a work of wuxia filmmaking like no other",http://vancouverweekly-local.local/the-assassin-is-a-work-of-wuxia-filmmaking-like-no-other/,http://vancouverweekly-local.local/wp-admin/post.php?post=68481&action=edit,publish,1,0,0,image_free,https://web.archive.org/web/20151113025005im_/http://vancouverweekly-local.local/wp-content/uploads/2015/11/The-Assassin.jpg
68493,"The Book of Mormon deserves the hype",http://vancouverweekly-local.local/the-book-of-mormon-deserves-the-hype/,http://vancouverweekly-local.local/wp-admin/post.php?post=68493&action=edit,publish,1,0,0,image_free,https://web.archive.org/web/20150418075217im_/http://vancouverweekly-local.local/wp-content/uploads/2015/04/MvGTfWGuEAly8TIPvEmCAe9jSgrRvN0LFBI0pfp69nE3c8aIAsJvlBm9ikQDnWOO5pxnNC82EpyDL5de54Be0oBCH7udSNxCBLXunutE70Kjhm1hlynpeC2wJhawOBMMc.jpg
68502,"The Dandy Warhols sign with Dine Alone Records, share “You Are Killing Me”",http://vancouverweekly-local.local/the-dandy-warhols-sign-to-dine-alone-records-share-you-are-killing-me/,http://vancouverweekly-local.local/wp-admin/post.php?post=68502&action=edit,publish,1,0,0,image_free,https://web.archive.org/web/20190825220522im_/http://vancouverweekly-local.local/wp-content/uploads/2016/05/Leslie-Ken-Chu_avatar_1463417842-164x164.jpg
68518,"The Flat: Israeli Film Lacks Interesting Questions",http://vancouverweekly-local.local/the-flat-israeli-documentary-falls-short-of-goal/,http://vancouverweekly-local.local/wp-admin/post.php?post=68518&action=edit,publish,1,0,0,image_free,https://web.archive.org/web/20140424191025im_/http://vancouverweekly-local.local/wp-content/uploads/2014/03/flat_xlg.jpg
68521,"The Forbidden Room plunges into a world where “nothing is ever the past”",http://vancouverweekly-local.local/the-forbidden-room-plunges-into-a-world-where-nothing-is-ever-the-past/,http://vancouverweekly-local.local/wp-admin/post.php?post=68521&action=edit,publish,1,0,0,image_free,https://web.archive.org/web/20151012005024im_/http://vancouverweekly-local.local/wp-content/uploads/2015/10/The-Forbidden-Room.jpg
68522,"The Force Awakens From A Long Slumber And Reminds Us Why Star Wars Is Iconic Sci-Fi",http://vancouverweekly-local.local/the-force-awakens-from-a-long-slumber-and-reminds-us-why-star-wars-is-iconic-sci-fi/,http://vancouverweekly-local.local/wp-admin/post.php?post=68522&action=edit,publish,1,0,0,image_free,https://web.archive.org/web/20151224222743im_/http://vancouverweekly-local.local/wp-content/uploads/2015/12/Star-Wars-Force-Awakens-Rey-Finn-BB8-running.jpg
68524,"The Gaslight Anthem at The Commodore Ballroom",http://vancouverweekly-local.local/the-gaslight-anthem-at-the-commodore-ballroom/,http://vancouverweekly-local.local/wp-admin/post.php?post=68524&action=edit,publish,1,10,0,mixed,https://web.archive.org/web/20190723163005im_/http://vancouverweekly-local.local/wp-content/uploads/2019/07/VFMF-2019-Big-Box-300X250.jpg
68528,"The Harpoonist and the Axe Murderer reveal new video ‘In The End’",http://vancouverweekly-local.local/the-harpoonist-and-the-axe-murderer-reveal-new-video-in-the-end-50548/,http://vancouverweekly-local.local/wp-admin/post.php?post=68528&action=edit,publish,1,0,0,image_free,https://web.archive.org/web/20151224222803im_/http://img.youtube.com/vi/tkTne59PMFQ/0.jpg
68543,"The Lion King captivates audiences",http://vancouverweekly-local.local/the-lion-king-captivates-audiences/,http://vancouverweekly-local.local/wp-admin/post.php?post=68543&action=edit,publish,1,0,0,image_free,https://web.archive.org/web/20150628164709im_/http://vancouverweekly-local.local/wp-content/uploads/2015/06/5.167219.jpg
68552,"The Melvins dial back the bizarro but rock as hard as ever",http://vancouverweekly-local.local/the-melvins-dial-back-the-bizarro-but-rock-as-hard-as-ever/,http://vancouverweekly-local.local/wp-admin/post.php?post=68552&action=edit,publish,1,0,0,image_free,https://web.archive.org/web/20151025021903im_/http://vancouverweekly-local.local/wp-content/uploads/2015/09/melvinsmathayward21-1024x682.jpg
68559,"The Nightmare Before the Nutcracker: Tim Burton for adults",http://vancouverweekly-local.local/the-nightmare-before-the-nutcracker-tim-burton-for-adults/,http://vancouverweekly-local.local/wp-admin/post.php?post=68559&action=edit,publish,1,0,0,image_free,https://web.archive.org/web/20141228211518im_/http://vancouverweekly-local.local/wp-content/uploads/2014/12/8.jpg
68561,"The North Plan’s dark politics are absurdly hilarious",http://vancouverweekly-local.local/the-north-plans-dark-politics-are-absurdly-hilarious/,http://vancouverweekly-local.local/wp-admin/post.php?post=68561&action=edit,publish,1,0,0,image_free,https://web.archive.org/web/20151125080334im_/http://vancouverweekly-local.local/wp-content/uploads/2015/11/The-North-Plan-2-1.jpg
68584,"The Shivas: “Nothing to it but do it.”",http://vancouverweekly-local.local/the-shivas-nothing-to-it-but-do-it/,http://vancouverweekly-local.local/wp-admin/post.php?post=68584&action=edit,publish,1,0,0,image_free,https://web.archive.org/web/20150518013346im_/http://vancouverweekly-local.local/wp-content/uploads/2015/05/The-Shivas_credit-Adam-Blackman-1024x819.jpg
68623,"The World of Tinder: Quick judgments, one-night stands or the future of dating?",http://vancouverweekly-local.local/the-world-of-tinder-quick-judgments-one-night-stands-or-the-future-of-dating-50629/,http://vancouverweekly-local.local/wp-admin/post.php?post=68623&action=edit,publish,1,0,0,image_free,https://web.archive.org/web/20160108015410im_/http://vancouverweekly-local.local/wp-content/uploads/2015/12/photo-1444839368740-f0d3572f8067.jpg
68626,"Upcoming Events    Theatre",http://vancouverweekly-local.local/theatre/,http://vancouverweekly-local.local/wp-admin/post.php?post=68626&action=edit,publish,1,0,0,image_free,https://web.archive.org/web/20120524171032im_/http://vanweekly.com/wordpress/wp-content/uploads/2012/05/fdsaf-150x150.jpg
68646,"Three Makes a Crowd: The Fratellis Persevere at Venue",http://vancouverweekly-local.local/three-makes-crowd-fratellis-persevere-venue/,http://vancouverweekly-local.local/wp-admin/post.php?post=68646&action=edit,publish,1,0,0,image_free,https://web.archive.org/web/20150408034110im_/http://vancouverweekly-local.local/wp-content/uploads/2014/03/fratellis.png
68657,"Tim Hortons Jumps on the Mobile Payments Bandwagon",http://vancouverweekly-local.local/tim-hortons-jumps-mobile-payments-bandwagon/,http://vancouverweekly-local.local/wp-admin/post.php?post=68657&action=edit,publish,1,0,0,image_free,https://web.archive.org/web/20140525212152im_/http://vancouverweekly-local.local/wp-content/uploads/2014/05/hortons.jpg
68659,"Tim the Mute “Don’t Kill Yourself” Video",http://vancouverweekly-local.local/tim-the-mute-dont-kill-yourself-video/,http://vancouverweekly-local.local/wp-admin/post.php?post=68659&action=edit,publish,1,0,0,image_free,https://web.archive.org/web/20150804235907im_/http://img.youtube.com/vi/XRgabK3R2K8/0.jpg
68669,"Todd Terje “Leisure Suit Preben” Video",http://vancouverweekly-local.local/todd-terje-leisure-suit-preben-video/,http://vancouverweekly-local.local/wp-admin/post.php?post=68669&action=edit,publish,1,0,0,image_free,https://web.archive.org/web/20140420074035im_/http://img.youtube.com/vi/XnMAc1Nns7E/0.jpg
68683,"TOQUE opens tonight at Western Front",http://vancouverweekly-local.local/toque-opens-tonight-at-western-front/,http://vancouverweekly-local.local/wp-admin/post.php?post=68683&action=edit,publish,1,0,0,image_free,https://web.archive.org/web/20151206103252im_/http://vancouverweekly-local.local/wp-content/uploads/2015/12/350C4144-200x300.jpg
68694,"Tower of Power anticipate ‘hungry’ Vancouver crowd",http://vancouverweekly-local.local/tower-of-power-anticipate-hungry-vancouver-crowd/,http://vancouverweekly-local.local/wp-admin/post.php?post=68694&action=edit,publish,1,0,0,image_free,https://web.archive.org/web/20150628164831im_/http://vancouverweekly-local.local/wp-content/uploads/2015/06/band_2014_full_ress-1024x682.jpg
68705,"Trans Mountain Expansion Project and its billion-dollar price tag",http://vancouverweekly-local.local/trans-mountain-expansion-project-and-its-billion-dollar-price-tag/,http://vancouverweekly-local.local/wp-admin/post.php?post=68705&action=edit,publish,1,0,0,image_free,https://web.archive.org/web/20150609075434im_/http://vancouverweekly-local.local/wp-content/uploads/2015/06/mg01-eng.jpg
68706,"Trans Mountain tells NEB pipeline expansion is ‘safe and viable option’",http://vancouverweekly-local.local/trans-mountain-tells-neb-pipeline-expansion-is-safe-and-viable-option/,http://vancouverweekly-local.local/wp-admin/post.php?post=68706&action=edit,publish,1,0,0,image_free,https://web.archive.org/web/20151101160000im_/http://vancouverweekly-local.local/wp-content/uploads/2015/08/CPT107294175_high.jpg
68707,"TransLink’s Busker Auditions Provide Entertainment Options for Commuters",http://vancouverweekly-local.local/translinks-busker-auditions-provide-entertainment-options-for-commuters/,http://vancouverweekly-local.local/wp-admin/post.php?post=68707&action=edit,publish,1,0,0,image_free,https://web.archive.org/web/20131209025208im_/http://vancouverweekly-local.local/wp-content/uploads/2013/12/busker2_edit.jpg
68713,"Tree “Stuck Down the Wrong Rabbit Hole” Video",http://vancouverweekly-local.local/tree-stuck-down-the-rabbit-hole-video/,http://vancouverweekly-local.local/wp-admin/post.php?post=68713&action=edit,publish,1,0,0,image_free,https://web.archive.org/web/20140307213829im_/http://img.youtube.com/vi/5p8r36r_maE/0.jpg
68719,"Trudeau says Liberal government would bolster National Energy Board reviews",http://vancouverweekly-local.local/trudeau-says-liberal-government-would-bolster-national-energy-board-reviews/,http://vancouverweekly-local.local/wp-admin/post.php?post=68719&action=edit,publish,1,0,0,image_free,https://web.archive.org/web/20150702130333im_/http://vancouverweekly-local.local/wp-content/uploads/2015/06/VCRD102282611_high.jpg
68723,"True Crime",http://vancouverweekly-local.local/truecrime-final-5/,http://vancouverweekly-local.local/wp-admin/post.php?post=68723&action=edit,publish,1,0,0,image_free,https://web.archive.org/web/20190131025349im_/http://vancouverweekly-local.local/wp-content/uploads/2018/12/DgD__MyA3x0rYKQpU-WjR_6C.jpg
68725,"Trust in the Dark",http://vancouverweekly-local.local/trust-dark/,http://vancouverweekly-local.local/wp-admin/post.php?post=68725&action=edit,publish,1,0,0,image_free,https://web.archive.org/web/20140507012944im_/http://vancouverweekly-local.local/wp-content/uploads/2014/05/trust-sethfluker2.jpg
68727,"TV Girl 101 with Brad Petering",http://vancouverweekly-local.local/tv-girl-101-with-brad-petering/,http://vancouverweekly-local.local/wp-admin/post.php?post=68727&action=edit,publish,1,0,0,image_free,https://web.archive.org/web/20150808044718im_/http://vancouverweekly-local.local/wp-content/uploads/2015/07/Pink-Logo-1024x1024.jpg
68739,"Ty Segall “The Man Man” Video",http://vancouverweekly-local.local/ty-segall-the-man-man-video/,http://vancouverweekly-local.local/wp-admin/post.php?post=68739&action=edit,publish,1,0,0,image_free,https://web.archive.org/web/20190822092120im_/http://vancouverweekly-local.local/wp-content/uploads/2015/12/Thomas-Creery_avatar-96x96.jpg
68742,"U.S. Vice-President Joe Biden meets with PM Stephen Harper before FIFA final",http://vancouverweekly-local.local/u-s-vice-president-joe-biden-meets-with-pm-stephen-harper-before-fifa-final/,http://vancouverweekly-local.local/wp-admin/post.php?post=68742&action=edit,publish,1,0,0,image_free,https://web.archive.org/web/20150809075550im_/http://vancouverweekly-local.local/wp-content/uploads/2015/07/DM101284004_high.jpg
68747,"Unclasping the Fuck Buttons",http://vancouverweekly-local.local/unclasping-fuck-buttons/,http://vancouverweekly-local.local/wp-admin/post.php?post=68747&action=edit,publish,1,0,0,image_free,https://web.archive.org/web/20140715024359im_/http://vancouverweekly-local.local/wp-content/uploads/2014/07/Fuck-Buttons-at-Glastonbury-2013-Photo-23350016-by-Alex-de-Mora.jpg
68749,"Under the Skin: What Does it Mean to Be Human?",http://vancouverweekly-local.local/under-the-skin-what-does-it-mean-to-be-human/,http://vancouverweekly-local.local/wp-admin/post.php?post=68749&action=edit,publish,1,0,0,image_free,https://web.archive.org/web/20151022195800im_/http://vancouverweekly-local.local/wp-content/uploads/2014/05/9.jpg
68760,"Upcoming Events",http://vancouverweekly-local.local/upcoming/,http://vancouverweekly-local.local/wp-admin/post.php?post=68760&action=edit,publish,1,0,0,image_free,https://web.archive.org/web/20120826153256im_/http://vanweekly.com/wordpress/wp-content/uploads/2012/08/LIVE-at-Squamish1-150x150.jpg
68774,"Vancouver artists could carve some good out of recent powerful windstorm",http://vancouverweekly-local.local/vancouver-artists-could-carve-some-good-out-of-recent-powerful-windstorm/,http://vancouverweekly-local.local/wp-admin/post.php?post=68774&action=edit,publish,1,0,0,image_free,https://web.archive.org/web/20150910223631im_/http://vancouverweekly-local.local/wp-content/uploads/2015/09/VCRD111295279_high.jpg
68788,"Vancouver Craft Beer Week Opening Night",http://vancouverweekly-local.local/vancouver-craft-beer-week-opening-night/,http://vancouverweekly-local.local/wp-admin/post.php?post=68788&action=edit,publish,1,0,0,image_free,https://web.archive.org/web/20140613083949im_/http://vancouverweekly-local.local/wp-content/uploads/2014/06/VCBW-Favorites-2013-23.jpg
68824,"Vancouver mayor sole Canadian in municipal climate-change group meeting Pope",http://vancouverweekly-local.local/vancouver-mayor-sole-canadian-in-municipal-climate-change-group-meeting-pope/,http://vancouverweekly-local.local/wp-admin/post.php?post=68824&action=edit,publish,1,0,0,image_free,https://web.archive.org/web/20150810011457im_/http://vancouverweekly-local.local/wp-content/uploads/2015/07/CPT108284414_high.jpg
68827,"Vancouver police want board to dismiss complaint about pot-shop enforcement",http://vancouverweekly-local.local/vancouver-police-want-board-to-dismiss-complaint-about-pot-shop-enforcement/,http://vancouverweekly-local.local/wp-admin/post.php?post=68827&action=edit,publish,1,0,0,image_free,https://web.archive.org/web/20151115000242im_/http://vancouverweekly-local.local/wp-content/uploads/2015/09/CPT126299227_high-300x197.jpg
68832,"Vancouver School Board Opportunity to Consider Passive House Construction Standards",http://vancouverweekly-local.local/vancouver-school-board-opportunity-to-consider-passive-house-construction-standards/,http://vancouverweekly-local.local/wp-admin/post.php?post=68832&action=edit,publish,1,0,0,image_free,https://web.archive.org/web/20131208155003im_/http://vancouverweekly-local.local/wp-content/uploads/2013/12/6325-Architype-2102.jpg
68833,"Vancouver searching for new city manager after announcing Penny Ballem out",http://vancouverweekly-local.local/vancouver-searching-for-new-city-manager-after-announcing-penny-ballem-out/,http://vancouverweekly-local.local/wp-admin/post.php?post=68833&action=edit,publish,1,0,0,image_free,https://web.archive.org/web/20150926210920im_/http://vancouverweekly-local.local/wp-content/uploads/2015/09/VCRD101298715_high.jpg
68842,"Vancouver Whitecaps enjoying life on top, but taking nothing for granted",http://vancouverweekly-local.local/vancouver-whitecaps-enjoying-life-on-top-but-taking-nothing-for-granted/,http://vancouverweekly-local.local/wp-admin/post.php?post=68842&action=edit,publish,1,0,0,image_free,https://web.archive.org/web/20150821171253im_/http://vancouverweekly-local.local/wp-content/uploads/2015/08/CPT122291540_high.jpg
68851,"Vancouver’s water shortage a wake-up call to residents and politicians: expert",http://vancouverweekly-local.local/vancouvers-water-shortage-a-wake-up-call-to-residents-and-politicians-expert/,http://vancouverweekly-local.local/wp-admin/post.php?post=68851&action=edit,publish,1,0,0,image_free,https://web.archive.org/web/20151012104603im_/http://vancouverweekly-local.local/wp-content/uploads/2015/07/20150724172207_VCRD125289164289587_high.jpg
68853,"The Vaselines: Take Them In While There Is Time",http://vancouverweekly-local.local/vaselines-take-time/,http://vancouverweekly-local.local/wp-admin/post.php?post=68853&action=edit,publish,1,0,0,image_free,https://web.archive.org/web/20150214085931im_/http://vancouverweekly-local.local/wp-content/uploads/2015/01/vaselines.jpg
68901,"Warrant shuts down Vancouver pot shop with alleged ties to organized crime",http://vancouverweekly-local.local/warrant-shuts-down-vancouver-pot-shop-with-alleged-ties-to-organized-crime/,http://vancouverweekly-local.local/wp-admin/post.php?post=68901&action=edit,publish,1,0,0,image_free,https://web.archive.org/web/20150817001849im_/http://vancouverweekly-local.local/wp-content/uploads/2015/06/Medical-marijuana-sign.jpg
68927,"West Side Story Commands the Stage",http://vancouverweekly-local.local/west-side-story-commands-the-stage/,http://vancouverweekly-local.local/wp-admin/post.php?post=68927&action=edit,publish,1,0,0,image_free,https://web.archive.org/web/20140318064207im_/http://vancouverweekly-local.local/wp-content/uploads/2014/02/WSS0021r_1-2.jpg
68939,"What’s so Hauntingly Interesting about the Blue Man Group?",http://vancouverweekly-local.local/whats-hauntingly-interesting-blue-man-group/,http://vancouverweekly-local.local/wp-admin/post.php?post=68939&action=edit,publish,1,0,0,image_free,https://web.archive.org/web/20140406104308im_/http://vancouverweekly-local.local/wp-content/uploads/2014/04/bluemangroup.png
68948,"White Cowbell Oklahoma is the Gunpowder in Your Thursday Night",http://vancouverweekly-local.local/white-cowbell-oklahoma-gunpowder-thursday-night/,http://vancouverweekly-local.local/wp-admin/post.php?post=68948&action=edit,publish,1,0,0,image_free,https://web.archive.org/web/20150302104745im_/http://vancouverweekly-local.local/wp-content/uploads/2014/11/wco.png
68949,"White Lung “I Believe You” Video",http://vancouverweekly-local.local/white-lung-believe-video/,http://vancouverweekly-local.local/wp-admin/post.php?post=68949&action=edit,publish,1,0,0,image_free,https://web.archive.org/web/20140919141154im_/http://img.youtube.com/vi/N2Go1cyucS4/0.jpg
68950,"White Lung “Drown with the Monster” Video",http://vancouverweekly-local.local/white-lung-drown-with-the-monster-video/,http://vancouverweekly-local.local/wp-admin/post.php?post=68950&action=edit,publish,1,0,0,image_free,https://web.archive.org/web/20151025223919im_/http://img.youtube.com/vi/56EZgZomML8/0.jpg
68951,"White Noise one-year anniversary expected to be a knock-out",http://vancouverweekly-local.local/white-noise-one-year-anniversary-expected-to-be-a-knock-out/,http://vancouverweekly-local.local/wp-admin/post.php?post=68951&action=edit,publish,1,0,0,image_free,https://web.archive.org/web/20150302061522im_/http://vancouverweekly-local.local/wp-content/uploads/2015/02/1-year.jpg
68956,"White Poppy “Without Answers” Video",http://vancouverweekly-local.local/white-poppy-without-answers-video/,http://vancouverweekly-local.local/wp-admin/post.php?post=68956&action=edit,publish,1,0,0,image_free,https://web.archive.org/web/20180512092735im_/http://vancouverweekly-local.local/wp-content/uploads/2016/05/Leslie-Ken-Chu_avatar_1463417842-164x164.jpg
68957,"Whitecaps beat Impact in second leg to win Amway Canadian Championship",http://vancouverweekly-local.local/whitecaps-beat-impact-in-second-leg-to-win-amway-canadian-championship/,http://vancouverweekly-local.local/wp-admin/post.php?post=68957&action=edit,publish,1,0,0,image_free,https://web.archive.org/web/20151013101207im_/http://vancouverweekly-local.local/wp-content/uploads/2015/08/VCRD127295030_high.jpg
68967,"Wicked Enchants Once Again",http://vancouverweekly-local.local/wicked-enchants/,http://vancouverweekly-local.local/wp-admin/post.php?post=68967&action=edit,publish,1,0,0,image_free,https://web.archive.org/web/20140613072225im_/http://vancouverweekly-local.local/wp-content/uploads/2014/06/4.200576.jpg
68971,"Wilco celebrate 20 years live at the Orpheum",http://vancouverweekly-local.local/wilco-celebrate-20-years-live-at-the-orpheum/,http://vancouverweekly-local.local/wp-admin/post.php?post=68971&action=edit,publish,1,0,0,image_free,https://web.archive.org/web/20151012155631im_/http://vancouverweekly-local.local/wp-content/uploads/2015/08/wil.jpg
69043,"Win Tickets to Hear Vancouver Gospel Choir’s Making Spirits Bright at Fraserview Church – December 12, 2014",http://vancouverweekly-local.local/win-tickets-hear-vancouver-gospel-choirs-making-spirits-bright-fraserview-church-december-12-2014/,http://vancouverweekly-local.local/wp-admin/post.php?post=69043&action=edit,publish,1,0,0,image_free,https://web.archive.org/web/20141201072632im_/http://vancouverweekly-local.local/wp-content/uploads/2014/11/Good-Noise-Vancouver-Gospel-Choir-Lindsey-Buchholz-Photographer-2_resized-copy.jpg
69170,"With Louder Than Bombs, Joachim Trier brings his carefully-observed dramatic direction from Norway to America",http://vancouverweekly-local.local/with-louder-than-bombs-joachim-trier-brings-his-carefully-observed-dramatic-direction-from-norway-to-america/,http://vancouverweekly-local.local/wp-admin/post.php?post=69170&action=edit,publish,1,0,0,image_free,https://web.archive.org/web/20151016120805im_/http://vancouverweekly-local.local/wp-content/uploads/2015/10/Louder-Than-Bombs.png
69173,"With The Pearl Button, Patricio Guzmán continues to delve into Chile’s fractured history",http://vancouverweekly-local.local/with-the-pearl-button-patricio-guzman-continues-to-delve-into-chiles-fractured-history/,http://vancouverweekly-local.local/wp-admin/post.php?post=69173&action=edit,publish,1,0,0,image_free,https://web.archive.org/web/20151001161251im_/http://vancouverweekly-local.local/wp-content/uploads/2015/09/The-Pearl-Button.png
69176,"Woman’s Hour “In Stillness We Remain” Video",http://vancouverweekly-local.local/womans-hour-stillness-remain-video/,http://vancouverweekly-local.local/wp-admin/post.php?post=69176&action=edit,publish,1,0,0,image_free,https://web.archive.org/web/20151013054556im_/http://img.youtube.com/vi/-j43DnACll0/0.jpg
69179,"Wooden Horseman – Drinking Gourd",http://vancouverweekly-local.local/wooden-horseman-drinking-gourd/,http://vancouverweekly-local.local/wp-admin/post.php?post=69179&action=edit,publish,1,0,0,image_free,https://web.archive.org/web/20140519080748im_/http://img.youtube.com/vi/yIN82Eh6TDs/0.jpg
69182,"Wooden Horsemen release new single “Head on a Plate”",http://vancouverweekly-local.local/wooden-horsemen-release-new-single-head-on-a-plate/,http://vancouverweekly-local.local/wp-admin/post.php?post=69182&action=edit,publish,1,0,0,image_free,https://web.archive.org/web/20151206103442im_/http://vancouverweekly-local.local/wp-content/uploads/2015/12/bandshot1-985x429.jpg
69190,"The Written Years, Little Wild, Greg Drummond at Fortune Soundclub",http://vancouverweekly-local.local/written-years-little-wild-greg-drummond-fortune-soundclub/,http://vancouverweekly-local.local/wp-admin/post.php?post=69190&action=edit,publish,1,35,0,mixed,https://web.archive.org/web/20190721230852im_/http://vancouverweekly-local.local/wp-content/uploads/2019/07/VFMF-2019-Big-Box-300X250.jpg
69192,"Wrongfully convicted B.C. man seeks compensation after 27 years behind bars",http://vancouverweekly-local.local/wrongfully-convicted-b-c-man-seeks-compensation-after-27-years-behind-bars/,http://vancouverweekly-local.local/wp-admin/post.php?post=69192&action=edit,publish,1,0,0,image_free,https://web.archive.org/web/20150910233915im_/http://vancouverweekly-local.local/wp-content/uploads/2015/08/CPT121295433_high-259x300.jpg
69197,"The Year in Photos – 2014",http://vancouverweekly-local.local/year-photos-2014/,http://vancouverweekly-local.local/wp-admin/post.php?post=69197&action=edit,publish,1,0,0,image_free,https://web.archive.org/web/20141225045240im_/http://vancouverweekly-local.local/wp-content/uploads/2014/12/1-Scimitar-Red-Room-Ultra-Bar-March-19.jpg
69200,"Yelle Is Tongue-In-Cheek in ‘Complètement Fou’",http://vancouverweekly-local.local/yelle-tongue-cheek-completement-fou/,http://vancouverweekly-local.local/wp-admin/post.php?post=69200&action=edit,publish,1,0,0,image_free,https://web.archive.org/web/20150511141151im_/http://vancouverweekly-local.local/wp-content/uploads/2014/09/unnamed2.jpg
69207,"Yukon Blonde at The Biltmore Cabaret",http://vancouverweekly-local.local/yukon-blonde-biltmore-cabaret/,http://vancouverweekly-local.local/wp-admin/post.php?post=69207&action=edit,publish,1,7,0,mixed,https://web.archive.org/web/20190807103353im_/http://vancouverweekly-local.local/wp-content/uploads/2019/07/VFMF-2019-Big-Box-300X250.jpg
69209,"Yuna Shines Brightest at the Media Club",http://vancouverweekly-local.local/yuna-shines-brightest-media-club/,http://vancouverweekly-local.local/wp-admin/post.php?post=69209&action=edit,publish,1,0,0,image_free,https://web.archive.org/web/20140307214616im_/http://vancouverweekly-local.local/wp-content/uploads/2014/02/yuna.png
69212,"Zachary Lucky – Across The Ocean",http://vancouverweekly-local.local/zachary-lucky-across-ocean/,http://vancouverweekly-local.local/wp-admin/post.php?post=69212&action=edit,publish,1,0,0,image_free,https://web.archive.org/web/20140403140117im_/http://img.youtube.com/vi/XOOnBmhCtKE/0.jpg
69213,"Zandi Dandizette: Beyond the 2D Wall",http://vancouverweekly-local.local/zandi-dandizette-beyond-2d-wall/,http://vancouverweekly-local.local/wp-admin/post.php?post=69213&action=edit,publish,1,0,0,image_free,https://web.archive.org/web/20141228075119im_/http://vancouverweekly-local.local/wp-content/uploads/2014/12/10644854_10204610412234002_2086748328901507412_n.jpg
69221,"ZZ Top at Queen Elizabeth Theatre",http://vancouverweekly-local.local/zz-top-queen-elizabeth-theatre/,http://vancouverweekly-local.local/wp-admin/post.php?post=69221&action=edit,publish,1,16,0,mixed,https://web.archive.org/web/20190721232712im_/http://vancouverweekly-local.local/wp-content/uploads/2019/07/VFMF-2019-Big-Box-300X250.jpg
65627,"Banks at Venue Nightclub",http://vancouverweekly-local.local/banks-venue-nightclub/,http://vancouverweekly-local.local/wp-admin/post.php?post=65627&action=edit,publish,1,11,0,mixed,https://web.archive.org/web/20190721232651im_/http://vancouverweekly-local.local/wp-content/uploads/2019/07/VFMF-2019-Big-Box-300X250.jpg
65752,"Bon Red with La Chinga at the Biltmore Cabaret",http://vancouverweekly-local.local/bon-red-la-chinga-biltmore-cabaret/,http://vancouverweekly-local.local/wp-admin/post.php?post=65752&action=edit,publish,1,27,0,mixed,https://web.archive.org/web/20190721063048im_/http://vancouverweekly-local.local/wp-content/uploads/2019/07/VFMF-2019-Big-Box-300X250.jpg
65787,"Brother Ali at The Biltmore Cabaret",http://vancouverweekly-local.local/brother-ali-biltmore-cabaret/,http://vancouverweekly-local.local/wp-admin/post.php?post=65787&action=edit,publish,1,0,0,image_free,https://web.archive.org/web/20190921150539im_/http://vancouverweekly-local.local/wp-content/uploads/2016/01/Jennifer-McInnis_avatar_1452543103-164x164.jpg
67308,"Old Crow Medicine Show at Orpheum",http://vancouverweekly-local.local/old-crow-medicine-show-orpheum/,http://vancouverweekly-local.local/wp-admin/post.php?post=67308&action=edit,publish,1,11,0,mixed,https://web.archive.org/web/20190721063100im_/http://vancouverweekly-local.local/wp-content/uploads/2019/07/VFMF-2019-Big-Box-300X250.jpg
67310,"Old Man Markley at the Biltmore Cabaret",http://vancouverweekly-local.local/old-man-markley-biltmore-cabaret/,http://vancouverweekly-local.local/wp-admin/post.php?post=67310&action=edit,publish,1,12,0,mixed,https://web.archive.org/web/20190722145738im_/http://vancouverweekly-local.local/wp-content/uploads/2019/07/VFMF-2019-Big-Box-300X250.jpg
68252,"Sex with Strangers Album Release at the Fox",http://vancouverweekly-local.local/sex-strangers-album-release-fox/,http://vancouverweekly-local.local/wp-admin/post.php?post=68252&action=edit,publish,1,11,0,mixed,https://web.archive.org/web/20190722141859im_/http://vancouverweekly-local.local/wp-content/uploads/2019/07/VFMF-2019-Big-Box-300X250.jpg
68383,"STEVE BROCKLEY BAND, THE RECKONERS and REAL PONCHOS",http://vancouverweekly-local.local/steve-brockley-band-reckoners-real-ponchos/,http://vancouverweekly-local.local/wp-admin/post.php?post=68383&action=edit,publish,1,23,0,mixed,https://web.archive.org/web/20190722142402im_/http://vancouverweekly-local.local/wp-content/uploads/2019/07/VFMF-2019-Big-Box-300X250.jpg
68670,"Tokyo Police Club, the Pack A.D., Said the Whale at The Commodore Ballroom",http://vancouverweekly-local.local/tokyo-police-club-pack-d-said-whale-commodore-ballroom/,http://vancouverweekly-local.local/wp-admin/post.php?post=68670&action=edit,publish,1,0,0,jig_noscript,https://web.archive.org/web/20141201072610im_/http://vancouverweekly-local.local/wp-content/uploads/2014/11/10446063_633550246754258_7679283797494730228_o-1024x682.jpg
65410,"24 Days: Kidnapping, Torture, and Acts of Barbarity",http://vancouverweekly-local.local/24-days-kidnapping-torture-acts-barbarity/,http://vancouverweekly-local.local/wp-admin/post.php?post=65410&action=edit,publish,1,0,0,image_free,https://web.archive.org/web/20151027204949im_/http://vancouverweekly-local.local/wp-content/uploads/2014/10/24Days.jpg
65457,"A Comedy of Errors with better looks than laughs",http://vancouverweekly-local.local/a-comedy-of-errors-with-better-looks-than-laughs/,http://vancouverweekly-local.local/wp-admin/post.php?post=65457&action=edit,publish,1,0,0,image_free,https://web.archive.org/web/20150804224403im_/http://vancouverweekly-local.local/wp-content/uploads/2015/06/IMG_1120_.jpg
65554,"An Introduction to Lemon Bucket Orkestra’s ‘Moorka’",http://vancouverweekly-local.local/an-introduction-to-lemon-bucket-orkestras-moorka/,http://vancouverweekly-local.local/wp-admin/post.php?post=65554&action=edit,publish,1,0,0,image_free,https://web.archive.org/web/20150403180253im_/http://vancouverweekly-local.local/wp-content/uploads/2015/03/TheLBO_Barnpic_Credit_EamonMacMahon.jpg
65617,"Backstreet Boys Extend Tour",http://vancouverweekly-local.local/backstreet-boys-extend-tour/,http://vancouverweekly-local.local/wp-admin/post.php?post=65617&action=edit,publish,1,0,0,image_free,https://web.archive.org/web/20140317221106im_/http://vancouverweekly-local.local/wp-content/uploads/2014/03/backstreetboys.jpg
65681,"Ben Arsenault – Basement Suite Blues",http://vancouverweekly-local.local/ben-arsenault-basement-suite-blues/,http://vancouverweekly-local.local/wp-admin/post.php?post=65681&action=edit,publish,1,0,0,image_free,https://web.archive.org/web/20140107053818im_/http://img.youtube.com/vi/oUYyjv5Cdxc/0.jpg
67329,"Open Letter: Energy Forum letter to Premier Christy Clark on B.C.’s rising emissions",http://vancouverweekly-local.local/open-letter-energy-forum-letter-to-premier-christy-clark-on-b-c-s-rising-emissions-55763-2/,http://vancouverweekly-local.local/wp-admin/post.php?post=67329&action=edit,publish,1,0,0,image_free,https://web.archive.org/web/20160623152148im_/http://1.gravatar.com/avatar/a1b6e19edbc51270be474cbf872e78c7?s=164&amp;d=mm&amp;r=g
67579,"Photos: Five Alarm Funk @ The Commodore Ballroom",http://vancouverweekly-local.local/photos-five-alarm-funk-the-commodore-ballroom60498-2/,http://vancouverweekly-local.local/wp-admin/post.php?post=67579&action=edit,publish,1,21,0,mixed,https://web.archive.org/web/20190719075303im_/http://vancouverweekly-local.local/wp-content/uploads/2019/07/VFMF-2019-Big-Box-300X250.jpg
68814,"Vancouver Folk Music Festival: Vancouver Welcomes a Vibrant Musical Lineup",http://vancouverweekly-local.local/vancouver-folk-music-festival-vancouver-welcomes-vibrant-musical-lineup/,http://vancouverweekly-local.local/wp-admin/post.php?post=68814&action=edit,publish,1,0,0,image_free,https://web.archive.org/web/20140708225550im_/http://vancouverweekly-local.local/wp-content/uploads/2014/06/RAZ_2618_vfmf-saturday_jul2013-HQ.jpg
69169,"With all eyes on Women’s World Cup, soccer union wants to increase support for female players",http://vancouverweekly-local.local/with-all-eyes-on-womens-world-cup-soccer-union-wants-to-increase-support-for-female-players/,http://vancouverweekly-local.local/wp-admin/post.php?post=69169&action=edit,publish,1,0,0,image_free,https://web.archive.org/web/20190921150612im_/https://secure.gravatar.com/avatar/dd77e0418e38f2fb6231c46cbd7c9107?s=164&amp;d=mm&amp;r=g
